Date,Mkt-RF,SMB,HML,RMW,CMA,RF,US_INDPRO,OECD_CLI_US,EA_INDPRO,CHINA_INDPRO,US_CPI,US_CORE_CPI,EA_HICP,CHINA_CPI,US_10Y,DE_10Y,JP_10Y,US_10Y_REAL,US_BREAKEVEN_5Y5Y,US_BREAKEVEN_10Y,FED_FUNDS,ECB_DEPO_RATE,JP_DISCOUNT_RATE,FED_BALANCE_SHEET,US_M2,EA_M2,CHINA_M2,DXY_BROAD,US_HY_OAS,EU_HY_OAS,VIX,BRENT_OIL,COPPER
1963-07-01,   -0.39,   -0.48,   -0.81,    0.64,   -1.15,    0.27,26.9545,100.265634286257,,,30.69,31.8,,,4.02,6.1,,,,,3.02,,5.839999999,,381.1,,,,,,,,
1963-08-01,    5.08,   -0.80,    1.70,    0.40,   -0.38,    0.25,27.0083,100.215900473568,,,30.75,31.9,,,4.0,6.1,,,,,3.49,,5.839999999,,383.6,,,,,,,,
1963-09-01,   -1.57,   -0.43,    0.00,   -0.78,    0.15,    0.27,27.2776,100.188923603532,,,30.72,31.9,,,4.08,6.1,,,,,3.48,,5.839999999,,386.0,,,,,,,,
1963-10-01,    2.54,   -1.34,   -0.04,    2.79,   -2.25,    0.29,27.4661,100.180463849728,,,30.75,32.0,,,4.11,6.1,,,,,3.5,,5.839999999,,388.3,,,,,,,,
1963-11-01,   -0.86,   -0.85,    1.73,   -0.43,    2.27,    0.27,27.6007,100.185543574803,,,30.78,32.0,,,4.12,6.0,,,,,3.48,,5.839999999,,391.5,,,,,,,,
1963-12-01,    1.83,   -1.89,   -0.21,    0.12,   -0.25,    0.29,27.5469,100.217871166436,,,30.88,32.1,,,4.13,6.0,,,,,3.38,,5.839999999,,393.2,,,,,,,,
1964-01-01,    2.27,    0.10,    1.63,    0.21,    1.48,    0.30,27.7892,100.288792681662,,,30.94,32.2,,,4.17,5.9,,,,,3.48,,5.839999999,,395.2,,,,,,,,
1964-02-01,    1.55,    0.33,    2.81,    0.11,    0.81,    0.26,27.9777,100.374975796002,,,30.91,32.2,,,4.15,5.9,,,,,3.48,,5.839999999,,397.6,,,,,,,,
1964-03-01,    1.41,    1.41,    3.29,   -2.03,    2.98,    0.31,27.9777,100.469718428187,,,30.94,32.2,,,4.22,6.0,,,,,3.43,,6.569999999,,399.8,,,,,,,,
1964-04-01,    0.11,   -1.48,   -0.54,   -1.32,   -1.13,    0.29,28.4355,100.563190344861,,,30.95,32.2,,,4.23,6.2,,,,,3.47,,6.569999999,,401.7,,,,,,,,
1964-05-01,    1.41,   -0.62,    1.81,   -0.15,    0.13,    0.26,28.597,100.648578060215,,,30.98,32.2,,,4.2,6.3,,,,,3.5,,6.569999999,,404.2,,,,,,,,
1964-06-01,    1.27,    0.13,    0.68,   -0.33,    0.10,    0.30,28.6778,100.72528259965,,,31.01,32.3,,,4.17,6.3,,,,,3.5,,6.569999999,,407.1,,,,,,,,
1964-07-01,    1.74,    0.50,    0.79,    0.15,    1.85,    0.30,28.8663,100.789045921757,,,31.02,32.3,,,4.19,6.3,,,,,3.42,,6.569999999,,410.1,,,,,,,,
1964-08-01,   -1.44,    0.29,    0.07,    0.15,    0.31,    0.28,29.0548,100.831288453597,,,31.05,32.3,,,4.19,6.3,,,,,3.5,,6.569999999,,413.4,,,,,,,,
1964-09-01,    2.69,   -0.34,    1.72,   -0.50,    0.56,    0.28,29.1625,100.873371088249,,,31.08,32.3,,,4.2,6.4,,,,,3.45,,6.569999999,,416.9,,,,,,,,
1964-10-01,    0.60,    0.90,    1.08,   -0.20,    0.52,    0.29,28.7586,100.921081992305,,,31.12,32.4,,,4.19,6.4,,,,,3.36,,6.569999999,,419.1,,,,,,,,
1964-11-01,   -0.01,   -0.24,   -2.04,    0.71,   -0.16,    0.29,29.6472,100.99100801084,,,31.21,32.5,,,4.15,6.4,,,,,3.52,,6.569999999,,422.1,,,,,,,,
1964-12-01,    0.04,   -0.65,   -2.43,    0.95,   -1.55,    0.31,29.9973,101.074781519777,,,31.25,32.5,,,4.18,6.4,,,,,3.85,,6.569999999,,424.8,,,,,,,,
1965-01-01,    3.54,    2.50,    0.36,    0.94,   -0.02,    0.28,30.3204,101.148999368904,,,31.28,32.6,,,4.19,6.4,,,,,3.9,,6.209999999,,427.5,,,,,,,,
1965-02-01,    0.44,    3.24,    0.22,    0.26,   -0.62,    0.30,30.5089,101.193178137162,,,31.28,32.6,,,4.21,6.5,,,,,3.98,,6.209999999,,430.4,,,,,,,,
1965-03-01,   -1.34,    2.08,    1.15,   -0.29,    0.65,    0.36,30.9128,101.194818728636,,,31.31,32.6,,,4.21,6.5,,,,,4.05,,6.209999999,,433.2,,,,,,,,
1965-04-01,    3.11,    1.14,    0.73,    0.29,   -2.27,    0.31,31.0474,101.150233300666,,,31.38,32.7,,,4.2,6.6,,,,,4.09,,5.839999999,,435.5,,,,,,,,
1965-05-01,   -0.78,    0.05,   -1.55,   -0.42,    0.59,    0.31,31.2898,101.078032767426,,,31.48,32.7,,,4.21,6.9,,,,,4.1,,5.839999999,,437.1,,,,,,,,
1965-06-01,   -5.51,   -4.20,    0.23,    0.24,    0.43,    0.35,31.5321,101.011192109964,,,31.61,32.7,,,4.21,7.1,,,,,4.05,,5.479999999,,440.1,,,,,,,,
1965-07-01,    1.44,    1.10,    2.19,   -1.41,   -0.08,    0.31,31.8283,100.987382326181,,,31.58,32.7,,,4.2,7.2,,,,,4.09,,5.479999999,,442.9,,,,,,,,
1965-08-01,    2.73,    2.77,   -0.98,    2.03,   -0.81,    0.33,31.963,101.026304399882,,,31.55,32.7,,,4.25,7.3,,,,,4.12,,5.479999999,,445.8,,,,,,,,
1965-09-01,    2.86,    0.70,   -0.14,   -0.85,    0.73,    0.31,32.0438,101.134590505827,,,31.62,32.8,,,4.29,7.4,,,,,4.02,,5.479999999,,449.5,,,,,,,,
1965-10-01,    2.60,    3.45,    1.55,    1.19,   -0.76,    0.31,32.3669,101.300360093223,,,31.65,32.8,,,4.35,7.5,,,,,4.08,,5.479999999,,452.6,,,,,,,,
1965-11-01,   -0.02,    5.22,    0.16,   -1.08,   -0.87,    0.35,32.5015,101.496554667728,,,31.75,32.9,,,4.45,7.5,,,,,4.1,,5.479999999,,455.7,,,,,,,,
1965-12-01,    1.01,    2.62,    2.15,   -1.30,   -0.55,    0.33,32.9054,101.684044051108,,,31.85,33.0,,,4.62,7.7,,,,,4.32,,5.479999999,,459.2,,,,,,,,
1966-01-01,    0.72,    4.85,    3.27,   -2.65,   -0.26,    0.38,33.2286,101.81594872238,,,31.88,33.0,,,4.61,7.6,,,,,4.42,,5.479999999,,462.0,,,,,,,,
1966-02-01,   -1.21,    4.79,    0.38,   -0.16,   -1.45,    0.35,33.444,101.845665093574,,,32.08,33.1,,,4.83,7.6,,,,,4.6,,5.479999999,,464.6,,,,,,,,
1966-03-01,   -2.51,    0.21,   -2.13,    1.29,   -0.05,    0.38,33.9018,101.747848634779,,,32.18,33.1,,,4.87,7.7,,,,,4.66,,5.479999999,,467.2,,,,,,,,
1966-04-01,    2.13,    3.33,   -0.36,    0.42,   -0.92,    0.34,33.9556,101.525220955843,,,32.28,33.3,,,4.75,8.0,,,,,4.67,,5.479999999,,469.3,,,,,,,,
1966-05-01,   -5.67,   -5.11,   -1.60,    1.64,   -1.48,    0.41,34.2787,101.203129227026,,,32.35,33.4,,,4.78,8.2,,,,,4.9,,5.479999999,,470.1,,,,,,,,
1966-06-01,   -1.44,    1.32,    0.49,    0.08,    0.79,    0.38,34.4403,100.843207139196,,,32.38,33.5,,,4.81,8.4,,,,,5.17,,5.479999999,,471.2,,,,,,,,
1966-07-01,   -1.63,   -0.38,    0.91,   -0.38,    1.74,    0.35,34.6288,100.475172980781,,,32.45,33.6,,,5.02,8.6,,,,,5.3,,5.479999999,,470.8,,,,,,,,
1966-08-01,   -7.94,   -3.15,    0.50,   -0.64,    0.77,    0.41,34.6557,100.118859303208,,,32.65,33.7,,,5.22,8.6,,,,,5.53,,5.479999999,,472.6,,,,,,,,
1966-09-01,   -1.06,   -1.02,    0.48,   -1.19,    2.35,    0.40,34.9789,99.7791671169134,,,32.75,33.8,,,5.18,8.5,,,,,5.4,,5.479999999,,475.4,,,,,,,,
1966-10-01,    3.86,   -6.48,    2.74,   -3.91,    4.23,    0.45,35.2212,99.450701799326,,,32.85,34.0,,,5.01,8.4,,,,,5.53,,5.479999999,,475.7,,,,,,,,
1966-11-01,    1.38,    3.34,   -4.63,    4.66,   -6.51,    0.40,34.9788,99.1468401657509,,,32.88,34.0,,,5.16,8.2,,,,,5.76,,5.479999999,,477.3,,,,,,,,
1966-12-01,    0.13,    1.88,   -0.95,    0.17,   -0.16,    0.40,35.0596,98.8882063408288,,,32.92,34.1,,,4.84,7.7,,,,,5.4,,5.479999999,,480.2,,,,,,,,
1967-01-01,    8.15,    8.98,    2.36,    1.29,   -3.06,    0.43,35.225,98.6997135310458,,,32.9,34.2,,,4.58,7.5,,,,,4.94,,5.479999999,,481.6,,,,,,,,
1967-02-01,    0.77,    3.01,   -2.26,    1.66,   -0.93,    0.36,34.8255,98.5992998525386,,,33.0,34.2,,,4.63,7.4,,,,,5.0,,5.479999999,,485.1,,,,,,,,
1967-03-01,    4.00,    1.77,    0.47,    0.82,   -1.50,    0.39,34.6292,98.6174073514142,,,33.0,34.3,,,4.54,7.2,,,,,4.53,,5.479999999,,489.7,,,,,,,,
1967-04-01,    3.89,    0.43,   -2.29,    3.09,   -3.72,    0.32,34.9558,98.7577618358888,,,33.1,34.4,,,4.59,6.9,,,,,4.05,,5.479999999,,492.1,,,,,,,,
1967-05-01,   -4.32,    2.45,    0.80,   -1.19,    1.62,    0.33,34.6508,99.0067656447841,,,33.1,34.5,,,4.85,6.9,,,,,3.94,,5.479999999,,497.2,,,,,,,,
1967-06-01,    2.42,    6.42,    0.80,   -0.84,   -2.49,    0.27,34.6465,99.3171933727393,,,33.3,34.6,,,5.02,6.9,,,,,3.98,,5.479999999,,502.0,,,,,,,,
1967-07-01,    4.58,    3.58,    2.75,    0.45,    2.66,    0.32,34.5676,99.6494743247332,,,33.4,34.7,,,5.16,6.9,,,,,3.79,,5.479999999,,506.3,,,,,,,,
1967-08-01,   -0.90,    0.77,    1.43,    0.30,    1.35,    0.31,35.2299,99.9697025461088,,,33.5,34.9,,,5.28,6.8,,,,,3.9,,5.479999999,,510.8,,,,,,,,
1967-09-01,    3.11,    2.43,   -2.47,    0.22,   -0.93,    0.32,35.1727,100.245509651542,,,33.6,35.0,,,5.3,6.7,,,,,3.99,,5.839999999,,514.7,,,,,,,,
1967-10-01,   -3.08,    0.57,   -3.29,    0.97,   -2.74,    0.39,35.4591,100.464921684399,,,33.7,35.1,,,5.48,6.7,,,,,3.88,,5.839999999,,518.2,,,,,,,,
1967-11-01,    0.37,   -0.06,   -1.71,    1.31,   -2.28,    0.36,35.9663,100.6235350995,,,33.9,35.2,,,5.75,6.8,,,,,4.13,,5.839999999,,521.2,,,,,,,,
1967-12-01,    3.05,    5.59,   -0.54,   -0.74,   -0.03,    0.33,36.3536,100.722718071644,,,34.0,35.4,,,5.7,6.8,,,,,4.51,,5.839999999,,524.8,,,,,,,,
1968-01-01,   -4.03,    4.68,    4.85,   -4.89,    6.46,    0.40,36.3145,100.758841217726,,,34.1,35.5,,,5.53,6.7,,,,,4.61,,6.209999999,,527.4,,,,,,,,
1968-02-01,   -3.74,   -2.92,    1.23,   -0.08,    2.46,    0.39,36.4446,100.762369948934,,,34.2,35.7,,,5.56,6.7,,,,,4.71,,6.209999999,,530.4,,,,,,,,
1968-03-01,    0.21,   -1.55,   -0.63,    1.07,   -1.15,    0.38,36.5584,100.754237771497,,,34.3,35.8,,,5.74,6.7,,,,,5.05,,6.209999999,,533.2,,,,,,,,
1968-04-01,    9.01,    6.17,   -1.10,    2.79,   -3.73,    0.43,36.6113,100.746843503355,,,34.4,35.9,,,5.64,6.6,,,,,5.76,,6.209999999,,535.7,,,,,,,,
1968-05-01,    2.28,    6.97,    0.82,    0.49,   -1.92,    0.45,37.022,100.748575955417,,,34.5,36.0,,,5.87,6.4,,,,,6.12,,6.209999999,,538.9,,,,,,,,
1968-06-01,    0.70,   -0.33,    0.66,   -1.56,    2.80,    0.43,37.158,100.773376836946,,,34.7,36.2,,,5.72,6.4,,,,,6.07,,6.209999999,,542.6,,,,,,,,
1968-07-01,   -2.69,   -1.39,    5.31,   -3.18,    3.79,    0.48,37.101,100.83490452014,,,34.9,36.4,,,5.5,6.4,,,,,6.03,,6.209999999,,545.6,,,,,,,,
1968-08-01,    1.35,    2.33,    0.99,   -0.66,    0.47,    0.42,37.2045,100.944678176286,,,35.0,36.5,,,5.42,6.3,,,,,6.03,,5.839999999,,549.4,,,,,,,,
1968-09-01,    4.05,    2.81,    0.30,   -1.94,    0.87,    0.43,37.3454,101.102576027789,,,35.1,36.7,,,5.46,6.3,,,,,5.78,,5.839999999,,553.5,,,,,,,,
1968-10-01,    0.44,   -0.43,    2.82,   -1.36,    2.84,    0.44,37.4196,101.259765053302,,,35.3,36.9,,,5.58,6.3,,,,,5.91,,5.839999999,,557.6,,,,,,,,
1968-11-01,    5.42,    2.39,   -0.96,    0.44,   -2.51,    0.42,37.9036,101.35853462214,,,35.4,37.1,,,5.7,6.3,,,,,5.82,,5.839999999,,562.4,,,,,,,,
1968-12-01,   -3.93,    3.55,    0.04,   -1.91,    1.93,    0.43,38.0233,101.378467526878,,,35.6,37.2,,,6.03,6.3,,,,,6.02,,5.839999999,,566.9,,,,,,,,
1969-01-01,   -1.25,   -0.42,    1.66,   -1.52,    1.29,    0.53,38.2533,101.324244606251,,,35.7,37.3,,,6.04,6.3,,,,,6.3,,5.839999999,,569.3,,,,,,,,
1969-02-01,   -5.86,   -4.16,    0.89,    1.99,    0.75,    0.46,38.4981,101.204208418502,,,35.8,37.6,,,6.19,6.3,,,,,6.61,,5.839999999,,571.9,,,,,,,,
1969-03-01,    2.67,   -0.51,   -0.42,   -1.34,   -0.44,    0.46,38.8,101.028070358153,,,36.1,37.8,,,6.3,6.4,,,,,6.79,,5.839999999,,574.4,,,,,,,,
1969-04-01,    1.47,   -0.78,    0.02,    0.28,   -0.16,    0.53,38.6573,100.797413529116,,,36.3,38.1,,,6.17,6.5,,,,,7.41,,5.839999999,,575.7,,,,,,,,
1969-05-01,   -0.10,   -0.18,    0.62,   -0.87,    1.05,    0.48,38.5111,100.51775033672,,,36.4,38.1,,,6.32,6.5,,,,,8.67,,5.839999999,,576.5,,,,,,,,
1969-06-01,   -7.18,   -5.47,   -1.10,    4.27,   -1.63,    0.51,38.8874,100.234298670008,,,36.6,38.3,,,6.57,6.7,,,,,8.9,,5.839999999,,578.5,,,,,,,,
1969-07-01,   -7.00,   -3.39,    1.18,    1.51,    1.84,    0.53,39.0927,99.9829646268178,,,36.8,38.5,,,6.72,6.9,,,,,8.61,,5.839999999,,579.5,,,,,,,,
1969-08-01,    4.69,    0.58,   -3.75,    1.06,   -3.98,    0.50,39.1825,99.7732001929967,,,36.9,38.7,,,6.69,6.9,,,,,9.19,,5.839999999,,580.1,,,,,,,,
1969-09-01,   -2.97,    1.29,   -3.22,    3.36,   -0.62,    0.62,39.1737,99.5819006634971,,,37.1,38.9,,,7.16,7.2,,,,,9.15,,6.25,,582.1,,,,,,,,
1969-10-01,    5.05,    3.91,   -3.12,    0.08,   -2.08,    0.60,39.1852,99.3740219664792,,,37.3,39.1,,,7.1,7.4,,,,,9.0,,6.25,,583.4,,,,,,,,
1969-11-01,   -3.80,   -2.42,   -1.25,    1.40,    0.21,    0.52,38.8158,99.1299790143754,,,37.5,39.2,,,7.14,7.4,,,,,8.85,,6.25,,585.4,,,,,,,,
1969-12-01,   -2.63,   -3.72,   -2.88,    2.55,   -1.92,    0.64,38.7116,98.8457999015666,,,37.7,39.4,,,7.65,7.6,,,,,8.97,,6.25,,587.9,,,,,,,,
1970-01-01,   -8.11,    3.08,    3.17,   -1.75,    3.96,    0.60,37.9948,98.5302220469321,,,37.9,39.6,,,7.79,7.6,,,,,8.98,,6.25,,589.6,,,,,,,,
1970-02-01,    5.14,   -2.57,    3.69,   -2.41,    2.87,    0.62,37.9698,98.2179728410634,,,38.1,39.8,,,7.24,7.8,,,,,8.98,,6.25,,586.3,,,,,,,,
1970-03-01,   -1.06,   -2.42,    4.08,   -1.06,    4.42,    0.57,37.9205,97.9393930066586,,,38.3,40.1,,,7.07,8.1,,,,,7.76,,6.25,,587.3,,,,,,,,
1970-04-01,  -10.99,   -6.34,    6.14,   -0.63,    5.90,    0.50,37.823,97.720738735524,,,38.5,40.4,,,7.39,8.1,,,,,8.1,,6.25,,588.4,,,,,,,,
1970-05-01,   -6.91,   -4.46,    3.32,   -1.29,    3.79,    0.53,37.7789,97.5910336311,,,38.6,40.5,,,7.91,8.4,,,,,7.95,,6.25,,591.5,,,,,,,,
1970-06-01,   -5.80,   -2.10,    0.44,    0.14,    2.71,    0.58,37.6567,97.5419666534358,,,38.8,40.8,,,7.84,8.7,,,,,7.61,,6.25,,595.2,,,,,,,,
1970-07-01,    6.92,   -0.66,    0.93,   -0.30,    1.72,    0.52,37.7491,97.5442733702499,,,38.9,40.9,,,7.46,8.7,,,,,7.21,,6.25,,599.1,,,,,,,,
1970-08-01,    4.50,    1.44,    1.41,    0.57,   -0.14,    0.53,37.6818,97.5892633934335,,,39.0,41.1,,,7.53,8.4,,,,,6.62,,6.25,,604.9,,,,,,,,
1970-09-01,    4.18,    8.50,   -5.41,    0.25,   -5.98,    0.54,37.4221,97.6951186323003,,,39.2,41.3,,,7.39,8.5,,,,,6.29,,6.25,,611.2,,,,,,,,
1970-10-01,   -2.28,   -4.36,    0.21,    1.81,    2.25,    0.46,36.6735,97.8941348496451,,,39.4,41.5,,,7.33,8.7,,,,,6.2,,6.0,,616.4,,,,,,,,
1970-11-01,    4.62,   -3.88,    1.58,    1.53,    1.39,    0.46,36.4514,98.2243759070509,,,39.6,41.8,,,6.84,8.6,,,,,5.6,,6.0,,621.1,,,,,,,,
1970-12-01,    5.74,    2.89,    1.04,    0.28,    0.30,    0.42,37.2885,98.6771840498611,,,39.8,42.0,,,6.39,8.2,,,,,4.9,,6.0,,626.6,,,,,,,,
1971-01-01,    4.83,    7.44,    1.55,   -2.02,   -0.06,    0.38,37.5753,99.1699088247922,,,39.9,42.1,,,6.24,7.7,,,,,4.14,,5.75,,633.0,,,,,,,,
1971-02-01,    1.41,    2.01,   -1.24,    0.64,   -0.80,    0.33,37.5037,99.6099627248387,,,39.9,42.2,,,6.11,7.7,,,,,3.72,,5.75,,641.0,,,,,,,,
1971-03-01,    4.12,    2.22,   -3.95,    1.78,   -2.65,    0.30,37.4631,99.9388769456141,,,40.0,42.2,,,5.7,7.9,,,,,3.71,,5.75,,649.9,,,,,,,,
1971-04-01,    3.15,   -0.36,    0.86,   -1.46,    0.85,    0.28,37.6735,100.153049190451,,,40.1,42.4,,,5.83,7.9,,,,,4.16,,5.75,,658.4,,,,,,,,
1971-05-01,   -4.00,   -1.12,   -1.33,    1.49,    0.20,    0.29,37.8646,100.263298211155,,,40.3,42.6,,,6.39,8.0,,,,,4.63,,5.5,,666.7,,,,,,,,
1971-06-01,   -0.09,   -1.51,   -1.97,    1.58,   -1.67,    0.37,38.0234,100.302276571295,,,40.5,42.8,,,6.52,8.2,,,,,4.91,,5.5,,673.0,,,,,,,,
1971-07-01,   -4.49,   -1.43,   -0.02,    0.58,    1.39,    0.40,37.9131,100.311446186822,,,40.6,42.9,,,6.73,8.3,,,,,5.31,,5.25,,679.6,,,,,,,,
1971-08-01,    3.79,   -0.23,    2.64,   -0.43,    2.59,    0.47,37.693,100.335356246004,,,40.7,43.0,,,6.58,8.3,,,,,5.57,,5.25,,685.5,,,,,,,,
1971-09-01,   -0.86,    0.26,   -2.90,    2.54,   -1.58,    0.37,38.3056,100.420055764368,,,40.8,43.0,,,6.14,8.1,,,,,5.55,,5.25,,692.5,,,,,,,,
1971-10-01,   -4.42,   -1.59,   -0.51,    1.56,   -1.39,    0.37,38.5924,100.59936976527,,,40.9,43.1,,,5.93,8.0,,,,,5.2,,5.25,,698.4,,,,,,,,
1971-11-01,   -0.46,   -2.86,   -1.67,    2.41,   -0.44,    0.37,38.7561,100.887089151355,,,41.0,43.2,,,5.81,7.9,,,,,4.91,,5.25,,704.6,,,,,,,,
1971-12-01,    8.71,    3.24,   -0.38,   -0.43,   -1.68,    0.37,39.2035,101.264342474037,,,41.1,43.3,,,5.93,7.9,,,,,4.14,,4.75,,710.3,,,,,,,,
1972-01-01,    2.47,    6.09,    2.12,   -1.69,    0.54,    0.29,40.1408,101.659434068447,,,41.2,43.5,,,5.95,7.6,,,,,3.51,,4.75,,717.7,,,,,,,,
1972-02-01,    2.87,    0.87,   -2.83,    1.69,   -0.50,    0.25,40.5459,102.012189225868,,,41.4,43.6,,,6.08,7.3,,,,,3.3,,4.75,,725.7,,,,,,,,
1972-03-01,    0.62,   -0.47,   -1.61,    1.58,   -0.20,    0.27,40.8263,102.288152927451,,,41.4,43.6,,,6.07,7.4,,,,,3.83,,4.75,,733.5,,,,,,,,
1972-04-01,    0.29,    0.27,    0.03,   -0.41,   -1.06,    0.29,41.2348,102.491359137752,,,41.5,43.8,,,6.19,7.7,,,,,4.17,,4.75,,738.4,,,,,,,,
1972-05-01,    1.29,   -3.12,   -2.72,    2.40,   -1.97,    0.30,41.2405,102.647239486343,,,41.6,43.9,,,6.13,7.8,,,,,4.27,,4.75,,743.3,,,,,,,,
1972-06-01,   -2.46,   -0.43,   -2.46,    1.78,   -0.35,    0.29,41.3497,102.785062462355,,,41.7,44.0,,,6.11,7.9,,,,,4.46,,4.25,,749.7,,,,,,,,
1972-07-01,   -0.80,   -2.79,    0.60,    1.20,   -0.71,    0.31,41.3035,102.941369574365,,,41.8,44.1,,,6.11,8.0,,,,,4.55,,4.25,,759.5,,,,,,,,
1972-08-01,    3.27,   -3.46,    4.56,   -2.04,    2.90,    0.29,41.879,103.139918524132,,,41.9,44.3,,,6.21,7.9,,,,,4.81,,4.25,,768.7,,,,,,,,
1972-09-01,   -1.14,   -2.24,    0.49,    1.65,   -1.97,    0.34,42.2132,103.359377252057,,,42.1,44.3,,,6.55,7.9,,,,,4.87,,4.25,,778.3,,,,,,,,
1972-10-01,    0.52,   -2.55,    1.22,   -0.11,    0.03,    0.40,42.7494,103.564747553828,,,42.2,44.4,,,6.48,8.0,,,,,5.05,,4.25,,786.9,,,,,,,,
1972-11-01,    4.59,   -0.59,    4.88,   -1.98,    3.34,    0.37,43.2548,103.728524881816,,,42.4,44.4,,,6.28,8.4,,,,,5.06,,4.25,,793.9,,,,,,,,
1972-12-01,    0.62,   -1.89,   -2.18,    2.58,   -2.14,    0.37,43.7367,103.814885890635,,,42.5,44.6,,,6.36,8.6,,,,,5.33,,4.25,,802.3,,,,,,,,
1973-01-01,   -3.28,   -2.82,    2.70,    0.40,    0.90,    0.44,44.0529,103.799621155891,,,42.7,44.6,,,6.46,8.6,,,,,5.94,,4.25,,810.3,,,,,,,,
1973-02-01,   -4.85,   -3.94,    1.64,   -0.29,    0.05,    0.42,44.6827,103.672398506283,,,43.0,44.8,,,6.64,8.6,,,,,6.58,,4.25,,814.1,,,,,,,,
1973-03-01,   -1.30,   -2.29,    2.57,   -0.96,    0.50,    0.46,44.7045,103.430640047907,,,43.4,45.0,,,6.71,8.6,,,,,7.09,,4.25,,815.3,,,,,,,,
1973-04-01,   -5.68,   -2.92,    5.39,   -1.55,    2.52,    0.52,44.6387,103.092337351578,,,43.7,45.1,,,6.67,8.8,,,,,7.12,,5.0,,819.7,,,,,,,,
1973-05-01,   -2.97,   -6.12,    0.38,    1.97,   -1.70,    0.51,44.9429,102.696092834775,,,43.9,45.3,,,6.85,9.2,,,,,7.84,,5.5,,826.8,,,,,,,,
1973-06-01,   -1.57,   -2.48,    1.14,   -0.20,    0.09,    0.51,45.0035,102.289628851053,,,44.2,45.4,,,6.9,9.9,,,,,8.49,,5.5,,833.2,,,,,,,,
1973-07-01,    5.04,    7.19,   -5.26,   -0.09,   -3.23,    0.64,45.1636,101.911374670045,,,44.2,45.5,,,7.13,9.9,,,,,10.4,,6.0,,836.5,,,,,,,,
1973-08-01,   -3.82,   -1.78,    1.03,   -1.32,    1.25,    0.70,45.1019,101.584201400923,,,45.0,45.7,,,7.4,9.8,,,,,10.5,,7.0,,838.8,,,,,,,,
1973-09-01,    4.74,    3.58,    2.22,   -2.22,    1.75,    0.68,45.4624,101.323028182963,,,45.2,46.0,,,7.09,9.6,,,,,10.78,,7.0,,839.3,,,,,,,,
1973-10-01,   -0.83,   -0.27,    1.66,   -1.99,    2.73,    0.65,45.847,101.111165682834,,,45.6,46.3,,,6.79,9.7,,,,,10.01,,7.0,,842.6,,,,,,,,
1973-11-01,  -12.79,   -7.28,    4.09,   -2.77,    1.64,    0.56,46.0553,100.902696379425,,,45.9,46.5,,,6.73,9.4,,,,,10.03,,7.0,,848.9,,,,,,,,
1973-12-01,    0.59,   -4.72,    4.01,   -2.89,    2.42,    0.64,45.923,100.680282965458,,,46.3,46.7,,,6.74,9.6,,,,,9.95,,9.0,,855.5,,,,,,,,
1974-01-01,   -0.16,   10.39,    5.95,   -2.92,    4.49,    0.63,45.6204,100.453863287835,,,46.8,46.9,,,6.99,9.6,,,,,9.65,,9.0,,859.7,,,,,,,,
1974-02-01,   -0.46,    0.12,    2.47,   -1.85,    2.67,    0.58,45.4759,100.197067477713,,,47.3,47.2,,,6.96,9.9,,,,,8.97,,9.0,,864.2,,,,,,,,
1974-03-01,   -2.82,    2.62,   -0.14,    2.90,    0.45,    0.56,45.4777,99.8889312785282,,,47.8,47.6,,,7.21,10.5,,,,,9.35,,9.0,,870.1,,,,,,,,
1974-04-01,   -5.28,   -0.67,    0.92,    2.71,    2.13,    0.75,45.3451,99.5122917997615,,,48.1,47.9,,,7.51,10.4,,,,,10.51,,9.0,,872.9,,,,,,,,
1974-05-01,   -4.70,   -3.06,   -2.08,    5.01,   -0.33,    0.75,45.7044,99.0745286427017,,,48.6,48.5,,,7.58,10.6,,,,,11.31,,9.0,,874.6,,,,,,,,
1974-06-01,   -2.84,   -0.05,    0.83,    0.50,    2.98,    0.60,45.6238,98.5881410716679,,,49.0,49.0,,,7.54,10.7,,,,,11.93,,9.0,,877.8,,,,,,,,
1974-07-01,   -8.06,    1.84,    5.16,   -3.20,    4.50,    0.70,45.7221,98.0665224279033,,,49.3,49.5,,,7.81,10.8,,,,,12.92,,9.0,,881.4,,,,,,,,
1974-08-01,   -9.39,    0.28,    2.61,   -0.29,    2.59,    0.60,45.2366,97.5130417722684,,,49.9,50.2,,,8.04,10.8,,,,,12.01,,9.0,,884.1,,,,,,,,
1974-09-01,  -11.78,    1.47,    5.43,   -4.33,    5.82,    0.81,45.2365,96.9391847690482,,,50.6,50.7,,,8.04,10.8,,,,,11.34,,9.0,,887.9,,,,,,,,
1974-10-01,   16.10,   -6.78,   -9.91,   -0.29,   -2.91,    0.51,45.1133,96.3996045679203,,,51.0,51.2,,,7.9,10.8,,,,,10.06,,9.0,,893.3,,,,,,,,
1974-11-01,   -4.53,   -1.41,   -0.25,   -3.42,    2.90,    0.54,43.6278,95.9430360930555,,,51.5,51.6,,,7.68,10.5,,,,,9.45,,9.0,,898.6,,,,,,,,
1974-12-01,   -3.45,   -4.27,    0.12,   -0.76,    3.38,    0.70,42.0533,95.6370421031834,,,51.9,52.0,,,7.43,9.9,,,,,8.53,,9.0,,902.1,,,,,,,,
1975-01-01,   13.67,   12.88,    8.26,   -0.54,   -1.05,    0.58,41.4676,95.5424448017599,,,52.3,52.3,,,7.5,9.4,,,,,7.13,,9.0,,906.3,,,,,,,,
1975-02-01,    5.56,   -0.69,   -4.47,    1.17,   -2.11,    0.43,40.5165,95.6489433868873,,,52.6,52.8,,,7.39,8.9,,,,,6.24,,9.0,,914.1,,,,,,,,
1975-03-01,    2.66,    3.97,    2.42,    1.25,   -1.34,    0.41,40.0638,95.9244086422488,,,52.8,53.0,,,7.73,8.9,,,,,5.54,,9.0,,925.0,,,,,,,,
1975-04-01,    4.22,   -0.69,   -1.13,    1.39,   -1.37,    0.44,40.1573,96.3343821711615,,,53.0,53.3,,,8.23,8.8,,,,,5.49,,8.5,,935.1,,,,,,,,
1975-05-01,    5.20,    2.98,   -4.05,   -1.13,   -0.56,    0.44,40.0253,96.8144957926147,,,53.1,53.5,,,8.06,8.6,,,,,5.22,,8.5,,947.9,,,,,,,,
1975-06-01,    4.87,    1.33,    1.35,   -2.70,    1.07,    0.41,40.2772,97.3191012186142,,,53.5,53.8,,,7.86,8.4,,,,,5.55,,8.0,,963.0,,,,,,,,
1975-07-01,   -6.60,    3.40,    1.76,    0.46,    1.24,    0.48,40.6994,97.8174726167996,,,54.0,54.0,,,8.06,8.5,,,,,6.1,,8.0,,975.1,,,,,,,,
1975-08-01,   -2.84,   -2.77,   -0.91,    1.10,   -0.99,    0.48,41.0998,98.2843950086698,,,54.2,54.2,,,8.4,8.5,,,,,6.14,,7.5,,983.1,,,,,,,,
1975-09-01,   -4.26,   -0.02,    0.33,    0.57,    0.57,    0.53,41.6304,98.7178996877247,,,54.6,54.5,,,8.43,8.5,,,,,6.24,,7.5,,991.5,,,,,,,,
1975-10-01,    5.32,   -4.25,    0.35,   -0.50,    2.28,    0.56,41.8135,99.1296916112567,,,54.9,54.8,,,8.14,8.5,,,,,5.82,,6.5,,997.8,,,,,,,,
1975-11-01,    2.65,   -1.10,    2.03,   -0.66,    1.74,    0.41,41.8697,99.5328322241406,,,55.3,55.2,,,8.05,8.6,,,,,5.22,,6.5,,1007.0,,,,,,,,
1975-12-01,   -1.60,   -0.16,    1.70,   -0.11,    0.77,    0.48,42.4414,99.9351030531579,,,55.6,55.5,,,8.0,8.5,,,,,5.2,,6.5,,1016.3,,,,,,,,
1976-01-01,   12.16,    6.39,    8.63,   -1.75,    2.33,    0.47,43.0012,100.320482858949,,,55.8,55.9,,,7.74,8.3,,,,,4.87,,6.5,,1026.7,,,,,,,,
1976-02-01,    0.32,    7.91,    5.71,   -2.53,    3.70,    0.34,43.4229,100.645911509326,,,55.9,56.2,,,7.79,8.2,,,,,4.77,,6.5,,1040.3,,,,,,,,
1976-03-01,    2.32,   -1.38,   -0.11,   -0.38,    0.99,    0.40,43.5168,100.878072277195,,,56.0,56.5,,,7.73,7.9,,,,,4.84,,6.5,,1049.9,,,,,,,,
1976-04-01,   -1.48,    0.10,   -0.16,    0.45,   -1.05,    0.42,43.7327,101.01763810242,,,56.1,56.7,,,7.56,7.9,,,,,4.82,,6.5,,1060.8,,,,,,,,
1976-05-01,   -1.35,   -1.09,   -1.29,    2.43,   -1.39,    0.37,43.9186,101.077303817828,,,56.4,57.0,,,7.9,8.1,,,,,5.29,,6.5,,1072.1,,,,,,,,
1976-06-01,    4.05,   -1.07,    0.73,   -0.66,    1.02,    0.43,43.9637,101.085327912841,,,56.7,57.2,,,7.86,8.2,,,,,5.48,,6.5,,1077.6,,,,,,,,
1976-07-01,   -1.06,    0.61,    1.74,   -1.03,    0.30,    0.47,44.2141,101.06607244151,9.65899546447172,,57.0,57.6,,,7.83,8.4,,,,,5.31,,6.5,,1086.3,,,,,,,,
1976-08-01,   -0.57,   -2.02,    0.79,   -0.40,   -0.57,    0.42,44.5182,101.03638907251,8.18694066953927,,57.3,57.9,,,7.77,8.3,,,,,5.29,,6.5,,1098.7,,,,,,,,
1976-09-01,    2.04,    0.20,   -0.31,    0.98,   -1.14,    0.44,44.6721,101.025097151011,10.5411686586986,,57.6,58.2,,,7.59,8.1,,,,,5.25,,6.5,,1110.8,,,,,,,,
1976-10-01,   -2.42,    0.05,   -0.17,   -0.19,   -0.37,    0.41,44.6585,101.055807875808,9.04489795918366,,57.9,58.5,,,7.41,8.0,,,,,5.02,,6.5,,1125.0,,,,,,,,
1976-11-01,    0.37,    2.70,    1.53,   -1.31,    0.07,    0.40,45.3392,101.152262193701,8.82591093117409,,58.1,58.7,,,7.29,7.6,,,,,4.95,,6.5,,1138.3,,,,,,,,
1976-12-01,    5.65,    3.60,    2.23,   -0.72,    2.41,    0.40,45.8294,101.30768346115,8.12550281576829,,58.4,58.9,,,6.87,7.4,,,,,4.65,,6.5,,1152.1,,,,,,,,
1977-01-01,   -4.04,    5.91,    4.32,   -0.54,    1.93,    0.36,45.5087,101.4912104951,8.51097677378299,,58.7,59.3,,,7.21,7.2,,,,,4.61,,6.5,,1165.2,,,,,,,,
1977-02-01,   -1.94,    1.05,    0.45,   -0.21,   -0.19,    0.35,46.2277,101.678994731529,6.86057540309833,,59.3,59.7,,,7.39,7.2,,,,,4.68,,6.5,,1177.5,,,,,,,,
1977-03-01,   -1.35,    1.29,    1.09,   -0.32,   -0.11,    0.38,46.8185,101.843759562486,5.86754758533899,,59.6,60.0,,,7.46,7.0,,,,,4.69,,6.0,,1188.4,,,,,,,,
1977-04-01,    0.15,    0.60,    3.38,   -1.98,    1.04,    0.38,47.2684,101.953192160498,4.55180984930868,,60.0,60.3,,,7.37,6.6,,,,,4.73,,5.0,,1199.6,,,,,,,,
1977-05-01,   -1.47,    1.37,    0.81,    0.43,    0.22,    0.37,47.6411,102.000766815842,1.8450747179018,,60.2,60.6,,,7.46,6.5,,,,,5.35,,5.0,,1209.0,,,,,,,,
1977-06-01,    4.72,    2.10,   -0.62,    0.91,   -1.27,    0.40,48.0116,101.987988034053,1.38761817627326,,60.5,61.0,,,7.28,6.6,,,,,5.39,,5.0,,1217.8,,,,,,,,
1977-07-01,   -1.69,    1.81,   -0.60,    0.76,    0.12,    0.42,48.073,101.928154804215,0.934436274509792,,60.8,61.2,,,7.33,6.4,,,,,5.42,,5.0,,1226.8,,,,,,,,
1977-08-01,   -1.76,    0.93,   -2.77,    1.03,   -0.67,    0.44,48.1205,101.844351042532,2.31311274509802,,61.1,61.5,,,7.4,6.2,,,,,5.9,,5.0,,1237.1,,,,,,,,
1977-09-01,   -0.27,    1.62,   -0.26,    0.91,   -0.65,    0.43,48.3189,101.765792602782,0.465535365670522,,61.3,61.8,,,7.34,6.2,,,,,6.14,,4.25,,1246.3,,,,,,,,
1977-10-01,   -4.39,    1.41,    1.62,   -0.08,   -0.46,    0.49,48.3871,101.709973604913,0.0,,61.6,62.0,,,7.52,6.2,,,,,6.47,,4.25,,1254.0,,,,,,,,
1977-11-01,    4.02,    3.60,    0.23,   -0.08,    0.68,    0.50,48.4761,101.678048753659,-1.35416666666666,,62.0,62.3,,,7.58,6.2,,,,,6.51,,4.25,,1262.4,,,,,,,,
1977-12-01,    0.27,    1.61,   -0.29,    0.93,   -0.66,    0.49,48.5629,101.672350883,0.0,,62.3,62.7,,,7.69,6.1,,,,,6.56,,4.25,,1270.4,,,,,,,,
1978-01-01,   -5.99,    2.76,    3.38,   -1.79,    1.56,    0.49,47.8481,101.695673175999,-1.04090309338806,,62.7,63.1,,,7.96,5.9,,,,,6.7,,4.25,,1279.7,,,,,,,,
1978-02-01,   -1.39,    3.70,    0.81,    0.30,    1.05,    0.46,48.1044,101.74200390489,-1.03550295857988,,63.0,63.4,,,8.03,5.8,,,,,6.78,,4.25,,1285.4,,,,,,,,
1978-03-01,    2.85,    3.65,    1.15,   -0.55,    2.00,    0.53,49.0265,101.840865603323,-1.35215453194652,,63.4,63.8,,,8.04,5.7,,,,,6.79,,3.5,,1292.1,,,,,,,,
1978-04-01,    7.87,   -0.32,   -3.54,    2.88,   -1.27,    0.54,50.0206,101.979631373152,1.64933135215453,,63.9,64.3,,,8.15,5.7,,,,,6.89,,3.5,,1300.3,,,,,,,,
1978-05-01,    1.76,    4.54,   -0.55,    0.20,    0.29,    0.51,50.254,102.121475318572,0.913310375804767,,64.5,64.7,,,8.35,5.9,,,,,7.36,,3.5,,1310.5,,,,,,,,
1978-06-01,   -1.69,    1.64,    0.60,   -1.41,   -0.12,    0.54,50.5801,102.227858157138,1.21822830500826,,65.0,65.2,,,8.46,6.0,,,,,7.6,,3.5,,1318.5,,,,,,,,
1978-07-01,    5.12,    0.17,   -1.00,    1.47,   -0.73,    0.56,50.5384,102.275658845619,3.52101988162088,,65.5,65.6,,,8.64,6.2,,,,,7.81,,3.5,,1324.2,,,,,,,,
1978-08-01,    3.79,    4.93,   -0.66,    1.57,    0.50,    0.56,50.7458,102.254811933904,2.72495882617159,,65.9,66.1,,,8.41,6.4,,,,,8.04,,3.5,,1333.5,,,,,,,,
1978-09-01,   -1.45,   -0.38,    1.88,   -0.69,    1.57,    0.62,50.8744,102.165930178743,3.91629297458892,,66.5,66.7,,,8.42,6.3,,,,,8.45,,3.5,,1345.1,,,,,,,,
1978-10-01,  -11.91,  -10.04,    1.26,    0.17,    1.14,    0.68,51.2559,102.014781075457,3.78799221440336,,67.1,67.2,,,8.64,6.4,,,,,8.96,,3.5,,1352.4,,,,,,,,
1978-11-01,    2.72,    2.90,   -2.08,    1.09,   -1.19,    0.70,51.6514,101.821600124367,5.02338210891536,,67.5,67.6,,,8.81,6.6,,,,,9.76,,3.5,,1359.2,,,,,,,,
1978-12-01,    0.88,    1.01,   -2.14,    2.01,   -1.47,    0.78,51.909,101.621922129042,6.75595238095239,,67.9,68.0,,,9.01,6.7,,,,,10.03,,3.5,,1366.1,,,,,,,,
1979-01-01,    4.22,    3.74,    2.19,   -2.40,    1.58,    0.77,51.6278,101.445063907594,2.23703703703704,,68.5,68.5,,,9.1,6.8,,,,,10.07,,3.5,,1371.6,,,,,,,,
1979-02-01,   -3.56,    0.53,    1.17,   -1.11,    0.96,    0.73,51.8752,101.273180280974,4.51420029895365,,69.2,69.2,,,9.1,7.1,,,,,10.06,,3.5,,1377.7,,,,,,,,
1979-03-01,    5.67,    3.17,   -0.68,    0.54,    0.29,    0.81,52.0446,101.075388793514,6.38650399156501,,69.9,69.8,,,9.12,7.2,,,,,10.09,,3.5,,1387.7,,,,,,,,
1979-04-01,   -0.07,    2.40,    1.12,    1.14,    0.24,    0.80,51.4193,100.837858758468,3.8298494372168,,70.6,70.3,,,9.18,7.3,,,,,10.01,,4.25,,1402.1,,,,,,,,
1979-05-01,   -2.21,    0.18,    1.32,   -1.56,   -0.31,    0.82,51.8856,100.579266942072,5.83086053412464,,71.4,70.8,,,9.25,7.8,,,,,10.24,,4.25,,1410.2,,,,,,,,
1979-06-01,    3.84,    0.94,    1.42,   -1.58,   -0.56,    0.81,51.8965,100.310726273117,7.19167904903418,,72.2,71.3,,,8.91,8.0,,,,,10.29,,4.25,,1423.0,,,,,,,,
1979-07-01,    0.83,    1.27,    1.79,   -0.44,    0.52,    0.77,51.8097,100.045126020709,5.7616185310072,,73.0,71.9,,,8.95,7.9,,,,,10.47,,5.25,,1434.8,,,,,,,,
1979-08-01,    5.54,    1.85,   -1.58,    1.50,   -1.46,    0.77,51.4684,99.7940606873952,5.74260311907886,,73.7,72.7,,,9.03,7.6,,,,,10.94,,5.25,,1446.6,,,,,,,,
1979-09-01,   -0.83,   -0.28,   -0.94,    0.84,    0.50,    0.83,51.4597,99.5482441628863,4.50230149597239,,74.4,73.3,,,9.33,7.5,,,,,11.43,,5.25,,1454.2,,,,,,,,
1979-10-01,   -8.10,   -3.49,   -1.83,    0.96,    0.14,    0.87,51.8334,99.2879430213092,3.92383150605884,,75.2,74.0,,,10.3,7.7,,,,,13.77,,5.25,,1460.4,,,,,,,,
1979-11-01,    5.23,    2.51,   -3.21,   -0.03,   -1.83,    0.99,51.7531,99.0110015034348,4.6394714162597,,76.0,74.8,,,10.65,8.0,,,,,13.18,,6.25,,1465.9,,,,,,,,
1979-12-01,    1.78,    4.27,   -2.13,   -0.67,   -1.01,    0.95,51.7878,98.7243781091008,2.67633119598551,,76.9,75.7,,,10.39,7.9,,,,,13.78,,6.25,,1473.9,,,,,,,,
1980-01-01,    5.50,    1.88,    1.85,   -1.84,    1.89,    0.80,52.0679,98.4296101639647,3.69259987173974,,78.0,76.7,,,10.8,8.0,,,,,13.82,,6.25,,1482.7,1080273000000.0,,,,,,,
1980-02-01,   -1.23,   -1.62,    0.59,   -0.95,    2.92,    0.89,52.082,98.1096694975889,1.4683267799654,,79.0,77.5,,,12.41,8.4,,,,,14.13,,7.25,,1494.4,1080016000000.0,,,,,,,
1980-03-01,  -12.89,   -6.97,   -0.96,    1.82,   -1.05,    1.21,51.87,97.8046415810218,0.497113032026083,,80.1,78.6,,,12.75,9.4,,,,,17.19,,9.0,,1499.7,1090055000000.0,,,,,,,
1980-04-01,    3.96,    1.05,    1.03,   -2.18,    0.34,    1.26,50.8397,97.6368603411223,-0.29925257331973,,80.9,79.5,,,11.47,9.4,,,,,17.61,,9.0,,1502.2,1092061000000.0,,,,,,,
1980-05-01,    5.26,    2.00,    0.38,    0.43,   -0.63,    0.81,49.589,97.6977207026634,-1.85377131232584,,81.7,80.1,,,10.18,8.3,,,,,10.98,,9.0,,1512.4,1097620000000.0,,,,,,,
1980-06-01,    2.97,    1.46,   -0.80,   -0.20,   -0.81,    0.61,48.9482,98.0206348671815,-2.39454822561063,,82.5,81.0,,,9.78,8.1,,,,,9.47,,9.0,,1529.2,1112044000000.0,,,,,,,
1980-07-01,    6.51,    3.74,   -6.29,    4.06,   -2.44,    0.53,48.6039,98.5342830834869,-3.24235677417701,,82.6,80.8,,,10.25,7.9,,,,,9.03,,9.0,,1545.5,1117561000000.0,,,,,,,
1980-08-01,    1.75,    4.23,   -2.46,    2.05,   -0.73,    0.64,48.7563,99.1110448394843,-1.93689735097308,,83.2,81.3,,,11.1,7.8,,,,,9.61,,8.25,,1561.5,1117515000000.0,,,,,,,
1980-09-01,    2.19,    0.63,   -4.61,    1.90,   -2.86,    0.75,49.5608,99.6141938426167,-5.08359119217141,,83.9,82.1,,,11.51,8.1,,,,,10.87,,8.25,,1574.0,1124085000000.0,,,,,,,
1980-10-01,    1.04,    2.21,   -2.93,    1.77,   -1.43,    0.95,50.1908,99.9446147075904,-4.14835183745132,,84.7,83.0,,,11.75,8.3,,,,,12.81,,8.25,,1584.7,1128916000000.0,,,,,,,
1980-11-01,    9.60,   -3.27,   -8.11,    4.26,   -5.52,    0.96,51.0311,100.076525017395,-4.36273076770363,,85.6,83.9,,,12.68,8.6,,,,,15.85,,7.25,,1595.7,1154240000000.0,,,,,,,
1980-12-01,   -4.46,   -0.28,    2.80,   -1.27,    1.27,    1.31,51.3708,100.055224693435,-5.40270859595444,,86.4,84.9,,,12.84,8.8,,,,,18.9,,7.25,,1599.9,1198035000000.0,,,,,,,
1981-01-01,   -5.06,    3.30,    6.74,   -3.38,    4.27,    1.04,51.0415,99.9567972312044,-4.30961839412543,,87.2,85.4,,,12.57,9.0,,,,,19.08,,7.25,,1607.0,1185788000000.0,,,,,,,
1981-02-01,    0.61,   -0.65,    0.97,    0.26,    2.06,    1.07,50.824,99.8330931240869,-1.90626517727051,,88.0,85.9,,,13.19,9.8,,,,,15.93,,7.25,,1618.6,1191439000000.0,,,,,,,
1981-03-01,    3.66,    2.85,    0.61,   -2.27,   -0.56,    1.21,51.0826,99.7091781730066,-3.21601941747572,,88.6,86.4,,,13.12,10.2,,,,,14.7,,6.25,,1636.5,1195068000000.0,,,,,,,
1981-04-01,   -2.16,    4.72,    2.28,    0.81,    1.54,    1.08,50.858,99.553897285993,-2.90718890645907,,89.1,87.0,,,13.68,10.0,,,,,15.72,,6.25,,1659.2,1201981000000.0,,,,,,,
1981-05-01,    0.13,    2.36,   -0.43,    0.47,   -1.78,    1.15,51.1495,99.3375344650645,-0.455272548295797,,89.7,87.8,,,14.1,10.5,,,,,18.52,,6.25,,1664.3,1216320000000.0,,,,,,,
1981-06-01,   -2.34,   -0.93,    5.14,   -1.29,    2.69,    1.35,51.4101,99.0751109424422,-2.04306337166626,,90.5,88.6,,,13.47,10.5,,,,,19.1,,6.25,,1670.4,1224320000000.0,,,,,,,
1981-07-01,   -1.55,   -1.95,   -0.61,    1.08,   -2.66,    1.24,51.7471,98.7995711539331,-0.468962112797719,,91.5,89.8,,,14.28,10.5,,,,,19.04,,6.25,,1681.9,1224131000000.0,,,,,,,
1981-08-01,   -7.02,   -1.82,    4.71,   -0.31,    1.38,    1.28,51.6826,98.514402783159,-4.01985712556,,92.2,90.7,,,14.94,10.7,,,,,17.82,,6.25,,1694.3,1222519000000.0,,,,,,,
1981-09-01,   -7.20,   -2.46,    5.11,    0.08,    2.53,    1.24,51.4337,98.1969887186499,0.624609618988137,,93.1,91.8,,,15.32,10.6,,,,,15.87,,6.25,,1706.0,1235503000000.0,,,,,,,
1981-10-01,    4.92,    2.28,   -4.09,    3.12,   -2.79,    1.21,51.0281,97.8589966856836,0.948103792415166,,93.4,92.1,,,15.15,10.2,,,,,15.08,,6.25,,1721.7,1239115000000.0,,,,,,,
1981-11-01,    3.40,   -1.58,    1.91,    0.14,    1.00,    1.07,50.435,97.5213810511412,-0.791295746785359,,93.8,92.5,,,13.39,9.9,,,,,13.31,,6.25,,1736.0,1256082000000.0,,,,,,,
1981-12-01,   -3.63,    1.18,    0.79,    0.21,    2.45,    0.87,49.8987,97.2106701825971,-1.75547039189023,,94.1,93.0,,,13.72,9.7,,,,,12.37,,5.5,,1755.5,1308299000000.0,,,,,,,
1982-01-01,   -3.23,   -1.10,    3.19,   -1.43,    1.95,    0.80,48.8685,96.9204118241502,0.893194112466988,,94.4,93.3,,,14.59,9.8,,,,,13.22,,5.5,,1770.4,1304501000000.0,,,,,,,
1982-02-01,   -5.86,    0.40,    6.09,   -3.55,    4.57,    0.92,49.8636,96.6448477508578,-1.75764327268227,,94.7,93.8,,,14.43,9.7,,,,,14.78,,5.5,,1774.4,1308889000000.0,,,,,,,
1982-03-01,   -1.82,    0.02,    3.76,   -1.28,    2.37,    0.98,49.5323,96.4205531968184,-0.6394984326019,,94.7,93.9,,,13.86,9.4,,,,,14.68,,5.5,,1786.4,1313237000000.0,,,,,,,
1982-04-01,    3.24,    1.21,   -3.08,    1.50,   -0.05,    1.13,49.075,96.2782835162444,0.275620145327022,,95.0,94.7,,,13.87,8.9,,,,,14.94,,5.5,,1804.0,1321306000000.0,,,,,,,
1982-05-01,   -3.93,    0.41,    1.78,    0.96,   -0.12,    1.06,48.7483,96.2257340877204,-2.17552533992584,,95.9,95.4,,,13.62,8.7,,,,,14.45,,5.5,,1815.7,1333498000000.0,,,,,,,
1982-06-01,   -3.08,   -0.51,    1.56,    0.09,    2.53,    0.96,48.6214,96.2653990702421,-2.98488822280505,,97.0,96.1,,,14.3,9.1,,,,,14.15,,5.5,,1826.2,1348117000000.0,,,,,,,
1982-07-01,   -3.20,    1.01,    0.07,    1.00,    1.44,    1.05,48.4616,96.3842614040128,-3.12461252324861,,97.5,96.7,,,13.95,9.3,,,,,12.59,,5.5,,1831.6,1354396000000.0,,,,,,,
1982-08-01,   11.15,   -4.46,    1.09,   -1.85,    0.17,    0.76,48.0192,96.569011275009,-2.4851772423363,,97.7,97.1,,,13.06,9.0,,,,,10.12,,5.5,,1845.1,1358537000000.0,,,,,,,
1982-09-01,    1.32,    2.55,    0.23,    2.16,   -0.02,    0.51,47.9008,96.8247827686046,-3.26505276225945,,97.7,97.2,,,12.34,8.6,,,,,10.31,,5.5,,1858.3,1370312000000.0,,,,,,,
1982-10-01,   11.24,    1.96,   -3.62,    0.20,   -0.30,    0.59,47.4371,97.1469802400446,-4.634206623826,,98.1,97.5,,,10.91,8.3,,,,,9.71,,5.5,,1869.4,1378429000000.0,,,,,,,
1982-11-01,    4.68,    4.39,   -1.80,   -1.02,    0.29,    0.63,47.283,97.5480387189615,-4.7357926221336,,98.0,97.3,,,10.55,8.2,,,,,9.2,,5.5,,1883.4,1391951000000.0,,,,,,,
1982-12-01,    0.56,   -0.14,   -0.06,    0.00,    1.00,    0.67,46.9485,98.0371840717893,-4.46709450106959,,97.7,97.2,,,10.54,7.9,,,,,8.95,,5.5,,1905.9,1449908000000.0,,,,,,,
1983-01-01,    3.59,    3.41,   -0.72,   -1.52,   -0.56,    0.69,47.8234,98.6016554894088,-4.03990024937657,,97.9,97.6,,,10.46,7.8,,,,,8.68,,5.5,,1959.4,1442306000000.0,,,,,,,
1983-02-01,    2.59,    2.88,    0.66,   -0.36,    1.01,    0.62,47.5233,99.2146613320764,-2.62063752047373,,98.0,98.0,,,10.72,7.8,,,,,8.51,,5.5,,1996.7,1444592000000.0,,,,,,,
1983-03-01,    2.81,    1.37,    2.06,   -0.19,    2.80,    0.63,47.9244,99.8457499016385,-1.5522463402322,,98.1,98.2,,,10.51,7.6,,,,,8.77,,5.5,,2015.2,1441222000000.0,,,,,,,
1983-04-01,    6.65,    0.43,    0.43,   -0.07,    1.51,    0.71,48.5311,100.461906871589,-2.88605697151426,,98.8,98.6,,,10.4,7.7,,,,,8.8,,5.5,,2028.9,1450437000000.0,,,,,,,
1983-05-01,    0.51,    6.26,   -1.40,   -1.81,   -1.43,    0.69,48.8239,101.028436067551,-1.57947940358858,,99.2,98.9,,,10.38,7.8,,,,,8.63,,5.5,,2043.6,1460615000000.0,,,,,,,
1983-06-01,    3.07,    1.16,   -3.89,    2.55,   -0.78,    0.67,49.123,101.512825620802,1.02986611740476,,99.4,99.2,,,10.85,8.2,,,,,8.98,,5.5,,2053.8,1474462000000.0,,,,,,,
1983-07-01,   -4.06,    1.05,    5.54,   -0.07,    2.88,    0.74,49.8546,101.898757611229,-0.102393446819414,,99.8,99.8,,,11.38,8.2,,,,,9.37,,5.5,,2064.9,1487081000000.0,,,,,,,
1983-08-01,   -0.50,   -4.32,    5.59,    0.52,    1.85,    0.76,50.4443,102.186704552189,1.50064683053038,,100.1,100.1,,,11.85,8.4,,,,,9.56,,5.5,,2073.9,1482811000000.0,,,,,,,
1983-09-01,    0.91,    0.30,    0.99,    1.21,    0.50,    0.76,51.178,102.396916154582,1.73254620123202,,100.4,100.5,,,11.65,8.5,,,,,9.45,,5.5,,2083.0,1487292000000.0,,,,,,,
1983-10-01,   -3.43,   -3.75,    4.96,   -0.82,    3.00,    0.76,51.5693,102.537299842189,2.42322145911623,,100.8,101.0,,,11.54,8.3,,,,,9.48,,5.0,,2098.8,1500376000000.0,,,,,,,
1983-11-01,    2.16,    1.87,   -0.73,   -0.68,    0.64,    0.70,51.7993,102.613305055485,4.4086865515437,,101.1,101.5,,,11.69,8.3,,,,,9.34,,5.0,,2111.9,1516045000000.0,,,,,,,
1983-12-01,   -1.77,   -0.42,    1.75,    1.55,    1.33,    0.73,52.0594,102.626942813932,6.28292939936775,,101.4,101.8,,,11.83,8.4,,,,,9.47,,5.0,,2123.4,1579251000000.0,,,,,,,
1984-01-01,   -1.92,    0.00,    7.48,   -0.88,    2.88,    0.76,53.0985,102.582308835901,4.17099792099792,,102.1,102.5,,,11.67,8.4,,,,,9.56,,5.0,,2138.0,1560794000000.0,,,,,,,
1984-02-01,   -4.76,   -1.58,    3.41,    1.04,    1.51,    0.71,53.3318,102.468703710749,3.42864536162505,,102.6,102.8,,,11.84,8.2,,,,,9.59,,5.0,,2158.2,1556309000000.0,,,,,,,
1984-03-01,    0.65,   -0.25,    0.53,   -0.97,    1.15,    0.73,53.5929,102.279042769959,2.20484553262402,,102.9,103.2,,,12.32,8.1,,,,,9.91,,5.0,,2175.3,1555115000000.0,,,,,,,
1984-04-01,   -0.51,   -0.94,    1.19,    3.30,    0.77,    0.81,53.91,102.021973875108,2.47008876881514,,103.3,103.7,,,12.63,8.1,,,,,10.29,,5.0,,2192.1,1567986000000.0,,,,,,,
1984-05-01,   -5.98,    0.14,    0.26,    2.41,   -0.51,    0.78,54.2026,101.726849100344,3.86442418795738,,103.5,104.1,,,13.41,8.2,,,,,10.32,,5.0,,2204.8,1576865000000.0,,,,,,,
1984-06-01,    1.81,    0.16,   -2.75,    3.08,   -1.57,    0.75,54.4014,101.417608388503,-2.10244648318043,,103.7,104.5,,,13.56,8.2,,,,,11.06,,5.0,,2215.6,1590888000000.0,,,,,,,
1984-07-01,   -2.72,   -2.21,    0.39,    3.52,   -2.16,    0.82,54.5521,101.126169136277,4.08712363869315,,104.1,105.0,,,13.36,8.2,,,,,11.23,,5.0,,2223.6,1601634000000.0,,,,,,,
1984-08-01,   10.27,   -0.28,   -1.74,   -0.73,   -0.91,    0.83,54.6083,100.871453437502,5.82462401223552,,104.4,105.4,,,12.72,8.1,,,,,11.64,,5.0,,2230.2,1596946000000.0,,,,,,,
1984-09-01,   -0.80,   -0.04,    5.25,    1.37,    2.39,    0.86,54.4466,100.6702707809,4.27652327488333,,104.7,105.8,,,12.52,7.8,,,,,11.3,,5.0,,2244.2,1623248000000.0,,,,,,,
1984-10-01,   -0.84,   -1.34,    0.59,    1.14,   -1.04,    1.00,54.4406,100.529125255017,3.65637651821865,,105.1,106.2,,,12.16,7.6,,,,,9.99,,5.0,,2258.4,1623302000000.0,,,,,,,
1984-11-01,   -1.77,   -1.06,    3.87,    0.80,    1.95,    0.73,54.624,100.434152733335,2.25535647162011,,105.3,106.4,,,11.57,7.4,,,,,9.43,,5.0,,2280.9,1634801000000.0,,,,,,,
1984-12-01,    1.84,   -0.74,   -0.29,    1.28,   -1.28,    0.64,54.6416,100.363791105905,2.42904944850666,,105.5,106.8,,,11.5,7.2,,,,,8.38,,5.0,,2306.3,1710855000000.0,,,,,,,
1985-01-01,    7.97,    3.45,   -5.21,   -0.99,   -3.46,    0.65,54.6322,100.309502274723,3.95287120759693,,105.7,107.1,,,11.38,7.3,,,,,8.35,,5.0,,2332.1,1693243000000.0,,,,,,,
1985-02-01,    1.22,    0.97,   -0.24,    1.42,    1.10,    0.58,54.7825,100.258240757282,3.85987158753885,,106.3,107.7,,,11.51,7.6,,,,,8.5,,5.0,,2353.9,1696299000000.0,,,,,,,
1985-03-01,   -0.84,   -1.38,    4.01,    1.23,    2.86,    0.62,54.8653,100.215928749672,4.94878940377603,,106.8,108.1,,,11.86,7.7,,,,,8.58,,5.0,,2366.3,1700498000000.0,,,,,,,
1985-04-01,   -0.96,   -0.14,    3.60,    1.62,    0.71,    0.72,54.7459,100.181526187385,3.94652467369197,,107.0,108.4,,,11.43,7.4,,,,,8.27,,5.0,,2375.8,1706597000000.0,,,,,,,
1985-05-01,    5.07,   -2.36,   -0.98,    1.27,   -1.43,    0.66,54.8255,100.151126911305,3.70362857093865,,107.2,108.8,,,10.85,7.2,,,,,7.97,,5.0,,2390.4,1703110000000.0,,,,,,,
1985-06-01,    1.27,    0.21,    0.38,    1.69,   -1.02,    0.55,54.7989,100.124970291898,8.26043828711757,,107.5,109.1,,,10.16,7.1,,,,,7.53,,5.0,,2413.3,1726676000000.0,,,,,,,
1985-07-01,   -0.72,    2.85,   -1.62,   -0.36,   -0.37,    0.62,54.5396,100.092983504341,3.29819418800795,,107.7,109.4,,,10.31,6.9,,,,,7.88,,5.0,,2429.6,1729206000000.0,,,,,,,
1985-08-01,   -1.01,   -0.30,    2.34,   -0.16,    1.93,    0.55,54.7055,100.064151003566,1.22503782103247,,107.9,109.8,,,10.33,6.7,,,,,7.9,,5.0,,2443.9,1720281000000.0,,,,,,,
1985-09-01,   -4.50,   -1.84,    1.21,    1.11,    1.58,    0.60,54.8906,100.04368068093,1.53769862153616,,108.1,110.0,,,10.37,6.5,,,,,7.92,,5.0,,2456.2,1737336000000.0,,,,,,,
1985-10-01,    4.00,   -1.47,    0.77,    0.88,   -1.06,    0.65,54.7199,100.037937036855,3.36339390349219,,108.5,110.5,,,10.24,6.7,,,,,7.99,,5.0,,2467.6,1738990000000.0,,,,,,,
1985-11-01,    6.46,   -0.05,   -2.91,    0.32,   -2.35,    0.61,54.9124,100.05324103126,4.72174122552238,,109.0,111.1,,,9.78,6.8,,,,,8.05,,5.0,,2477.3,1750081000000.0,,,,,,,
1985-12-01,    3.88,   -0.41,   -1.46,    0.96,   -1.77,    0.65,55.4412,100.085422123212,2.56127003109516,,109.5,111.4,,,9.26,6.6,,,,,8.27,,5.0,,2492.0,1833589000000.0,,,,,,,
1986-01-01,    0.65,    0.95,    0.46,   -1.99,   -1.99,    0.56,55.7481,100.112285983153,2.34015879648974,,109.9,111.9,,,9.19,6.5,,,,,8.14,,4.5,,2501.6,1805907000000.0,,,,,,,
1986-02-01,    7.14,   -0.72,   -0.63,    1.16,   -1.23,    0.53,55.3568,100.121791438243,3.06208053691275,,109.7,112.2,,,8.7,6.4,,,,,7.86,,4.5,,2512.5,1800065000000.0,,,,,,,
1986-03-01,    4.91,   -0.63,   -0.39,    1.00,    0.81,    0.60,54.9625,100.114613208977,1.19311875693673,,109.1,112.5,,,7.78,6.1,,,,,7.48,,4.0,,2533.1,1815499000000.0,,,,,,,
1986-04-01,   -1.28,    2.81,   -2.81,    2.90,   -0.10,    0.52,55.0413,100.099631582713,4.79528883903533,,108.7,112.9,,,7.3,5.7,,,,,6.99,,3.5,,2558.1,1810348000000.0,,,,,,,
1986-05-01,    4.63,   -1.29,   -0.14,    2.07,    1.10,    0.49,55.1226,100.081777738723,0.594991005949923,,109.0,113.1,,,7.71,6.1,,,,,6.85,,3.5,,2585.7,1814401000000.0,,,,,,,
1986-06-01,    1.06,   -0.87,    1.20,    1.85,    0.83,    0.52,54.9005,100.049859607594,3.14026517794836,,109.4,113.4,,,7.8,6.2,,,,,6.92,,3.5,,2605.7,1836445000000.0,,,,,,,
1986-07-01,   -6.43,   -3.53,    4.66,   -0.55,    0.81,    0.52,55.2592,100.000457419449,2.43463826255358,,109.5,113.8,,,7.3,6.1,,,,,6.56,,3.5,,2626.6,1844954000000.0,,,,,,,
1986-08-01,    6.07,   -4.34,    3.54,   -1.71,    3.32,    0.46,55.1567,99.9486644885368,1.64364640883977,,109.6,114.2,,,7.17,5.9,,,,,6.17,,3.5,,2646.5,1845874000000.0,,,,,,,
1986-09-01,   -8.59,    2.10,    3.23,   -0.17,    3.71,    0.45,55.2975,99.9037604522467,2.55878284923929,,110.0,114.6,,,7.45,6.0,,,,,5.89,,3.5,,2667.9,1861344000000.0,,,,,,,
1986-10-01,    4.64,   -2.37,   -1.42,   -0.01,    1.01,    0.46,55.5332,99.8764879517502,1.48046607265249,,110.2,115.0,,,7.43,6.3,,,,,5.85,,3.5,,2687.1,1868051000000.0,,,,,,,
1986-11-01,    1.16,   -1.86,   -0.02,    0.98,    0.70,    0.39,55.7557,99.8894489908636,-0.407497962510192,,110.4,115.3,,,7.25,6.4,,,,,6.04,,3.0,,2701.0,1893614000000.0,,,,,,,
1986-12-01,   -3.26,    0.19,    0.36,    0.87,    0.09,    0.49,56.2845,99.969232142201,1.49274171459874,,110.8,115.6,,,7.11,6.2,,,,,6.91,,3.0,,2728.0,1955310000000.0,,,,,,,
1987-01-01,   12.44,   -1.61,   -3.18,    0.17,   -1.03,    0.42,56.0882,100.126024301256,-0.0272219953722389,,111.4,115.9,,,7.08,6.1,,,,,6.43,,3.0,,2743.3,1935951000000.0,,,,,,,
1987-02-01,    4.37,    3.36,   -5.86,   -0.79,   -2.55,    0.43,56.8275,100.336685370628,0.976800976800981,,111.8,116.2,,,7.25,6.1,,,,,6.1,,2.5,,2747.0,1928710000000.0,,,,,,,
1987-03-01,    1.63,    0.32,    1.66,    1.30,    4.17,    0.47,56.9098,100.556418604361,1.72744721689061,,112.2,116.6,,,7.25,6.0,,,,,6.13,,2.5,,2753.5,1934631000000.0,,,,,,,
1987-04-01,   -2.09,   -1.58,   -0.36,   -0.52,    1.16,    0.44,57.2701,100.757026075734,-0.561948086700546,,112.7,117.3,,,8.02,5.8,,,,,6.37,,2.5,,2767.8,1945622000000.0,,,,,,,
1987-05-01,    0.11,   -0.58,    0.22,    0.49,    1.13,    0.38,57.6322,100.922727460978,3.53507565336998,,113.0,117.7,,,8.61,5.7,,,,,6.85,,2.5,,2773.7,1958133000000.0,,,,,,18.58,
1987-06-01,    3.91,   -2.11,    1.13,    1.56,    1.07,    0.48,57.9307,101.037842598845,0.784844384303111,,113.5,117.9,,,8.4,6.0,,,,,6.73,,2.5,,2775.3,1978993000000.0,,,,,,19.08,
1987-07-01,    3.84,   -1.07,    0.94,   -0.65,    1.58,    0.46,58.3258,101.083361553951,0.985820391627296,,113.8,118.3,,,8.45,6.3,,,,,6.58,,2.5,,2779.0,1979141000000.0,,,,,,20.03,
1987-08-01,    3.52,   -1.01,   -0.98,    2.11,   -1.55,    0.47,58.7636,101.03832310658,1.67142274765592,,114.3,118.7,,,8.76,6.5,,,,,6.73,,2.5,,2788.3,1977508000000.0,,,,,,18.63,
1987-09-01,   -2.58,    0.45,    0.26,   -0.88,    1.82,    0.45,58.9951,100.907878976282,0.997977073499661,,114.7,119.2,,,9.42,6.7,,,,,7.22,,2.5,,2799.6,1989848000000.0,,,,,,18.48,
1987-10-01,  -23.19,   -7.91,    4.18,    2.29,    2.24,    0.60,59.781,100.722028258491,1.90463325678779,,115.0,119.8,,,9.52,6.9,,,,,7.29,,2.5,,2814.7,1998287000000.0,,,,,,18.8,
1987-11-01,   -7.76,    2.78,    3.14,   -1.93,    0.60,    0.35,60.0726,100.533797434789,3.30060010911074,,115.4,120.1,,,8.86,6.4,,,,,6.69,,2.5,,2818.9,2019573000000.0,,,,,,17.7,
1987-12-01,    6.82,   -0.01,   -4.42,    3.13,   -2.46,    0.39,60.4095,100.40196898068,1.9430576170557,,115.6,120.4,,,8.99,6.5,,,,,6.77,,2.5,,2826.7,2080922000000.0,,,,,,17.6,
1988-01-01,    4.21,   -0.56,    4.93,   -1.19,    2.10,    0.29,60.3976,100.333989532916,2.65486725663718,,116.0,120.9,,,8.67,6.5,,,,,6.83,,2.5,,2846.9,2062080000000.0,,,,,,16.28,
1988-02-01,    4.77,    3.30,   -1.53,    1.51,    0.06,    0.46,60.7003,100.32117850198,2.31089614402796,,116.2,121.2,,,8.21,6.3,,,,,6.58,,2.5,,2869.6,2051778000000.0,,,,,,14.73,
1988-03-01,   -2.26,    6.11,    0.86,   -0.23,    1.78,    0.44,60.8501,100.35172448449,3.94878706199459,,116.5,121.7,,,8.37,6.2,,,,,6.58,,2.5,,2890.2,2048098000000.0,,,,,,15.65,
1988-04-01,    0.56,    1.09,    1.51,   -0.09,    1.90,    0.46,61.2031,100.410980016742,2.22012917115178,,117.2,122.3,,,8.72,6.3,,,,,6.87,,2.5,,2910.4,2067842000000.0,,,,,,16.6,
1988-05-01,   -0.27,   -2.52,    2.44,   -0.77,    0.30,    0.51,61.0797,100.485966431132,2.49767503653517,,117.5,122.7,,,9.09,6.6,,,,,7.09,,2.5,,2926.6,2081419000000.0,,,,,,16.2,
1988-06-01,    4.78,    2.07,   -1.35,    1.52,   -3.52,    0.49,61.2569,100.555371849987,3.65198711063373,,118.0,123.2,,,8.92,6.6,,,,,7.51,,2.5,,2939.0,2102394000000.0,,,,,,14.18,
1988-07-01,   -1.25,   -0.18,    2.18,   -0.49,    1.53,    0.51,61.2659,100.597406736587,2.42043327092806,,118.5,123.6,,,9.06,6.7,,,,,7.75,,2.5,,2947.2,2121632000000.0,,,,,,15.75,
1988-08-01,   -3.31,   -0.02,    2.14,   -0.85,    1.65,    0.59,61.5731,100.616308146061,5.81395348837211,,119.0,124.0,,,9.26,6.8,,,,,8.01,,2.5,,2952.1,2112574000000.0,,,,,,14.4,
1988-09-01,    3.31,   -1.38,   -0.75,    1.76,   -0.55,    0.62,61.3807,100.621267690615,4.67352116437442,,119.5,124.7,,,8.98,6.6,,,,,8.19,,2.5,,2957.2,2119614000000.0,,,,,,11.93,
1988-10-01,    1.16,   -2.97,    2.03,    1.39,    0.99,    0.61,61.6453,100.620726832554,3.22110286320255,,119.9,125.2,,,8.8,6.4,,,,,8.3,,2.5,,2965.4,2140644000000.0,,,,,,12.6,
1988-11-01,   -2.27,   -1.58,    1.47,   -0.36,    1.64,    0.57,61.7944,100.615020936809,3.77607604964351,,120.3,125.6,,,8.96,6.4,,,,,8.35,,2.5,,2980.3,2159819000000.0,,,,,,14.35,
1988-12-01,    1.48,    1.94,   -1.83,    0.69,   -0.38,    0.63,62.0743,100.596263533266,5.45334215751162,,120.7,126.0,,,9.11,6.5,,,,,8.76,,2.5,,2988.8,2232947000000.0,,,,,,16.23,
1989-01-01,    6.06,   -2.26,    0.61,   -0.97,    0.11,    0.55,62.2574,100.541888571307,5.88859416445622,,121.2,126.5,,,9.09,6.7,4.8,,,,9.12,,2.5,,2991.2,2206076000000.0,,,,,,16.38,
1989-02-01,   -2.23,    2.70,    0.99,   -0.84,    1.88,    0.61,61.9819,100.433804196191,4.58305975049242,,121.6,126.9,,,9.17,6.9,4.894,,,,9.36,,2.5,,2991.2,2200475000000.0,,,,,,17.23,
1989-03-01,    1.57,    0.68,    0.47,   -0.01,    0.65,    0.67,62.1369,100.279513847294,3.21535070659926,,122.2,127.4,,,9.36,7.0,5.147,,,,9.85,,2.5,,2998.9,2206061000000.0,,,,,,20.45,
1989-04-01,    4.35,   -0.75,   -1.48,    0.73,   -0.48,    0.67,62.1276,100.105893088287,7.04225352112674,,123.1,127.8,,,9.18,6.9,5.221,,,,9.84,,2.5,,3005.5,2223905000000.0,,,,,,20.15,
1989-05-01,    3.28,   -0.06,   -0.90,    0.45,   -0.26,    0.79,61.7744,99.939537637,2.26830848995461,,123.7,128.3,,,8.86,7.1,5.174,,,,9.81,,3.25,,3012.1,2231284000000.0,,,,,,18.25,
1989-06-01,   -1.33,   -1.04,    2.21,    0.13,    1.52,    0.71,61.7697,99.8108922893598,5.46632124352332,,124.1,128.8,,,8.28,6.9,5.225,,,,9.53,,3.25,,3028.6,2259786000000.0,,,,,,18.28,
1989-07-01,    7.18,   -4.11,   -2.80,    2.05,   -0.56,    0.70,61.1738,99.732049081442,5.37929233581406,,124.5,129.2,,,8.02,6.8,5.04,,,,9.24,,3.25,,3052.5,2281877000000.0,,,,,,16.3,
1989-08-01,    1.43,    0.48,    0.62,    0.36,   -0.61,    0.74,61.7732,99.7013174774493,4.98926360995326,,124.5,129.5,,,8.11,6.8,4.883,,,,8.99,,3.25,,3074.6,2269840000000.0,,,,,,17.2,
1989-09-01,   -0.76,    0.47,   -1.27,    1.39,    0.58,    0.65,61.5796,99.703857509696,3.89080239826508,,124.8,129.9,,,8.19,7.0,5.096,,,,9.02,,3.25,,3092.9,2286376000000.0,,,,,,18.23,
1989-10-01,   -3.65,   -3.30,   -1.16,    0.08,   -0.11,    0.68,61.4966,99.7182788819105,5.35507897778349,,125.4,130.6,,,8.01,7.2,5.156,,,,8.84,,3.75,,3114.3,2294257000000.0,,,,,,18.93,
1989-11-01,    1.04,   -1.26,   -1.13,   -0.74,    1.38,    0.69,61.7044,99.7420028096524,4.28753180661578,,125.9,131.1,,,7.87,7.5,5.371,,,,8.55,,3.75,,3133.6,2316284000000.0,,,,,,18.48,
1989-12-01,    1.18,   -2.28,    0.15,   -0.07,    1.31,    0.61,62.0428,99.7720245458272,3.82829170327599,,126.3,131.6,,,7.84,7.5,5.52,,,,8.45,,4.25,,3153.4,2419118000000.0,,,,,,21.05,
1990-01-01,   -7.80,   -1.21,    0.83,   -1.12,    1.40,    0.57,61.729,99.8057039753154,3.71993987975951,,127.5,132.1,,,8.21,7.695,6.449,,,,8.23,,4.25,,3166.3,2379739000000.0,,,,,25.36,20.5,
1990-02-01,    1.11,    1.15,    0.65,   -0.04,   -0.61,    0.57,62.2896,99.8354140877465,5.19839276745355,,128.0,132.7,,,8.47,8.575,6.778,,,,8.24,,4.25,,3178.2,2370043000000.0,,,,,21.99,19.2,
1990-03-01,    1.83,    1.59,   -2.90,    1.99,   -0.94,    0.64,62.5999,99.8340627210283,4.93656575807061,,128.6,133.5,,,8.59,8.645,6.899,,,,8.28,,5.25,,3189.2,2359966000000.0,,,,,19.73,17.95,
1990-04-01,   -3.36,   -0.35,   -2.57,    1.78,   -1.00,    0.69,62.4359,99.7583590358986,3.1480570585342,,128.9,134.0,,,8.79,8.7625,6.906,,,,8.26,,5.25,,3201.2,2376184000000.0,,,,,19.52,16.35,
1990-05-01,    8.44,   -2.41,   -3.89,    1.68,   -1.63,    0.68,62.6258,99.586823767279,6.28643852978454,,129.1,134.4,,,8.76,8.715,6.508,,,,8.18,,5.25,,3201.3,2375964000000.0,,,,,17.37,15.3,
1990-06-01,   -1.09,    1.31,   -2.00,   -0.99,   -0.39,    0.63,62.8382,99.2998189348465,2.33357897322525,,129.9,135.1,,,8.48,8.8325,6.421,,,,8.29,,5.25,,3214.6,2496900000000.0,,,,,15.5,15.73,
1990-07-01,   -1.90,   -3.15,   -0.06,   -0.10,    3.21,    0.68,62.7284,98.9031476643459,3.63028125387189,,130.5,135.8,,,8.47,8.545,6.772,,,,8.15,,5.25,,3224.7,2504399000000.0,,,,,21.11,19.23,
1990-08-01,  -10.13,   -3.79,    1.56,   -0.48,    2.99,    0.66,62.9475,98.4280607616829,1.29932627526468,,131.6,136.6,,,8.75,8.9975,7.62,,,,8.13,,6.0,,3242.1,2490324000000.0,,,,,29.9,27.8,
1990-09-01,   -6.11,   -3.72,    0.59,    0.03,    3.62,    0.60,62.9523,97.9473475587125,3.90471512770139,,132.5,137.1,,,8.89,9.105,8.032,,,,8.2,,6.0,,3254.7,2528301000000.0,,,,,29.11,41.0,
1990-10-01,   -1.91,   -5.06,    0.08,    3.17,   -0.25,    0.68,62.5845,97.5301340843308,3.35202340321795,,133.4,137.6,,,8.72,9.0675,7.6,,,,8.11,,6.0,,3259.2,2525949000000.0,,,,,30.04,34.3,
1990-11-01,    6.35,    0.02,   -2.97,    0.58,   -4.71,    0.57,61.7887,97.2418337091666,2.46431621324874,,133.7,138.0,,,8.39,8.9325,7.08,,,,7.81,,6.0,,3262.8,2542044000000.0,,,,,22.16,31.2,
1990-12-01,    2.48,    0.60,   -1.57,    2.66,   -1.98,    0.60,61.3352,97.1276836101905,2.59912959381046,,134.2,138.6,,,8.08,8.845,6.454,,,,7.31,,6.0,,3272.5,2658683000000.0,,,,,26.38,28.35,
1991-01-01,    4.69,    3.87,   -1.48,    1.34,   -4.07,    0.52,61.1355,97.1874318070154,4.58643482152726,,134.7,139.5,,,8.09,8.9275,6.432,,,,6.91,,6.0,,3287.4,2600176000000.0,,,,,20.91,20.7,
1991-02-01,    7.21,    4.02,   -0.62,   -0.06,   -0.34,    0.48,60.6838,97.4041456508598,2.12250228332642,,134.8,140.2,,,7.85,8.35,6.309,,,,6.25,,6.0,,3303.6,2599248000000.0,,,,,21.23,19.5,
1991-03-01,    2.67,    3.81,   -1.30,   -0.52,   -0.99,    0.44,60.3346,97.7258259843816,1.41057816947833,,134.8,140.5,,,8.11,8.4275,6.591,,,,6.12,,6.0,,3321.0,2600460000000.0,,,,,16.88,18.0,
1991-04-01,   -0.29,    0.35,    1.49,    0.67,    0.81,    0.53,60.4938,98.0919776178373,0.373748058433818,,135.1,140.9,,,8.04,8.3575,6.64,,,,5.91,,6.0,,3331.9,2612112000000.0,,,,,18.24,19.7,
1991-05-01,    3.66,    0.14,   -0.52,    2.07,   -2.36,    0.47,61.0633,98.4596540299751,0.272502319509536,,135.6,141.3,,,8.07,8.395,6.637,,,,5.78,,6.0,,3343.6,2613692000000.0,,,,,15.93,19.0,
1991-06-01,   -4.94,    0.30,    1.08,    1.75,    0.68,    0.42,61.5581,98.7957855273221,2.93829964656511,,136.0,141.8,,,8.28,8.4075,6.735,,,,5.9,,6.0,,3352.8,2651888000000.0,,,,,19.55,18.48,
1991-07-01,    4.24,   -1.00,   -1.30,    1.60,   -1.44,    0.49,61.7305,99.0534252721189,0.536251130010395,,136.2,142.3,,,8.27,8.6325,6.67,,,,5.82,,5.5,,3356.2,2645258000000.0,,,,,15.18,19.65,
1991-08-01,    2.32,    1.42,   -0.79,    0.85,   -0.32,    0.46,61.7298,99.1937360054817,-0.132398521210581,,136.6,142.9,,,7.9,8.52,6.414,,,,5.66,,5.5,,3355.0,2637304000000.0,,,,,14.46,20.53,
1991-09-01,   -1.59,    1.58,   -1.23,   -1.77,   -0.04,    0.46,62.2195,99.2233089546776,-0.379958286825986,,137.0,143.4,,,7.65,8.455,6.081,,,,5.45,,5.5,,3355.0,2657215000000.0,,,,,15.85,21.43,
1991-10-01,    1.29,    0.85,   -0.43,   -1.65,   -0.30,    0.42,62.1855,99.1747453119492,-0.208258548757404,,137.2,143.7,,,7.53,8.3475,5.885,,,,5.21,,5.5,,3360.0,2656288000000.0,,,,,15.48,22.0,
1991-11-01,   -4.20,   -0.88,   -1.77,    1.10,   -0.12,    0.39,62.0871,99.102240901013,1.86716563039753,,137.8,144.2,,,7.42,8.315,5.927,,,,4.81,,5.0,,3365.8,2689380000000.0,,,,,20.26,20.08,
1991-12-01,   10.86,   -2.41,   -4.23,    3.67,   -3.14,    0.38,61.7852,99.0692988370544,0.0687591084356911,,138.2,144.7,,,7.09,8.2125,5.719,,,,4.43,,4.5,,3373.0,2808376000000.0,,,,,19.31,17.75,
1992-01-01,   -0.59,    9.19,    4.67,   -1.17,    3.25,    0.34,61.4616,99.1203184326318,-0.727272727272724,,138.3,145.1,,,7.03,7.9475,5.449,,,,4.03,,4.5,,3380.9,2735280000000.0,,,,,17.4,18.15,2150.57962901611
1992-02-01,    1.09,    1.30,    6.51,    0.07,    2.25,    0.28,61.8955,99.2465639783789,0.858895705521484,,138.6,145.4,,,7.34,7.92,5.578,,,,4.06,,4.5,,3399.3,2729984000000.0,,,,,16.68,17.45,2208.89225860596
1992-03-01,   -2.66,   -0.89,    3.49,   -0.06,    1.82,    0.34,62.4232,99.4160784200754,0.867410161090456,,139.1,145.9,,,7.54,8.0275,5.531,,,,3.98,,4.5,,3403.1,2742354000000.0,,,,,16.18,19.09,2231.78550956421
1992-04-01,    1.09,   -5.75,    4.36,    1.65,    2.40,    0.32,62.897,99.569546158948,1.24688279301746,,139.4,146.3,,,7.48,8.035,5.71,,,,3.73,,3.75,,3399.2,2761474000000.0,,,,,15.53,19.65,2214.16681599274
1992-05-01,    0.30,    0.20,    1.11,   -0.91,    0.49,    0.28,63.104,99.6667221485997,0.873907615480647,,139.7,146.8,,,7.39,8.075,5.739,,,,3.82,,3.75,,3399.1,2774682000000.0,,,,,13.86,20.7,2219.31505581207
1992-06-01,   -2.33,   -2.76,    3.24,   -0.06,    0.95,    0.32,63.1363,99.695786679407,-2.08078335373317,,140.1,147.1,,,7.26,8.0675,5.64,,,,3.76,,3.75,,3394.0,2789467000000.0,,,,,13.35,20.6,2296.44193858643
1992-07-01,    3.78,   -0.65,   -0.51,    1.24,   -0.97,    0.31,63.7176,99.6848154029868,-1.3732833957553,,140.5,147.6,,,6.84,8.125,5.408,,,,3.25,,3.25,,3393.9,2781924000000.0,,,,,13.17,20.38,2527.28502240143
1992-08-01,   -2.38,   -0.39,   -1.09,    3.66,   -1.64,    0.26,63.3613,99.6744979124688,-1.49812734082396,,140.8,147.9,,,6.59,8.04,5.112,,,,3.3,,3.25,,3398.7,2778097000000.0,,,,,13.58,19.65,2513.46998458252
1992-09-01,    1.19,    0.47,   -0.19,    1.61,   -0.68,    0.26,63.5703,99.7077080535699,-2.61519302615192,,141.1,148.1,,,6.42,7.6525,5.021,,,,3.22,,3.25,,3410.4,2814038000000.0,,,,,14.28,20.18,2419.61418178101
1992-10-01,    1.02,    2.09,   -1.98,    1.19,   -0.91,    0.23,63.9995,99.8083312229416,-2.72952853598013,,141.7,148.8,,,6.59,7.4525,5.015,,,,3.1,,3.25,,3423.9,2812531000000.0,,,,,16.15,19.13,2262.45696237183
1992-11-01,    4.14,    3.88,   -1.52,   -0.54,   -1.58,    0.23,64.2422,99.9540220005483,-4.78527607361964,,142.1,149.2,,,6.87,7.36,4.868,,,,3.09,,3.25,,3426.9,2847433000000.0,,,,,13.01,19.25,2161.78909368286
1992-12-01,    1.53,    1.65,    2.64,   -0.52,    0.83,    0.28,64.3507,100.084651251592,-5.68603213844253,,142.3,149.6,,,6.77,7.32,4.848,,,,2.92,,3.25,,3425.3,2939888000000.0,,,,,12.57,17.85,2211.95028749237
1993-01-01,    0.93,    1.94,    5.90,   -1.90,    2.94,    0.23,64.5978,100.148180002315,-6.34920634920635,,142.8,150.1,,41.34689,6.6,7.1325,4.723,,,,3.02,,3.25,,3418.9,2882795000000.0,,,,,12.42,18.48,2264.21397077332
1993-02-01,    0.12,   -3.37,    6.48,   -0.47,    4.15,    0.22,64.9089,100.131263306475,-7.42092457420926,,143.1,150.6,,41.5811,6.26,6.905,4.409,,,,3.03,,2.5,,3413.8,2879792000000.0,,,,,13.16,18.83,2212.18139313507
1993-03-01,    2.32,    0.09,    1.26,   -0.22,    0.82,    0.25,64.8522,100.040284082618,-6.75675675675674,,143.3,150.8,,42.35071,5.98,6.6375,4.318,,,,3.07,,2.5,,3410.9,2902894000000.0,,,,,12.53,18.7,2152.38020099945
1993-04-01,   -3.05,   -0.81,    2.55,   -3.69,    1.38,    0.24,65.0301,99.9065941104728,-7.01970443349755,,143.8,151.4,,43.57439,5.97,6.6775,4.593,,,,2.96,,2.5,,3410.7,2913546000000.0,,,,,12.42,18.85,1953.62060192108
1993-05-01,    2.89,    1.94,   -3.46,   -0.14,   -1.03,    0.22,64.784,99.7512523097289,-6.8069306930693,,144.2,151.8,,44.22674,6.04,6.83,4.943,,,,3.0,,2.5,,3437.5,2933359000000.0,,,,,13.47,18.43,1799.35169844818
1993-06-01,    0.30,    0.12,    2.64,   -0.91,    1.16,    0.25,64.9301,99.6208462288921,-6.37499999999999,,144.3,152.1,,44.16555,5.96,6.8075,4.836,,,,3.04,,2.5,,3442.7,2955816000000.0,,,,,11.26,17.43,1857.87070840454
1993-07-01,   -0.34,    0.96,    2.87,   -1.84,    2.05,    0.24,65.1052,99.5499669757663,-5.69620253164558,,144.5,152.3,,43.85954,5.81,6.6075,4.517,,,,3.06,,2.5,,3441.9,2953701000000.0,,,,,11.73,16.85,1927.33981992645
1993-08-01,    3.72,    0.08,    0.18,   -1.52,    0.04,    0.25,65.0267,99.5642276439523,-4.30925221799747,,144.8,152.8,,44.7995,5.68,6.3725,4.407,,,,3.03,,2.5,,3445.6,2948714000000.0,,,,,11.85,16.73,1951.07137548676
1993-09-01,   -0.12,    3.02,   -0.24,    0.25,   -0.19,    0.26,65.3717,99.6695596780699,-3.0690537084399,,145.0,152.9,,45.97549,5.36,6.19,4.016,,,,3.09,,1.75,,3452.6,2966997000000.0,,,,,12.99,17.23,1858.24999750519
1993-10-01,    1.41,    1.86,   -2.78,    0.61,    0.56,    0.22,65.8509,99.8560968438873,-3.18877551020407,,145.6,153.4,,46.30959,5.33,5.985,3.931,,,,2.99,,1.75,,3456.9,2987300000000.0,,,,,11.46,15.43,1646.99992897491
1993-11-01,   -1.86,   -1.31,   -0.78,    2.19,   -1.03,    0.25,66.1518,100.092906706375,-2.19072164948451,,146.0,153.9,,46.71099,5.72,5.9825,3.762,,,,3.02,,1.75,,3470.7,3020874000000.0,,,,,13.76,14.23,1632.56810484467
1993-12-01,    1.65,    1.35,    0.25,    1.14,   -0.35,    0.23,66.5436,100.354933494745,-0.393184796854527,,146.3,154.3,,48.12294,5.77,5.83,3.396,,,,2.96,,1.75,,3475.0,3150266000000.0,,,,,11.66,13.18,1723.6250736618
1994-01-01,    2.87,   -0.05,    1.10,   -1.54,    1.39,    0.25,66.7351,100.600198157586,-0.782268578878759,,146.3,154.5,,50.07108,5.75,5.815,3.597,,,,3.05,,1.75,,3474.8,3105703000000.0,,,,,10.63,14.83,1807.07136699066
1994-02-01,   -2.55,    2.62,   -1.52,    2.08,   -0.94,    0.21,66.774,100.800001875931,1.44546649145861,,146.7,154.8,,51.22791,5.97,6.135,4.041,,,,3.25,,1.75,,3475.1,3102600000000.0,,,,,14.87,13.59,1865.07501472778
1994-03-01,   -4.79,   -1.03,    1.67,    0.65,    1.39,    0.27,67.4552,100.94854191723,1.84453227931487,,147.1,155.3,,51.83727,6.48,6.345,4.453,,,,3.34,,1.75,,3479.2,3126996000000.0,,,,,20.45,13.25,1913.17391866455
1994-04-01,    0.68,   -1.00,    1.66,    1.05,    1.14,    0.27,67.8541,101.042244137994,4.23841059602649,,147.2,155.5,,53.03003,6.97,6.607,4.093,,,,3.56,,1.75,,3480.5,3133737000000.0,,,,,13.77,15.35,1881.36846713562
1994-05-01,    0.58,   -2.49,    0.60,    0.64,    0.60,    0.32,68.1663,101.083759919923,4.24966799468793,,147.5,155.9,,53.64703000000001,7.18,6.6635,3.984,,,,4.01,,1.75,,3491.4,3129450000000.0,,,,,13.03,16.18,2144.50007046051
1994-06-01,   -3.04,   -0.52,    1.77,    1.05,    1.50,    0.31,68.6265,101.079179000288,5.60747663551399,,147.9,156.4,,54.14696,7.1,7.0523809524,4.278,,,,4.25,,1.75,,3479.8,3154660000000.0,,,,,14.97,17.45,2363.09102303009
1994-07-01,    2.82,   -1.87,    0.61,   -0.66,    0.10,    0.28,68.7178,101.042985847732,6.44295302013424,,148.4,156.7,,54.385830000000006,7.3,6.8961904762,4.531,,,,4.26,,1.75,,3488.1,3149190000000.0,,,,,11.13,18.48,2447.23803404999
1994-08-01,    4.02,    1.44,   -2.55,    0.98,   -1.52,    0.37,69.1785,100.990157104083,5.29801324503312,,149.0,157.1,,56.35777,7.24,7.0895652174,4.778,,,,4.47,,1.75,,3485.6,3126004000000.0,,,,,11.97,16.03,2409.74997397766
1994-09-01,   -2.28,    2.71,   -1.81,    0.56,    1.06,    0.37,69.3961,100.921739063199,5.4089709762533,,149.3,157.5,,58.52681,7.46,7.5154545455,4.642,,,,4.73,,1.75,,3486.7,3135704000000.0,,,,,14.28,16.73,2504.84103139343
1994-10-01,    1.35,   -2.22,   -1.66,    0.18,   -0.73,    0.38,69.9544,100.830149025393,6.45586297760208,,149.4,157.8,,59.13734,7.74,7.5415,4.684,,,,4.76,,1.75,,3484.8,3139823000000.0,,,,,14.56,17.18,2546.02375416412
1994-11-01,   -4.03,    0.09,   -0.73,    0.48,   -0.53,    0.37,70.4326,100.692558407807,7.24637681159418,,149.8,158.2,,59.55651999999999,7.96,7.4914285714,4.718,,,,5.29,,1.75,,3487.8,3148097000000.0,,,,,15.95,16.95,2803.54541098175
1994-12-01,    0.86,   -0.05,   -0.09,    0.40,    0.36,    0.44,71.1523,100.498026338956,8.28947368421052,,150.1,158.3,,60.394290000000005,7.81,7.460952381,4.561,,,,5.45,,1.75,,3486.7,3243755000000.0,,,,,13.2,16.23,2980.69999645081
1995-01-01,    1.80,   -3.07,    2.59,    0.15,   -0.65,    0.42,71.2734,100.241578145366,7.3587385019711,,150.5,159.0,,62.13821,7.78,7.5959090909,4.605,,,,5.53,,1.75,,3492.2,3176293000000.0,,,,,11.96,16.8,3003.26189506836
1995-02-01,    3.63,   -0.49,    0.99,    0.61,   -0.40,    0.40,71.193,99.9255016733298,6.08808290155441,,150.9,159.4,,62.70296,7.47,7.424,4.515,,,,5.92,,1.75,,3489.2,3172637000000.0,,,,,11.75,17.23,2870.45015814514
1995-03-01,    2.19,   -0.53,   -2.13,   -0.13,    0.23,    0.46,71.3113,99.5808852392823,5.8214747736093,,151.2,159.9,,62.87861,7.2,7.2773913043,4.113,,,,5.98,,1.75,,3489.9,3176207000000.0,,,,,13.37,17.98,2919.67397804871
1995-04-01,    2.11,   -0.26,    1.67,    0.43,    0.82,    0.44,71.1882,99.2603884496826,4.32020330368488,,151.8,160.4,,64.00725,7.06,7.0883333333,3.545,,,,6.05,,1.0,,3498.2,3187017000000.0,,,,,11.75,18.98,2894.88882296448
1995-05-01,    2.90,   -2.17,    2.28,    0.41,    0.01,    0.54,71.5378,99.0072754400411,4.96815286624203,,152.1,160.7,,64.53738,6.63,6.8623809524,3.386,,,,6.01,,1.0,,3525.1,3192383000000.0,,,,,12.85,17.58,2771.57125569763
1995-06-01,    2.72,    3.05,   -2.54,   -0.23,   -2.39,    0.47,71.7749,98.838682598787,3.79266750948168,,152.4,161.1,,64.00171,6.17,6.783,3.024,,,,6.0,,1.0,,3549.4,3218329000000.0,,,,,11.38,16.58,2987.68194348755
1995-07-01,    3.71,    2.12,   -1.58,    0.22,   -1.58,    0.45,71.4748,98.7414716914499,3.4047919293821,,152.6,161.4,,63.46827,6.28,6.8623809524,2.933,,,,5.85,,1.0,,3567.5,3212065000000.0,,,,,13.49,15.78,3076.4500581665
1995-08-01,    0.55,    1.70,    2.68,   -1.17,    1.49,    0.47,72.4223,98.681137950099,3.14465408805031,,152.9,161.8,,64.52965,6.49,6.7460869565,3.215,,,,5.74,,1.0,,3588.9,3203359000000.0,,,,,11.52,16.2,3040.13619641418
1995-09-01,    3.36,   -1.86,   -0.11,    0.99,    0.40,    0.43,72.7144,98.6291147634023,3.12891113892365,,153.1,162.2,,66.25234,6.2,6.5852380952,3.03,,,,5.8,,0.5,,3602.9,3233082000000.0,,,,,12.74,16.58,2910.42504276428
1995-10-01,   -1.51,   -4.07,   -0.49,    1.93,   -0.10,    0.47,72.5866,98.5854190370348,0.742574257425752,,153.5,162.7,,66.29296,6.04,6.5652380952,2.925,,,,5.76,,0.5,,3614.1,3235715000000.0,,,,,13.83,16.58,2810.06817431793
1995-11-01,    3.96,   -1.06,    0.52,   -0.57,    1.00,    0.42,72.7779,98.5647976988067,0.368550368550373,,153.7,163.0,,66.22685,5.93,6.3418181818,3.048,,,,5.8,,0.5,,3620.4,3263208000000.0,,,,,11.58,17.13,2981.61903664856
1995-12-01,    1.04,    0.65,    0.24,   -1.44,    3.02,    0.49,73.0305,98.5820544507372,0.486026731470251,,153.9,163.1,,66.49410999999999,5.71,6.0747368421,2.983,,,,5.6,,0.5,,3629.8,3397475000000.0,,,,,12.52,18.65,2918.21064537659
1996-01-01,    2.26,   -2.64,    0.46,    0.26,    2.30,    0.43,72.6125,98.6489318416676,0.24479804161567,,154.7,163.7,,67.73065,5.65,5.8872727273,3.12,,,,5.56,,0.5,,3647.4,3337995000000.0,,,,,12.53,16.63,2604.99992943115
1996-02-01,    1.33,    1.77,   -1.05,    0.16,   -1.89,    0.39,73.6752,98.7731567837842,-0.366300366300385,,155.0,164.0,,68.53433000000001,5.81,6.2042857143,3.271,,,,5.22,,0.5,,3660.8,3332905000000.0,,,,,17.04,18.8,2544.66672335968
1996-03-01,    0.74,    1.56,    0.42,    1.44,   -0.95,    0.39,73.585,98.9418835062824,-0.244498777506116,,155.5,164.4,,69.04071,6.27,6.4452380952,3.299,,,,5.31,,0.5,,3685.4,3344138000000.0,,,,,18.88,20.33,2563.34994940033
1996-04-01,    2.05,    4.70,   -3.97,   -0.20,   -2.03,    0.46,74.3172,99.1196865172332,-1.33982947624847,,156.1,164.6,,70.21595,6.51,6.377,3.301,,,,5.22,,0.5,,3696.4,3359123000000.0,,,,,15.83,19.5,2594.17496803894
1996-05-01,    2.36,    3.23,   -0.90,    0.03,   -0.33,    0.42,74.8726,99.2856323420233,-0.606796116504849,,156.4,165.0,,70.28121,6.74,6.446,3.388,,,,5.24,,0.5,,3710.7,3362529000000.0,,,,,16.07,18.1,2658.76193080902
1996-06-01,   -1.13,   -3.67,    2.33,    3.50,    1.20,    0.40,75.4433,99.4199375285999,-0.243605359317895,,156.7,165.4,,69.50586,6.91,6.5589473684,3.252,,,,5.27,,0.5,,3723.3,3397323000000.0,,,,,13.68,19.28,2177.59998270721
1996-07-01,   -5.96,   -3.78,    5.19,    2.90,    2.68,    0.45,75.4549,99.5134889240118,-0.97560975609756,,157.0,165.7,,68.73613,6.87,6.4786956522,3.294,,,,5.4,,0.5,,3737.5,3386524000000.0,,,,,19.46,19.0,1983.93479971771
1996-08-01,    2.77,    2.58,   -0.82,   -0.38,   -2.47,    0.41,75.8411,99.587434423285,0.243902439024393,,157.2,166.0,,69.75655,6.64,6.3022727273,3.209,,,,5.22,,0.5,,3744.1,3382843000000.0,,,,,17.01,20.98,2017.85720584564
1996-09-01,    5.01,   -1.41,   -2.74,    1.30,   -2.13,    0.44,76.3158,99.6578549088858,-0.242718446601931,,157.7,166.5,,71.15501,6.83,6.2266666667,2.928,,,,5.3,,0.5,,3754.2,3406184000000.0,,,,,16.95,24.15,1935.07143060913
1996-10-01,    0.87,   -3.79,    4.88,    1.38,    2.97,    0.42,76.3384,99.7298016755146,0.491400491400484,,158.2,166.8,,70.93346,6.53,6.0086363636,2.8,,,,5.24,,0.5,,3773.4,3403007000000.0,,,,,18.11,22.8,1960.19567519531
1996-11-01,    6.25,   -3.82,    1.40,    2.06,   -0.69,    0.41,77.0397,99.8115685410206,0.979192166462668,,158.7,167.2,,70.7965,6.2,5.8595238095,2.759,,,,5.31,,0.5,,3795.5,3438163000000.0,,,,,17.14,23.17,2215.42864607391
1996-12-01,   -1.70,    3.19,    1.28,    0.23,    1.49,    0.46,77.5333,99.899423493265,-0.362756952841601,,159.1,167.4,55.74,71.1487,6.3,5.79,2.597,,,,5.29,,0.5,,3818.7,3562479000000.0,,,,,20.92,23.9,2264.59527826385
1997-01-01,    4.97,   -1.82,   -1.44,    1.22,   -0.07,    0.45,77.6562,100.00249104084,0.854700854700839,,159.4,167.8,55.91,71.72676,6.58,5.8040909091,2.632,,,,5.25,,0.5,,3834.0,3499192000000.0,,,,,19.47,23.28,2427.27279402924
1997-02-01,   -0.48,   -2.54,    5.61,    0.72,    3.47,    0.39,78.5833,100.129028029054,1.83823529411766,,159.7,168.1,56.03,72.37226,6.42,5.5445,2.583,,,,5.19,,0.5,,3845.0,3493103000000.0,,,,,21.1,19.44,2406.63156159363
1997-03-01,   -5.02,   -0.41,    3.39,    0.39,    1.53,    0.43,79.082,100.26561742904,2.94117647058825,,159.8,168.4,56.1,71.80234,6.69,5.7152631579,2.524,,,,5.39,,0.5,,3859.5,3500177000000.0,,,,,22.14,18.53,2420.1842087265
1997-04-01,    4.04,   -5.70,    0.00,    3.36,   -1.02,    0.43,79.1747,100.407606411597,4.93827160493825,,159.9,168.9,56.09,72.46285999999999,6.89,5.8668181818,2.382,,,,5.51,,0.5,,3875.8,3498558000000.0,,,,,20.06,18.25,2389.31814949341
1997-05-01,    6.73,    4.68,   -4.11,   -1.04,   -2.76,    0.49,79.6133,100.549909657154,2.8083028083028,,159.9,169.2,56.25,72.24908,6.71,5.7611111111,2.736,,,,5.5,,0.5,,3890.5,3516345000000.0,,,,,19.19,18.99,2513.29993523407
1997-06-01,    4.10,    1.17,    1.44,    0.56,    0.45,    0.37,79.9792,100.68650683668,4.51770451770451,,160.2,169.4,56.27,71.45201999999999,6.49,5.7185714286,2.684,,,,5.56,,0.5,,3907.1,3549216000000.0,,,,,21.53,18.22,2611.28570015411
1997-07-01,    7.31,   -2.74,    0.13,    0.18,   -2.56,    0.43,80.6624,100.806129988628,6.28078817733989,,160.4,169.7,56.3,70.592,6.22,5.5565217391,2.505,,,,5.52,,0.5,,3924.9,3542370000000.0,,,,,21.48,18.94,2449.19570404663
1997-08-01,   -4.09,    7.50,    1.13,   -1.02,   -0.17,    0.41,81.4694,100.892098228056,5.10948905109489,,160.8,169.8,56.4,71.08192,6.3,5.66,2.354,,,,5.54,,0.5,,3957.7,3531781000000.0,,,,,24.76,17.98,2250.10004305115
1997-09-01,    5.34,    2.48,    0.24,   -1.58,   -0.93,    0.44,82.2156,100.949473698058,4.74452554744524,,161.2,170.2,56.45,72.43581,6.21,5.5927272727,2.21,,,,5.54,,0.5,,3973.7,3543278000000.0,,,,,22.91,19.96,2104.30955452118
1997-10-01,   -3.81,   -0.56,    2.33,    0.75,    2.01,    0.42,82.9446,100.97961617974,6.84596577017117,,161.5,170.6,56.48,71.99746999999999,6.03,5.5781818182,1.994,,,,5.5,,0.5,,3992.7,3555327000000.0,,,,,35.09,19.42,2050.6955684021
1997-11-01,    2.99,   -5.01,    1.22,    3.08,    1.73,    0.39,83.5978,100.977125831586,5.57575757575757,,161.7,170.8,56.56,71.57526,5.88,5.5565,1.941,,,,5.52,,0.5,,4015.0,3587644000000.0,,,,,27.43,18.96,1918.49994499359
1997-12-01,    1.36,   -2.09,    3.74,    0.64,    1.95,    0.48,83.9538,100.941139553274,6.79611650485436,,161.8,171.2,56.63,71.43329,5.81,5.3273684211,1.939,,,,5.5,,0.5,,4033.0,3687146000000.0,,,,,24.01,15.86,1761.45239143524
1998-01-01,    0.14,   -1.28,   -1.68,    0.91,   -0.62,    0.43,84.3218,100.889611396657,6.90072639225183,,162.0,171.6,56.58,71.94194,5.54,5.1123809524,1.948,,,,5.56,,0.5,,4055.2,3658509000000.0,,,,,21.47,15.59,1687.60000986328
1998-02-01,    7.04,    0.05,   -0.93,   -0.37,   -2.58,    0.39,84.4583,100.822795614286,6.73886883273164,,162.0,171.9,56.73,72.29989,5.57,4.989,2.0,,,,5.51,,0.5,,4087.3,3660611000000.0,,,,,18.55,13.53,1663.99998604431
1998-03-01,    4.76,   -0.73,    1.38,   -0.55,   -0.23,    0.39,84.488,100.722356698268,5.59523809523809,,162.0,172.2,56.8,72.30495,5.65,4.8995454545,1.855,,,,5.49,,0.5,,4112.4,3666889000000.0,,,,,24.22,13.87,1747.15916341095
1998-04-01,    0.74,    0.01,    1.03,   -1.68,   -0.36,    0.43,84.7779,100.584999488662,4.70588235294119,,162.2,172.5,56.94,72.24547,5.64,4.902,1.867,,,,5.45,,0.5,,4138.9,3698172000000.0,,,,,21.18,13.79,1800.12507817535
1998-05-01,   -3.05,   -3.00,    3.41,    1.03,    2.47,    0.40,85.3367,100.411949346854,6.05700712589074,,162.6,172.9,57.06,71.5266,5.65,4.9647368421,1.655,,,,5.49,,0.5,,4165.9,3727306000000.0,,,,,21.32,14.03,1731.65792903595
1998-06-01,    3.21,   -3.61,   -2.03,   -0.26,   -3.03,    0.41,84.8248,100.214764970028,3.8551401869159,,162.8,173.2,57.09,70.52314,5.5,4.7985,1.54,,,,5.56,,0.5,,4185.6,3758294000000.0,,,,,19.71,11.84,1656.59518632507
1998-07-01,   -2.42,   -5.20,   -1.83,    1.64,    0.76,    0.40,84.4986,100.024397979834,4.05561993047509,,163.2,173.5,57.09,69.60370999999999,5.46,4.6847826087,1.683,,,,5.54,,0.5,,4205.4,3725595000000.0,,,,,24.8,12.63,1655.66672697449
1998-08-01,  -16.05,   -4.97,    3.57,    3.35,    5.78,    0.43,86.248,99.8650485329177,2.54629629629628,,163.4,174.0,57.11,70.08678,5.34,4.4252380952,1.502,,,,5.55,,0.5,,4229.3,3718421000000.0,,,,,44.28,12.06,1619.92507875671
1998-09-01,    6.19,   -0.89,   -3.51,   -1.84,   -2.84,    0.46,86.2021,99.7690707573185,3.25203252032522,,163.5,174.2,57.09,71.34926999999999,4.81,4.0609090909,1.103,,,,5.51,,0.5,,4268.3,3725841000000.0,,,,,40.95,14.71,1646.77269191284
1998-10-01,    6.98,   -3.36,   -2.33,    0.88,    0.18,    0.32,86.7914,99.7709507336665,1.94508009153317,,163.9,174.4,57.08,71.2055,4.53,4.0645454545,0.879,,,,5.07,,0.5,,4308.2,3740075000000.0,,,,,28.05,12.0,1585.49992534637
1998-11-01,    6.07,    0.76,   -3.24,   -0.92,   -0.92,    0.31,86.7256,99.8738606016013,1.72215843857635,,164.1,174.8,57.08,70.71636,4.83,4.1204761905,0.977,,,,4.83,,0.5,,4346.8,3789869000000.0,,,,,26.01,9.91,1573.72497511139
1998-12-01,    6.15,   -1.50,   -4.25,   -0.69,   -3.26,    0.38,87.1185,100.04116573232,0.0,,164.4,175.4,57.11,70.71896,4.65,3.8635,1.488,,,,4.68,,0.5,,4375.5,3920142000000.0,10449850000000.0,,,,24.42,10.54,1475.76309447174
1999-01-01,    3.47,   -0.82,   -4.46,   -2.80,   -6.41,    0.35,87.4949,100.247567328937,1.2457531143828,117.9,164.7,175.6,57.07,71.07864000000001,4.72,3.702,1.91,,,,4.63,2.0,0.5,,4401.7,3953260000000.0,10550030000000.0,,,,26.25,11.34,1432.00002842255
1999-02-01,   -4.08,   -5.15,    1.95,   -1.23,    4.08,    0.35,88.027,100.457622642888,-0.338218714768863,102.1,164.7,175.6,57.2,71.35999,5.0,3.849,2.117,,,,4.76,2.0,0.5,,4423.7,3911195000000.0,10777840000000.0,,,,27.88,10.58,1412.95
1999-03-01,    3.48,   -4.37,   -2.61,   -4.05,   -1.07,    0.43,88.2267,100.64673152235,-0.225479143179246,109.0,164.8,175.7,57.38,71.00346,5.23,4.037826087,1.816,,,,4.81,2.0,0.5,,4430.1,3929382000000.0,10843820000000.0,,,,23.26,15.02,1378.47727272727
1999-04-01,    4.34,    4.52,    2.40,   -2.47,    0.84,    0.37,88.4295,100.812302087722,0.112359550561799,109.1,165.9,176.3,57.59,70.65607,5.18,3.85,1.563,,,,4.74,1.5,0.5,,4459.9,3950654000000.0,10921830000000.0,,,,25.07,16.45,1463.725
1999-05-01,   -2.46,    3.75,    2.49,    0.95,    3.18,    0.34,88.9886,100.954039259425,-0.111982082866743,108.9,166.0,176.5,57.63,69.95300999999999,5.54,4.0121052632,1.334,,,,4.74,1.5,0.5,,4487.9,3979502000000.0,11006090000000.0,,,,25.39,14.75,1510.44736842105
1999-06-01,    4.77,    2.34,   -3.22,    0.93,   -2.91,    0.40,88.9188,101.061595824512,1.12485939257592,109.1,166.0,176.6,57.62,69.04216,5.9,4.3604761905,1.632,,,,4.76,1.5,0.5,,4510.1,4005344000000.0,11136350000000.0,,,,21.09,16.97,1422.15909090909
1999-07-01,   -3.49,    2.54,   -0.18,    0.29,    3.27,    0.38,89.4333,101.138408414103,0.890868596881947,109.3,166.7,177.1,57.71,68.62926,5.79,4.6763636364,1.703,,,,4.99,1.5,0.5,,4537.6,4021979000000.0,11141410000000.0,,,,24.64,19.97,1639.18181818182
1999-08-01,   -1.37,   -1.67,   -1.93,   -0.24,    0.72,    0.39,89.7924,101.194002798086,2.14446952595937,109.5,167.1,177.3,57.78,69.17564,5.94,4.8790909091,1.878,,,,5.07,1.5,0.5,,4553.6,3991118000000.0,11282700000000.0,,,,24.45,21.08,1646.7380952381
1999-09-01,   -2.77,    2.48,   -2.90,   -0.96,   -0.99,    0.39,89.4299,101.242657999745,2.69966254218221,108.2,167.8,177.8,57.83,70.77847,5.92,5.0404545455,1.759,,,,5.22,1.5,0.5,,4569.5,4000412000000.0,11507930000000.0,,,,25.41,22.98,1749.68181818182
1999-10-01,    6.09,   -7.13,   -2.88,   -1.75,   -0.87,    0.39,90.523,101.292659363948,3.59147025813692,107.0,168.1,178.1,57.86,70.77826999999999,6.11,5.2923809524,1.692,,,,5.2,1.5,0.5,,4592.9,4019772000000.0,11538960000000.0,,,,22.2,21.11,1723.28571428571
1999-11-01,    3.41,    5.69,   -5.65,   -4.18,   -1.84,    0.36,90.9618,101.344523873402,4.51467268623025,107.6,168.4,178.4,57.94,70.07992,6.03,5.04,1.817,,,,5.42,2.0,0.5,,4611.9,4049147000000.0,11655930000000.0,,,,24.18,25.2,1726.77272727273
1999-12-01,    7.66,    5.10,   -7.66,   -8.00,   -5.87,    0.44,91.6634,101.380197251927,4.88636363636364,107.4,168.8,178.7,58.15,70.01177,6.28,5.1476190476,1.767,,,,5.3,2.0,0.5,,4639.1,4142298000000.0,11989790000000.0,,,,24.64,24.93,1764.88235294118
2000-01-01,   -4.74,    4.21,   -1.12,   -6.15,    4.56,    0.41,91.538,101.373394757766,3.0201342281879,108.9,169.3,179.3,58.17,70.93649,6.66,5.5395238095,1.691,,,,5.45,2.0,0.5,,4666.1,4137751000000.0,12122040000000.0,,,,24.95,27.08,1843.85
2000-02-01,    2.45,   18.46,   -9.77,  -18.95,   -1.13,    0.43,91.8239,101.307948762891,5.42986425339365,112.0,170.0,179.4,58.36,71.8595,6.52,5.5085714286,1.796,,,,5.73,2.25,0.5,,4678.7,4133651000000.0,12158300000000.0,,,,23.37,29.01,1807.025
2000-03-01,    5.21,  -15.54,    8.50,   11.65,   -1.20,    0.47,92.1504,101.211579595688,5.76271186440677,111.9,171.0,180.0,58.57,70.86146,6.26,5.3330434783,1.819,,,,5.85,2.5,0.5,,4709.1,4143894000000.0,12258070000000.0,,,,24.11,23.98,1739.8
2000-04-01,   -6.35,   -4.75,    6.45,    8.07,    5.63,    0.46,92.6989,101.093191056934,6.17283950617283,111.4,170.9,180.3,58.62,70.4441,5.99,5.2255555556,1.74,,,,6.02,2.75,0.5,,4766.4,4186038000000.0,12412190000000.0,,,,26.2,23.79,1681.9075
2000-05-01,   -4.39,   -3.86,    4.59,    4.05,    1.47,    0.50,92.9499,100.947375569107,7.51121076233184,111.5,171.2,180.7,58.7,70.02296,6.44,5.3781818182,1.705,,,,6.27,2.75,0.5,,4757.5,4177617000000.0,12405330000000.0,,,,23.65,29.64,1785.09782608696
2000-06-01,    4.68,    9.95,   -8.04,   -8.31,   -3.17,    0.40,92.9862,100.783089848814,5.3392658509455,112.2,172.2,181.1,58.9,69.38736999999999,6.1,5.1913636364,1.664,,,,6.53,3.25,0.5,,4775.8,4186421000000.0,12660530000000.0,,,,19.54,31.58,1752.07272727273
2000-07-01,   -2.48,   -0.94,    8.06,    5.72,    2.98,    0.48,92.8048,100.600841780002,5.73951434878588,112.8,172.7,181.5,58.95,68.97241,6.05,5.2661904762,1.689,,,,6.54,3.25,0.5,,4793.4,4184938000000.0,12632390000000.0,,,,20.74,25.3,1803.14285714286
2000-08-01,    7.03,   -0.95,   -1.37,   -3.06,    1.21,    0.50,92.5521,100.386454700158,5.85635359116021,112.8,172.7,181.9,59.0,69.38316999999999,5.83,5.2104347826,1.75,,,,6.5,3.25,0.5,,4820.4,4176869000000.0,12779030000000.0,,,,16.84,35.08,1857.12391304348
2000-09-01,   -5.44,    0.27,    7.24,    2.70,    5.54,    0.51,92.9792,100.136818580332,5.03833515881709,112.0,173.6,182.3,59.26,70.77847,5.8,5.2633333333,1.876,,,,6.52,3.5,0.5,,4855.9,4182500000000.0,13047380000000.0,,,,20.57,28.42,1961.89285714286
2000-10-01,   -2.78,   -2.58,    5.58,    9.55,    3.71,    0.56,92.6179,99.8353955355492,4.11700975081256,111.4,173.9,182.6,59.29,70.77826999999999,5.74,5.2071428571,1.815,,,,6.51,3.75,0.5,,4871.4,4187284000000.0,12952240000000.0,,,,23.63,30.15,1894.37272727273
2000-11-01,  -10.70,   -0.35,   12.24,   13.05,    8.35,    0.51,92.6438,99.4924544384815,4.85961123110152,110.6,174.2,183.1,59.41,70.99095,5.72,5.1536363636,1.764,,,,6.51,3.75,0.5,,4882.6,4210799000000.0,13099400000000.0,,,,29.65,32.53,1795.60227272727
2000-12-01,    1.18,    3.26,    7.55,    1.92,    4.82,    0.50,92.3415,99.1232761766684,5.85048754062839,110.4,174.6,183.3,59.64,71.06194,5.24,4.8905263158,1.624,,,,6.4,3.75,0.5,,4927.3,4299630000000.0,13461030000000.0,,,,26.85,22.58,1852.4
2001-01-01,    3.25,    5.23,   -5.05,   -5.20,   -5.21,    0.54,91.902,98.7865337341418,5.21172638436483,102.3,175.6,183.9,59.39,71.78772,5.16,4.8031818182,1.508,,,,5.98,3.75,0.5,,4976.8,4348576000000.0,13754360000000.0,,,,22.02,26.59,1787.05681818182
2001-02-01,  -10.03,    2.87,   12.23,    9.12,    9.01,    0.38,91.3034,98.5283564381723,4.39914163090129,119.0,176.0,184.4,59.57,71.8595,5.1,4.7775,1.415,,,,5.49,3.75,0.35,,5014.9,4355581000000.0,13621020000000.0,,,,28.35,25.16,1766.125
2001-03-01,   -7.25,    2.33,    6.47,    3.34,    3.72,    0.42,91.1162,98.3614248541388,3.41880341880342,112.1,176.1,184.7,59.89,71.42835,4.89,4.6677272727,1.169,,,,5.31,3.75,0.25,,5072.2,4385080000000.0,13874450000000.0,,,,28.64,23.5,1742.15909090909
2001-04-01,    7.94,   -0.88,   -4.64,   -3.18,   -3.19,    0.39,90.7891,98.2774505452795,1.37420718816068,111.5,176.4,185.1,60.25,71.57121,5.14,4.8278947368,1.315,,,,4.8,3.75,0.25,,5137.9,4422968000000.0,13995000000000.0,,,,25.48,27.21,1665.97222222222
2001-05-01,    0.68,    3.55,    3.38,    0.29,    1.95,    0.32,90.3555,98.2511704798726,0.31282586027112,110.2,177.3,185.3,60.53,71.21335,5.39,5.0468181818,1.25,,,,4.21,3.5,0.25,,5139.1,4445379000000.0,13901590000000.0,,,,22.64,28.55,1684.85
2001-06-01,   -1.94,    6.69,   -1.26,    1.57,   -1.67,    0.28,89.8784,98.2279522093492,1.58394931362196,110.1,177.7,186.0,60.63,70.3588,5.28,5.0,1.152,,,,3.97,3.5,0.25,,5182.3,4492195000000.0,14780970000000.0,,,,19.06,26.21,1610.46904761905
2001-07-01,   -2.13,   -2.86,    4.95,    7.29,    2.90,    0.30,89.3028,98.1833711862075,-1.46137787056366,108.1,177.4,186.4,60.49,70.007,5.24,5.0159090909,1.305,,,,3.77,3.5,0.25,,5212.0,4479923000000.0,14922870000000.0,,,,21.62,24.35,1526.77045454545
2001-08-01,   -6.40,    2.54,    2.86,    3.81,    6.53,    0.31,89.2003,98.1205422364184,0.939457202505232,108.1,177.4,186.7,60.44,70.077,4.97,4.8239130435,1.343,,,,3.65,3.25,0.25,,5244.4,4461073000000.0,14994180000000.0,,,,24.92,26.8,1466.41136363636
2001-09-01,   -9.24,   -5.74,    1.52,    5.03,    3.35,    0.28,88.7485,98.0797949880945,-0.521376433785188,109.5,178.1,187.1,60.6,70.7077,4.73,4.813,1.346,,,,3.07,2.75,0.1,,5355.9,4508739000000.0,15182020000000.0,,,,31.93,21.87,1427.69736842105
2001-10-01,    2.48,    5.34,   -7.31,   -2.98,   -4.36,    0.22,88.5052,98.1306281960496,-2.08116545265349,108.8,177.6,187.4,60.66,70.91982,4.57,4.5995652174,1.363,,,,2.49,2.75,0.1,,5344.0,4512933000000.0,15149730000000.0,,,,33.56,19.63,1377.37608695652
2001-11-01,    7.53,   -0.36,    2.17,   -3.49,   -1.68,    0.17,87.97,98.2987670626016,-3.70751802265705,107.9,177.5,188.1,60.62,70.77798,4.65,4.4477272727,1.328,,,,2.09,2.25,0.1,,5387.5,4565041000000.0,15408830000000.0,,,,23.84,18.92,1434.29318181818
2001-12-01,    1.61,    5.11,    0.83,    0.26,   -0.28,    0.15,87.9324,98.5630983837654,-3.58239508700103,108.7,177.4,188.4,60.89,70.84876,5.09,4.7358823529,1.334,,,,1.82,2.25,0.1,,5440.1,4684363000000.0,15830190000000.0,,,,23.8,19.35,1472.84705882353
2002-01-01,   -1.44,    1.28,    3.42,    4.73,    2.83,    0.14,88.5176,98.8692007149855,-2.78637770897833,118.6,177.7,188.7,60.96,71.0613,5.04,4.8627272727,1.42,,,,1.73,2.25,0.1,,5459.6,4655663000000.0,15966860000000.0,,,,21.09,19.07,1508.22727272727
2002-02-01,   -2.28,   -0.38,    2.34,    8.03,    5.10,    0.13,88.5278,99.1592803640643,-2.87769784172661,102.7,178.0,189.1,61.06,71.84298000000001,4.91,4.9195,1.501,,,,1.74,2.25,0.1,,5488.4,4644451000000.0,16093560000000.0,,,,21.59,20.73,1561.3675
2002-03-01,    4.24,    4.15,    1.08,   -1.83,    0.66,    0.13,89.1686,99.3771292054204,-1.5495867768595,110.9,178.5,189.2,61.4,70.90902,5.28,5.161,1.421,,,,1.73,2.25,0.1,,5499.8,4670235000000.0,16406460000000.0,,,,17.4,25.34,1607.3925
2002-04-01,   -5.21,    6.63,    4.01,    4.59,    5.35,    0.15,89.604,99.467213067611,-0.83420229405632,112.1,179.3,189.7,61.68,70.6963,5.21,5.1552380952,1.394,,,,1.75,2.25,0.1,,5501.3,4706318000000.0,16457060000000.0,,,,21.91,26.98,1588.57142857143
2002-05-01,   -1.36,   -3.07,    1.52,    2.31,    2.53,    0.14,89.964,99.4099182873882,-0.727650727650726,112.9,179.5,190.0,61.79,70.48421,5.16,5.1677272727,1.365,,,,1.75,2.25,0.1,,5530.1,4728195000000.0,16606100000000.0,,,,19.98,23.87,1597.02272727273
2002-06-01,   -7.23,    3.76,    0.37,    3.92,    2.66,    0.13,90.7061,99.213987449999,-0.311850311850316,112.4,179.6,190.2,61.77,69.84985,4.93,5.0175,1.328,,,,1.75,2.25,0.1,,5555.3,4768158000000.0,16960120000000.0,,,,25.4,25.33,1650.59444444444
2002-07-01,   -8.19,   -6.33,   -3.51,    3.84,   -1.10,    0.15,90.6769,98.9320631250008,0.847457627118644,112.8,180.0,190.5,61.7,69.3609,4.65,4.8673913043,1.296,,,,1.73,2.25,0.1,,5597.6,4758307000000.0,17085110000000.0,,,,32.03,26.28,1588.2847826087
2002-08-01,    0.50,   -1.28,    3.01,    1.37,   -1.40,    0.14,90.5762,98.6310622879133,-1.13753877973113,112.7,180.5,191.1,61.75,69.56898000000001,4.26,4.5895454545,1.255,,,,1.74,2.25,0.1,,5638.5,4750263000000.0,17325090000000.0,,,,32.64,27.56,1482.91666666667
2002-09-01,  -10.34,    3.05,    1.26,    3.29,   -2.29,    0.14,90.6531,98.3517229120771,0.524109014675048,113.8,180.8,191.3,61.9,70.26467,3.87,4.3852380952,1.129,,,,1.75,2.25,0.1,,5662.9,4792133000000.0,17698240000000.0,,,,39.69,29.11,1478.93333333333
2002-10-01,    7.84,   -4.29,   -3.76,   -3.16,    0.73,    0.14,90.4643,98.1317987288604,1.27523910733263,114.2,181.2,191.5,62.05,70.4052,3.94,4.4639130435,1.095,,,,1.75,2.25,0.1,,5707.3,4811015000000.0,17729420000000.0,,,,31.14,25.51,1486.17173913043
2002-11-01,    5.96,    2.94,   -1.16,   -9.25,    5.16,    0.12,90.9711,97.9863105583494,2.56684491978609,114.5,181.5,191.9,62.0,70.33479,4.05,4.4776190476,0.979,,,,1.34,2.25,0.1,,5758.0,4875496000000.0,17973630000000.0,,,,27.5,25.74,1581.03571428571
2002-12-01,   -5.76,    0.55,    2.11,    6.32,   -1.79,    0.11,90.4652,97.888555823384,0.318471337579622,114.9,181.8,192.1,62.3,70.5458,4.03,4.3355555556,0.975,,,,1.24,1.75,0.1,732059.0,5779.0,4981449000000.0,18500730000000.0,,,,28.62,30.12,1592.96428571429
2003-01-01,   -2.57,    0.71,   -0.79,   -0.93,    0.69,    0.10,91.2361,97.817272704837,1.9108280254777,114.8,182.6,192.4,62.27,71.3218,4.05,4.18,0.836,2.19,2.13,1.81,1.24,1.75,0.1,712809.0,5811.1,4923614000000.0,19018830000000.0,,,,31.17,31.57,1650.311363636364
2003-02-01,   -1.88,   -0.87,   -1.36,    0.79,   -0.68,    0.09,91.3445,97.783096421709,1.7989417989418,119.8,183.6,192.5,62.52,71.9637,3.9,3.955,0.828,1.77,2.13,1.94,1.26,1.75,0.1,721980.0,5846.8,4951523000000.0,19010840000000.0,,,,29.63,34.0,1682.145
2003-03-01,    1.09,    0.77,   -2.11,    1.68,   -0.81,    0.10,91.1044,97.8183479435325,0.104931794333696,116.9,183.9,192.5,62.88,71.53191,3.81,4.0004761905,0.724,2.03,1.95,1.8,1.25,1.5,0.1,725019.0,5866.3,5006352000000.0,19448730000000.0,,,,29.15,28.05,1655.692857142857
2003-04-01,    8.18,    1.14,    1.22,   -4.68,    0.98,    0.10,90.5617,97.9503964357439,0.736067297581491,114.9,183.2,192.5,62.98,71.38885,3.96,4.147,0.663,2.16,2.01,1.73,1.26,1.5,0.1,746294.0,5904.9,5052347000000.0,19613010000000.0,,,,21.21,23.6,1587.8675
2003-05-01,    6.05,    4.78,    0.70,   -6.94,    3.07,    0.09,90.537,98.173603723175,-1.36125654450262,113.7,182.9,192.9,62.94,70.88913000000001,3.57,3.8152380952,0.577,1.77,1.94,1.6,1.26,1.5,0.1,744896.0,5967.0,5109432000000.0,19950520000000.0,,,,19.47,26.58,1651.1
2003-06-01,    1.42,    1.65,    0.14,    0.44,   -0.40,    0.10,90.6527,98.4612726301053,-1.77267987486966,116.9,183.1,193.0,63.02,70.03846,3.33,3.6166666667,0.529,1.9,1.83,1.64,1.22,1.0,0.1,744018.0,6003.9,5130101000000.0,20493140000000.0,,,,19.52,28.88,1685.107142857143
2003-07-01,    2.33,    4.40,   -1.53,   -3.89,    1.52,    0.07,91.1185,98.798782243329,0.630252100840321,116.5,183.7,193.4,62.92,69.68826999999999,3.98,3.9726086957,0.956,2.41,2.41,2.08,1.01,1.0,0.1,740295.0,6050.4,5124234000000.0,20619310000000.0,,,,19.49,28.68,1712.826086956522
2003-08-01,    2.33,    2.37,    1.64,   -2.29,    2.15,    0.07,90.9197,99.1748610102057,-0.836820083682008,117.1,184.5,193.6,63.02,70.17609,4.45,4.13,1.406,2.29,2.33,2.16,1.03,1.0,0.1,740637.0,6107.0,5125966000000.0,21059190000000.0,,,,18.63,30.38,1756.725
2003-09-01,   -1.24,    0.57,    0.14,    0.90,    0.41,    0.08,91.5059,99.5774661480807,-1.45985401459854,116.3,185.1,193.7,63.24,71.0182,4.27,4.1713636364,1.42,1.95,2.16,2.01,1.01,1.0,0.1,741193.0,6080.0,5136978000000.0,21356710000000.0,,,,22.72,28.09,1789.670454545455
2003-10-01,    6.08,    2.63,    2.21,   -1.38,    1.65,    0.07,91.6186,99.9849607556768,1.67890870933894,117.2,184.9,194.0,63.34,71.65736,4.29,4.2213043478,1.437,1.93,2.74,2.4,1.01,1.0,0.1,747272.0,6070.2,5157878000000.0,21446940000000.0,,,,16.1,27.88,1925.582608695652
2003-11-01,    1.35,    2.31,    1.72,    0.21,    1.68,    0.07,92.2329,100.364160619438,0.729927007299268,117.9,185.0,194.0,63.36,72.37394,4.3,4.353,1.333,2.03,2.6,2.31,1.0,1.0,0.1,756964.0,6075.5,5206044000000.0,21635170000000.0,,,,16.32,28.95,2053.275
2003-12-01,    4.29,   -2.51,    1.51,    0.57,    0.85,    0.08,92.2602,100.681930649507,2.43386243386242,118.1,185.5,194.2,63.56,72.80818000000001,4.27,4.2910526316,1.33,2.0,2.51,2.27,0.98,1.0,0.1,771551.0,6073.5,5297999000000.0,22122280000000.0,,,,18.31,30.3,2202.035714285714
2004-01-01,    2.15,    2.46,    2.42,   -3.60,    3.33,    0.07,92.4006,100.921236206483,0.729166666666676,107.2,186.3,194.6,63.42,73.60906999999999,4.15,4.170952381,1.33,1.85,2.46,2.31,1.0,1.0,0.1,755279.0,6081.3,5271712000000.0,22510190000000.0,,,,16.63,29.53,2421.47619047619
2004-02-01,    1.40,   -0.92,    0.95,    2.13,   -1.17,    0.06,92.958,101.064941444382,1.03950103950104,123.2,186.7,194.9,63.57,73.46185,4.08,4.11,1.211,1.61,2.38,2.38,1.01,1.0,0.1,750666.0,6120.7,5273548000000.0,22705070000000.0,,,,14.55,32.94,2751.7175
2004-03-01,   -1.32,    2.11,    0.23,    1.65,   -0.98,    0.09,92.5861,101.131809736442,1.57232704402515,119.4,187.1,195.5,63.97,73.68224000000001,3.83,3.9134782609,1.418,1.48,2.47,2.38,1.0,1.0,0.1,760725.0,6156.3,5310219000000.0,23165460000000.0,,,,16.74,32.29,3000.282608695652
2004-04-01,   -1.82,   -2.06,   -3.23,    3.46,   -2.83,    0.08,92.93,101.133947730905,2.08768267223382,119.1,187.4,195.9,64.3,74.05065,4.35,4.097,1.52,2.11,2.5,2.42,1.0,1.0,0.1,772927.0,6198.5,5344467000000.0,23362790000000.0,,,,17.19,35.23,2926.975
2004-05-01,    1.18,   -0.40,   -0.18,   -1.17,    0.01,    0.06,93.6013,101.091310682141,3.92781316348196,117.5,188.2,196.2,64.5,73.9766,4.72,4.2533333333,1.505,2.0,2.77,2.66,1.0,1.0,0.1,771108.0,6277.2,5377365000000.0,23484240000000.0,,,,15.5,37.0,2728.460526315789
2004-06-01,    1.86,    2.52,    1.21,    1.12,   -0.31,    0.08,92.871,101.013529018558,3.92781316348196,116.2,188.9,196.6,64.54,73.45876,4.73,4.3127272727,1.807,2.1,2.61,2.52,1.03,1.0,0.1,779578.0,6279.3,5408012000000.0,23842750000000.0,,,,14.34,33.22,2689.045454545455
2004-07-01,   -4.04,   -2.92,    3.22,    5.21,   -1.68,    0.10,93.5649,100.907008521808,3.02713987473906,115.5,189.1,196.8,64.4,73.31184,4.5,4.2368181818,1.808,2.01,2.57,2.49,1.26,1.0,0.1,773916.0,6292.3,5428440000000.0,23812700000000.0,,,,15.32,41.47,2816.795454545455
2004-08-01,    0.08,   -1.18,    1.09,    1.21,   -1.35,    0.11,93.6277,100.788448611038,1.89873417721519,115.9,189.2,196.9,64.53,73.82503,4.28,4.0804545455,1.588,1.78,2.43,2.35,1.43,1.0,0.1,775437.0,6317.7,5397916000000.0,23972920000000.0,,,,15.29,39.8,2844.202380952381
2004-09-01,    1.60,    3.22,   -0.07,   -1.49,   -1.72,    0.11,93.7467,100.685049387672,3.8095238095238,116.1,189.8,197.5,64.6,74.6371,4.13,4.0163636364,1.393,1.77,2.41,2.37,1.61,1.0,0.1,786330.0,6352.3,5451083000000.0,24375690000000.0,,,,13.34,47.76,2903.170454545455
2004-10-01,    1.42,    0.16,   -0.25,   -0.53,    0.41,    0.11,94.5465,100.615371134175,1.75438596491227,115.7,190.8,197.9,64.85,74.6371,4.1,3.8947619048,1.483,1.63,2.35,2.42,1.76,1.0,0.1,791336.0,6379.9,5490285000000.0,24374030000000.0,,,,16.27,48.16,3009.404761904762
2004-11-01,    4.53,    4.12,    1.57,   -0.52,   -0.18,    0.15,94.7813,100.587997488998,0.931677018633541,114.8,191.7,198.3,64.81,74.41319,4.19,3.7804545455,1.452,1.75,2.46,2.61,1.93,1.0,0.1,809956.0,6406.3,5528865000000.0,24713560000000.0,,,,13.24,44.23,3130.309090909091
2004-12-01,    3.41,   -0.04,   -0.22,   -1.07,    0.39,    0.16,95.5365,100.576207054791,0.723140495867778,114.4,191.7,198.6,65.05,74.4876,4.23,3.5795238095,1.397,1.68,2.48,2.56,2.16,1.0,0.1,810944.0,6424.3,5632265000000.0,25320770000000.0,,,,13.29,40.38,3139.785714285714
2005-01-01,   -2.75,   -1.11,    2.05,    2.80,   -1.41,    0.16,95.8801,100.544254134136,1.65460186142709,120.9,191.6,199.0,64.65,74.93453000000001,4.22,3.5647619048,1.31,1.65,2.4,2.49,2.28,1.0,0.1,807262.0,6429.9,5637298000000.0,25770850000000.0,,,,12.82,44.51,3168.1
2005-02-01,    1.88,   -0.30,    1.41,    1.32,   -0.21,    0.16,96.5761,100.485690224325,0.925925925925915,107.6,192.4,199.4,64.89,76.28336,4.17,3.544,1.419,1.7,2.5,2.66,2.5,1.0,0.1,804576.0,6437.7,5643364000000.0,25935730000000.0,,,,12.08,50.13,3247.1
2005-03-01,   -1.93,   -1.41,    2.07,    0.44,    1.34,    0.21,96.4456,100.411920456352,1.13519091847264,115.1,193.1,200.1,65.37,75.5968,4.5,3.6961904762,1.325,1.79,2.55,2.71,2.63,1.0,0.1,807551.0,6446.6,5680387000000.0,26458890000000.0,,,,14.02,53.22,3378.904761904762
2005-04-01,   -2.60,   -3.97,    0.05,    0.97,   -0.85,    0.21,96.6532,100.35904929942,1.73824130879346,116.0,193.7,200.2,65.64,75.37001,4.34,3.4823809524,1.257,1.61,2.47,2.6,2.79,1.0,0.1,809797.0,6461.4,5738282000000.0,26699270000000.0,,,,15.31,50.61,3389.809523809524
2005-05-01,    3.65,    2.76,   -0.59,   -1.02,    0.28,    0.24,96.7402,100.352395667155,0.204290091930533,116.6,193.6,200.5,65.78,75.21927,4.14,3.3040909091,1.238,1.63,2.27,2.37,3.0,1.0,0.1,810160.0,6480.6,5778327000000.0,26924050000000.0,,,,13.29,49.3,3241.9
2005-06-01,    0.58,    3.26,    2.80,    0.87,   -0.52,    0.23,97.1753,100.389011940112,1.12359550561797,116.8,193.7,200.6,65.86,74.61752,4.0,3.1263636364,1.143,1.67,2.23,2.27,3.04,1.0,0.1,810082.0,6513.2,5858475000000.0,27578550000000.0,,,,12.04,55.36,3529.727272727273
2005-07-01,    3.92,    2.76,   -0.78,   -1.19,   -0.78,    0.24,96.8676,100.442580289564,0.911854103343454,116.1,194.9,200.9,65.78,74.61752,4.18,3.2057142857,1.295,1.92,2.4,2.36,3.26,1.0,0.1,814259.0,6545.1,5896526000000.0,27696630000000.0,,,,11.57,59.77,3608.47619047619
2005-08-01,   -1.20,   -0.94,    1.34,   -1.96,    0.38,    0.30,97.1833,100.513940718187,1.86335403726709,116.0,196.1,201.1,65.94,74.76675,4.26,3.2326086957,1.365,1.65,2.3,2.37,3.5,1.0,0.1,823237.0,6576.7,5859423000000.0,28128820000000.0,,,,12.6,66.8,3791.909090909091
2005-09-01,    0.48,   -0.31,    0.78,    0.26,   -0.61,    0.29,95.3005,100.618749812701,1.7329255861366,116.5,198.8,201.3,66.28,75.29012,4.2,3.0677272727,1.45,1.78,2.4,2.56,3.62,1.0,0.1,823771.0,6610.2,5939643000000.0,28743830000000.0,,,,11.92,61.7,3850.659090909091
2005-10-01,   -2.04,   -1.50,    0.43,   -0.70,   -1.26,    0.27,96.4572,100.769094174383,1.41987829614605,116.1,199.1,202.0,66.45,75.59128,4.46,3.2385714286,1.513,2.0,2.5,2.57,3.78,1.0,0.1,819105.0,6644.0,5976941000000.0,28759160000000.0,,,,15.32,58.47,4056.166666666667
2005-11-01,    3.61,    0.90,   -1.19,   -0.79,   -1.09,    0.31,97.5414,100.950722495772,4.20512820512819,116.6,198.1,202.5,66.31,75.36451,4.54,3.4481818182,1.454,2.12,2.39,2.37,4.0,1.0,0.1,835059.0,6660.6,6002366000000.0,29235040000000.0,,,,12.06,53.25,4278.159090909091
2005-12-01,   -0.24,   -0.25,    0.15,    0.18,    0.20,    0.32,98.0452,101.124312865821,3.0769230769231,116.5,198.1,202.8,66.53,75.66596,4.47,3.3376190476,1.488,2.06,2.36,2.33,4.16,1.25,0.1,847700.0,6687.4,6168737000000.0,29875550000000.0,,,,12.07,58.34,4577.025
2006-01-01,    3.03,    5.83,    0.99,   -0.66,   -0.35,    0.35,98.1999,101.259276768784,3.05188199389622,,199.3,203.2,66.24,76.64962,4.42,3.3213636364,1.547,2.0,2.48,2.53,4.29,1.25,0.1,828901.0,6728.4,6134008000000.0,30353860000000.0,99.4311,,,12.95,63.19,4743.857142857143
2006-02-01,   -0.30,   -0.46,   -0.31,   -0.54,    1.98,    0.34,98.2413,101.346048158814,3.26197757390417,120.1,199.4,203.6,66.42,77.03286999999999,4.57,3.4725,1.598,2.02,2.38,2.53,4.49,1.25,0.1,840555.0,6753.1,6157331000000.0,30451630000000.0,99.7695,,,12.34,59.78,4974.975
2006-03-01,    1.47,    3.34,    0.61,    0.03,   -0.44,    0.37,98.4628,101.378532741895,4.08163265306122,117.8,199.7,204.3,66.81,76.33958,4.72,3.6373913043,1.759,2.35,2.44,2.51,4.59,1.5,0.1,833675.0,6766.9,6212517000000.0,31049070000000.0,100.56,,,11.39,66.06,5123.673913043478
2006-04-01,    0.73,   -0.79,    2.26,    1.74,   -0.13,    0.36,98.7618,101.352513840296,2.8140703517588,116.6,200.7,204.8,67.25,76.49226,4.99,3.895,1.956,2.39,2.69,2.68,4.79,1.5,0.1,844572.0,6806.3,6316677000000.0,31370180000000.0,98.1412,,,11.59,72.15,6404.444444444444
2006-05-01,   -3.56,   -2.90,    2.38,    0.87,    1.53,    0.43,98.7869,101.290699813021,5.91233435270135,117.9,201.3,205.4,67.44,76.41575999999999,5.11,3.9627272727,1.849,2.48,2.6,2.64,4.94,1.5,0.1,851580.0,6815.7,6321177000000.0,31670980000000.0,97.7705,,,16.44,67.57,8059.190476190476
2006-06-01,   -0.34,   -0.24,    0.85,    1.32,   -0.13,    0.40,99.0997,101.229184571129,4.84848484848484,119.5,201.8,205.9,67.49,76.03368,5.11,3.9604545455,1.901,2.54,2.59,2.61,4.99,1.75,0.1,844436.0,6854.0,6386776000000.0,32275640000000.0,98.2483,,,13.08,73.2,7222.772727272727
2006-07-01,   -0.77,   -3.60,    2.62,    1.63,    0.84,    0.40,99.0489,101.189459442917,3.91566265060241,116.7,202.9,206.3,67.41,75.80558,5.09,4.01,1.927,2.41,2.62,2.58,5.24,1.75,0.4,841552.0,6896.1,6382249000000.0,32401080000000.0,97.9996,,,14.95,74.75,7726.738095238095
2006-08-01,    2.03,    0.45,   -1.95,   -1.81,    2.14,    0.42,99.4836,101.19353402526,5.48780487804876,115.7,203.8,206.8,67.47,76.033,4.88,3.8839130435,1.668,2.24,2.56,2.5,5.25,2.0,0.4,850925.0,6926.4,6360016000000.0,32788570000000.0,97.644,,,12.31,67.66,7690.25
2006-09-01,    1.84,   -1.39,    0.06,    0.78,    0.46,    0.41,99.3183,101.253445492333,4.10821643286575,116.1,202.8,207.2,67.47,76.41315999999999,4.72,3.7538095238,1.628,2.27,2.49,2.37,5.25,2.0,0.4,849971.0,6952.8,6461105000000.0,33186540000000.0,98.1054,,,11.98,59.09,7622.642857142857
2006-10-01,    3.22,    1.98,   -0.33,   -0.11,    0.32,    0.41,99.2044,101.347729730142,3.70000000000002,114.7,201.9,207.6,67.53,76.48958,4.73,3.7877272727,1.718,2.34,2.44,2.27,5.25,2.25,0.4,852648.0,7002.1,6472185000000.0,33274720000000.0,97.3901,,,11.1,56.13,7497.409090909091
2006-11-01,    1.70,    0.63,    0.03,    0.20,   -0.80,    0.42,99.1627,101.462076923501,2.95275590551183,114.9,202.0,207.8,67.55,76.71905,4.6,3.7140909091,1.69,2.16,2.36,2.3,5.25,2.25,0.4,856671.0,7037.3,6535927000000.0,33750420000000.0,96.5779,,,10.91,64.36,7029.295454545455
2006-12-01,    0.85,   -0.81,    2.75,   -0.65,    1.88,    0.40,100.1735,101.585780764336,5.67164179104476,114.7,203.1,208.1,67.81,77.79311,4.56,3.7705263158,1.645,2.41,2.34,2.3,5.24,2.5,0.4,869988.0,7079.3,6743791000000.0,34557790000000.0,97.0312,,,11.56,58.96,6680.973684210526
2007-01-01,    1.38,    0.02,   -0.68,    0.19,    0.40,    0.44,99.8346,101.70629460971,4.34353405725569,,203.437,208.6,67.47,78.33766,4.76,4.0168181818,1.705,2.4,2.44,2.43,5.25,2.5,0.4,865730.0,7115.6,6704078690000.0,35149880000000.0,97.964,,,10.42,56.52,5689.340909090909
2007-02-01,   -1.96,    1.33,   -0.08,   -0.52,   -0.66,    0.38,100.7753,101.824243642636,4.93583415597236,112.6,204.226,209.135,67.67,79.12104000000001,4.72,4.049,1.64,2.2,2.32,2.36,5.26,2.5,0.75,877409.0,7131.9,6707663590000.0,35865930000000.0,97.2386,,,15.42,59.39,5718.15
2007-03-01,    0.71,    0.14,   -0.88,    0.55,   -0.67,    0.43,100.9547,101.946119510877,4.80392156862747,117.6,205.288,209.418,68.12,78.88367,4.56,3.9409090909,1.629,2.21,2.37,2.44,5.26,2.75,0.75,869803.0,7164.7,6830308980000.0,36410470000000.0,96.3183,,,14.64,68.47,6465.295454545455
2007-04-01,    3.49,   -2.08,   -1.45,    1.18,    1.01,    0.44,101.6334,102.061776111637,3.12805474095796,117.4,205.904,209.747,68.55,78.80479,4.69,4.1521052632,1.653,2.2,2.41,2.43,5.25,2.75,0.75,879686.0,7239.9,6875257540000.0,36732650000000.0,94.8365,,,14.22,67.23,7753.342105263158
2007-05-01,    3.24,    0.33,   -0.58,    1.47,   -1.26,    0.41,101.7306,102.149572052437,3.36862367661211,118.1,206.755,210.058,68.71,79.04120999999999,4.75,4.279047619,1.733,2.54,2.39,2.36,5.25,2.75,0.75,876986.0,7257.1,6928872610000.0,36971820000000.0,94.3215,,,13.05,68.18,7677.952380952381
2007-06-01,   -1.96,    0.70,   -1.05,    0.49,    0.06,    0.40,101.7893,102.195194393758,3.56454720616571,119.4,207.234,210.392,68.78,79.35738,5.1,4.5604761905,1.903,2.65,2.43,2.38,5.25,3.0,0.75,865105.0,7290.6,7023576910000.0,37783220000000.0,94.1393,,,16.23,72.22,7514.238095238095
2007-07-01,   -3.72,   -3.05,   -3.68,    0.26,   -1.16,    0.40,101.6672,102.182394773046,3.96135265700484,118.0,207.603,210.773,68.62,80.07159,5.0,4.505,1.809,2.44,2.51,2.34,5.26,3.0,0.75,863890.0,7321.8,7063718310000.0,38388490000000.0,93.4264,,,23.52,77.01,7980.931818181818
2007-08-01,    0.94,   -0.33,   -1.87,   -1.27,   -0.57,    0.42,101.863,102.108217086111,4.43159922928711,117.5,207.667,211.119,68.67,81.03245,4.67,4.2965217391,1.577,2.34,2.43,2.2,5.02,3.0,0.75,872873.0,7397.0,7044759300000.0,38720500000000.0,93.6674,,,23.38,72.29,7500.204545454545
2007-09-01,    3.22,   -2.44,   -2.17,   -0.49,   -2.94,    0.32,102.0894,102.000347101834,3.84985563041385,118.9,208.547,211.554,68.93,81.27554,4.52,4.226,1.698,2.27,2.53,2.32,4.94,3.0,0.75,889900.0,7413.8,7140136020000.0,39309890000000.0,90.9446,,,18.0,80.97,7671.35
2007-10-01,    1.79,   -0.03,   -2.87,   -0.33,    0.06,    0.32,101.8015,101.87941129509,4.91803278688522,117.9,209.19,212.077,69.27,81.51937,4.53,4.2826086957,1.616,2.14,2.42,2.34,4.76,3.0,0.75,883385.0,7429.0,7229789160000.0,39420420000000.0,89.1389,,,18.53,89.87,8020.586956521739
2007-11-01,   -4.80,   -2.91,   -1.09,    1.75,   -0.36,    0.34,102.3446,101.750489339124,3.34608030592732,117.3,210.834,212.66,69.65,82.09000999999999,4.15,4.0890909091,1.497,1.63,2.44,2.34,4.49,3.0,0.75,879417.0,7454.0,7288789240000.0,39975790000000.0,89.6212,,,22.87,88.71,6957.431818181818
2007-12-01,   -0.87,    0.18,   -0.51,    0.90,   -1.07,    0.27,102.3803,101.625373087458,2.25988700564973,117.4,211.445,213.168,69.92,82.91091,4.1,4.2058823529,1.526,1.73,2.35,2.31,4.24,3.0,0.75,890662.0,7482.7,7436873890000.0,40340130000000.0,89.6304,,,22.5,93.68,6630.736111111111
2008-01-01,   -6.32,   -0.63,    4.00,    2.12,    2.06,    0.21,102.2448,101.494000685579,3.59508041627248,,212.174,213.771,69.68,83.90584,3.74,4.0277272727,1.429,1.33,2.53,2.34,3.94,3.0,0.75,900264.0,7513.6,7449456190000.0,41784617000000.0,88.6547,,,26.2,91.58,7078.909090909091
2008-02-01,   -3.09,   -0.64,   -0.72,    1.07,   -0.97,    0.13,101.8438,101.344112333772,2.91627469426154,115.4,212.687,213.939,69.92,86.08739,3.74,3.9528571429,1.429,1.1,2.56,2.43,2.98,3.0,0.75,893825.0,7600.3,7471674820000.0,42103784000000.0,87.1654,,,26.54,100.9,7941.142857142857
2008-03-01,   -0.94,    0.59,    0.31,    0.89,    0.47,    0.17,101.5336,101.1775627464,1.77736202057996,117.8,213.448,214.42,70.61,85.48478,3.51,3.7994736842,1.245,1.11,2.49,2.34,2.61,3.0,0.75,893965.0,7664.9,7544870830000.0,42305453000000.0,86.6881,,,25.61,102.33,8434.315789473683
2008-04-01,    4.61,   -1.16,   -0.96,    1.81,   -2.56,    0.18,100.8785,100.970126595153,4.36018957345971,115.7,213.942,214.56,70.84,85.57027,3.68,4.04,1.6,1.5,2.28,2.27,2.28,3.0,0.75,888131.0,7711.4,7625570920000.0,42931372000000.0,86.8907,,,20.79,111.12,8714.181818181818
2008-05-01,    1.87,    3.04,   -1.50,    0.92,    0.14,    0.18,100.2674,100.688914125146,-0.465549348230898,116.0,215.208,214.936,71.28,85.22798,3.88,4.2019047619,1.778,1.58,2.56,2.48,1.98,3.0,0.75,904054.0,7728.3,7688719570000.0,43622160000000.0,86.5504,,,17.83,127.85,8356.125
2008-06-01,   -8.43,    1.16,   -2.51,    4.98,   -0.69,    0.17,100.0335,100.296330757999,-0.372093023255819,116.0,217.463,215.424,71.56,85.05753,4.1,4.5204761905,1.601,1.48,2.39,2.51,2.0,3.0,0.75,892713.0,7747.3,7734626560000.0,44314102000000.0,86.7621,,,23.95,138.4,8292.0
2008-07-01,   -0.75,    3.71,    5.20,   -1.36,    0.99,    0.15,99.676,99.760575527776,-1.39405204460968,114.7,219.016,215.965,71.45,85.14259,4.01,4.4904347826,1.537,1.65,2.52,2.34,2.01,3.25,0.75,918625.0,7794.9,7750323860000.0,44636217000000.0,86.8567,,,22.94,124.1,8407.021739130436
2008-08-01,    1.53,    3.28,    1.52,    1.83,    0.66,    0.13,98.1111,99.0648669218098,-2.49077490774909,112.8,218.69,216.393,71.35,85.05744,3.89,4.2023809524,1.431,1.68,2.41,2.15,2.0,3.25,0.75,909982.0,7808.8,7759475670000.0,44884668000000.0,90.0567,,,20.65,113.49,7633.8
2008-09-01,   -9.35,    0.38,    5.66,    2.40,    1.70,    0.15,93.7895,98.2224896355455,-2.78035217794253,111.4,218.877,216.713,71.49,85.05744,3.69,4.0940909091,1.481,2.25,2.23,1.6,1.81,3.25,0.75,1211825.0,7873.6,7839898820000.0,45289871000000.0,92.3773,,,39.39,93.52,6975.113636363636
2008-10-01,  -17.20,   -3.06,   -1.89,    2.73,    1.38,    0.08,94.7219,97.2959579745484,-5.97426470588235,108.2,216.995,216.788,71.51,84.80227,3.81,3.8834782609,1.486,3.14,2.73,0.87,0.97,3.25,0.5,1969086.0,7976.3,7972122000000.0,45313332000000.0,99.7662,,,59.89,60.0,4894.891304347826
2008-11-01,   -7.74,   -4.00,   -6.21,    4.67,    2.39,    0.03,93.4715,96.4086000922858,-8.78815911193339,105.4,213.153,216.947,71.17,84.12385,3.53,3.5565,1.377,2.6,2.97,0.33,0.39,2.75,0.5,2106117.0,8027.8,8018985080000.0,45864466000000.0,101.6468,,,55.84,47.72,3729.1875
2008-12-01,    1.77,    3.33,    0.05,    0.03,   -1.52,    0.00,90.8357,95.6617456335782,-12.6151012891344,105.7,211.398,216.925,71.08,83.9556,2.42,3.0478947368,1.214,2.14,0.48,0.11,0.16,2.0,0.3,2239457.0,8203.0,8103056980000.0,47516660000000.0,98.6518,,,40.0,35.82,3105.095238095238
2009-01-01,   -8.09,   -2.09,  -11.02,    0.00,   -1.16,    0.00,88.57,95.1197005249761,-16.8036529680365,111.0,211.933,217.346,70.5,84.7112,2.52,3.070952381,1.272,1.73,1.91,1.14,0.15,1.0,0.3,1927082.0,8284.2,8101892210000.0,49613530776673.4,102.1169,,,44.84,44.17,3260.357142857143
2009-02-01,  -10.14,   -1.17,   -6.60,    1.01,   -0.62,    0.01,88.031,94.8201287779183,-18.5557586837294,111.0,212.705,217.792,70.79,84.7112,2.87,3.1275,1.277,2.06,1.34,0.96,0.22,1.0,0.3,1916115.0,8314.7,8093799240000.0,50670807000000.0,104.9284,,,46.35,44.41,3328.4125
2009-03-01,    9.01,    0.59,    3.48,   -2.58,   -2.00,    0.02,86.6528,94.7806985796111,-19.3014705882353,108.3,212.495,218.253,71.05,84.45707,2.82,3.0195454545,1.323,1.43,1.83,1.28,0.18,0.5,0.3,2071556.0,8380.5,8094023230000.0,53062671177858.3,102.3761,,,44.14,46.13,3770.875
2009-04-01,   10.17,    7.14,    5.38,    1.34,    0.50,    0.01,85.9344,94.9909322459739,-21.2534059945504,107.3,212.709,218.706,71.3,84.28815,2.93,3.133,1.402,1.69,2.12,1.47,0.15,0.25,0.3,2066712.0,8390.2,8164981320000.0,54048121372903.3,100.1042,,,36.5,50.3,4436.925
2009-05-01,    5.20,   -2.24,    0.41,   -0.81,   -1.99,    0.00,85.0665,95.3819828205814,-16.9317118802619,108.9,213.022,218.904,71.34,84.03529,3.29,3.371,1.481,1.67,2.24,1.8,0.18,0.25,0.3,2080115.0,8452.9,8157431590000.0,54823076550114.2,95.268,,,28.92,64.98,4591.460526315789
2009-06-01,    0.42,    2.27,   -2.76,   -1.41,   -0.37,    0.01,84.7459,95.8825709609703,-16.6199813258637,110.7,214.79,219.112,71.48,83.61511,3.72,3.4736363636,1.363,1.78,2.16,1.75,0.21,0.25,0.3,2025571.0,8462.9,8186152570000.0,56894792000000.0,96.3761,,,26.35,68.11,5015.431818181818
2009-07-01,    7.74,    2.31,    4.89,   -0.26,    3.08,    0.01,85.7027,96.4300571385469,-15.6456173421301,110.8,214.726,219.263,71.01,83.61511,3.56,3.337826087,1.386,1.71,2.3,1.81,0.16,0.25,0.3,2000547.0,8467.3,8170120430000.0,57310280000000.0,94.2526,,,25.92,70.08,5228.413043478261
2009-08-01,    3.33,   -0.10,    7.60,   -2.85,    3.30,    0.01,86.6426,96.9832420520943,-15.2317880794702,112.3,215.445,219.496,71.25,84.03319,3.59,3.3052380952,1.314,1.76,2.16,1.64,0.16,0.25,0.3,2074902.0,8466.2,8152961550000.0,57669900000000.0,94.6202,,,26.01,69.02,6176.875
2009-09-01,    4.08,    2.72,    1.15,    1.15,    0.34,    0.01,87.4063,97.510974375702,-12.5834127740705,113.9,215.861,219.92,71.26,84.36932,3.4,3.2631818182,1.258,1.56,2.13,1.75,0.15,0.25,0.3,2141020.0,8462.7,8153645390000.0,58540530000000.0,93.1907,,,25.61,65.82,6195.75
2009-10-01,   -2.55,   -4.85,   -4.17,    4.22,   -1.48,    0.00,87.6419,97.9951781000113,-10.752688172043,116.1,216.509,220.501,71.42,84.28703,3.39,3.2090909091,1.404,1.41,2.39,2.0,0.12,0.25,0.3,2161537.0,8489.2,8178413500000.0,58664330000000.0,92.6207,,,30.69,74.91,6305.988636363636
2009-11-01,    5.58,   -2.76,   -0.33,    0.90,    0.00,    0.00,88.0221,98.4380407217398,-7.09939148073023,119.2,217.234,220.666,71.51,84.54066,3.4,3.2171428571,1.253,1.13,2.41,2.08,0.12,0.25,0.3,2206359.0,8517.9,8169984240000.0,59460470000000.0,91.3717,,,24.51,77.77,6682.440476190476
2009-12-01,    2.74,    6.14,   -0.11,    0.71,   -0.09,    0.01,88.3793,98.8445874438168,-3.477344573235,118.5,217.347,220.881,71.73,85.38614,3.59,3.1385,1.272,1.48,2.61,2.37,0.12,0.25,0.3,2234067.0,8510.6,8275090590000.0,60622500655155.6,92.9124,,,21.68,77.91,6976.97619047619
2010-01-01,   -3.35,    0.40,    0.33,   -1.08,    0.51,    0.00,89.3426,99.1953857400254,2.30515916575193,112.8,217.488,220.633,71.15,85.89341999999999,3.73,3.2575,1.308,1.3,2.75,2.33,0.11,0.25,0.3,2246886.0,8473.1,8234925070000.0,62560929175401.2,93.7638,,,24.62,71.2,7367.375
2010-02-01,    3.39,    1.49,    3.18,   -0.29,    1.42,    0.00,89.6779,99.455619232722,3.92817059483725,112.8,217.281,220.731,71.37,86.92914,3.69,3.17,1.295,1.48,2.43,2.13,0.13,0.25,0.3,2286127.0,8523.4,8210916120000.0,63607226457206.7,93.6602,,,19.5,76.36,6867.675
2010-03-01,    6.30,    1.83,    2.19,   -0.61,    1.74,    0.01,90.2928,99.6291061826409,7.40318906605922,118.1,217.353,220.783,72.16,86.31617,3.73,3.102173913,1.361,1.6,2.65,2.24,0.16,0.25,0.3,2307150.0,8519.0,8209451530000.0,64994746426638.3,92.8987,,,17.59,80.37,7466.934782608696
2010-04-01,    2.00,    4.96,    2.96,    0.61,    1.75,    0.01,90.5991,99.699171881368,9.34256055363321,117.8,217.403,220.822,72.45,86.49231,3.85,3.0645,1.286,1.29,2.79,2.4,0.2,0.25,0.3,2330472.0,8554.3,8268951740000.0,65656121695582.6,92.8423,,,22.05,86.19,7729.8375
2010-05-01,   -7.90,    0.08,   -2.48,    1.30,   -0.24,    0.01,91.823,99.6763666630233,8.67117117117118,116.5,217.29,220.962,72.54,86.40776,3.42,2.7342857143,1.257,1.32,2.29,1.99,0.2,0.25,0.3,2334041.0,8612.0,8301215080000.0,66335137023124.9,96.3062,,,32.07,73.0,6843.157894736842
2010-06-01,   -5.57,   -2.42,   -4.73,   -0.10,   -1.58,    0.01,91.9928,99.6007936228761,8.17469204927211,113.7,217.199,221.194,72.54,85.88638,3.2,2.5431818182,1.08,1.15,2.1,1.82,0.18,0.25,0.3,2330851.0,8631.0,8333155330000.0,67392172392530.3,95.9934,,,34.54,74.94,6501.5
2010-07-01,    6.92,    0.04,   -0.50,    0.17,    2.02,    0.01,92.3421,99.537278609977,7.48603351955308,113.4,217.605,221.363,72.23,86.23161999999999,3.01,2.6159090909,1.075,1.14,2.17,1.8,0.18,0.25,0.3,2325298.0,8642.3,8337672910000.0,67405147894808.3,93.2793,,,23.5,77.5,6750.568181818182
2010-08-01,   -4.77,   -3.06,   -1.73,    0.60,   -1.60,    0.01,92.6805,99.5357699628432,8.37053571428573,113.9,217.923,221.509,72.37,86.74595,2.7,2.35,1.023,0.95,1.85,1.52,0.19,0.25,0.3,2301015.0,8690.5,8342473540000.0,68750691826412.2,94.7204,,,26.05,75.51,7302.666666666667
2010-09-01,    9.55,    3.65,   -3.02,   -0.19,    0.38,    0.01,92.9537,99.6076647177816,5.99781897491822,113.3,218.275,221.711,72.6,87.26733,2.65,2.3004545455,0.898,0.75,2.26,1.78,0.19,0.25,0.3,2298691.0,8719.6,8344372870000.0,69647149503367.4,91.3415,,,23.7,80.77,7729.590909090909
2010-10-01,    3.87,    0.73,   -2.46,    1.28,   -0.38,    0.01,92.6903,99.7391037765785,7.33844468784228,113.1,219.035,221.83,72.81,87.8803,2.54,2.3457142857,0.903,0.5,2.78,2.13,0.19,0.25,0.3,2295392.0,8769.8,8378476210000.0,69977674085635.2,90.0935,,,21.2,82.47,8289.761904761905
2010-11-01,    0.59,    3.54,   -0.90,    0.32,    1.79,    0.01,92.7709,99.9180845204784,7.9694323144105,113.3,219.59,222.149,72.88,88.84555,2.76,2.5327272727,1.161,0.74,2.6,2.07,0.19,0.25,0.3,2346001.0,8790.3,8388300570000.0,71033902457308.3,92.1494,,,23.54,86.02,8458.420454545456
2010-12-01,    6.82,    0.97,    3.56,   -3.42,    3.17,    0.01,93.6787,100.107325230246,8.84279475982534,113.5,220.472,222.343,73.32,89.28943000000001,3.29,2.9147619048,1.133,1.0,2.77,2.3,0.18,0.25,0.3,2420570.0,8822.0,8472295450000.0,72585178555593.3,90.5146,,,17.75,93.23,9152.857142857143
2011-01-01,    1.98,   -2.31,    0.61,   -0.64,    0.81,    0.01,93.4814,100.267143020501,6.33047210300429,114.9,221.187,222.803,72.8,90.18423,3.39,3.0166666667,1.213,1.08,2.72,2.34,0.17,0.25,0.3,2443527.0,8844.5,8435754600000.0,73388493378832.4,89.694,,,19.53,98.97,9533.2
2011-02-01,    3.48,    1.65,    1.18,   -1.83,    0.84,    0.01,93.1102,100.362478799572,8.09935205183586,114.9,221.898,223.213,73.11,91.33717,3.58,3.199,1.241,1.03,2.63,2.39,0.16,0.25,0.3,2533221.0,8909.9,8415889110000.0,73613095848151.7,88.9391,,,18.35,112.27,9880.9375
2011-03-01,    0.46,    2.56,   -1.84,    1.73,   -0.07,    0.01,94.0788,100.35776895342,6.25662778366914,114.8,223.046,223.454,74.09,91.15383,3.41,3.2117391304,1.214,0.99,2.75,2.48,0.14,0.25,0.3,2622523.0,8967.7,8441078810000.0,75813098162833.6,88.0299,,,17.74,116.94,9503.358695652174
2011-04-01,    2.90,   -0.53,   -2.44,    1.12,   -0.86,    0.00,93.7749,100.249984058942,5.27426160337553,113.4,224.093,223.727,74.51,91.2455,3.46,3.3405263158,1.215,0.75,2.69,2.57,0.1,0.5,0.3,2690985.0,9033.6,8482013950000.0,75738464121629.7,85.5999,,,14.75,126.59,9482.75
2011-05-01,   -1.27,   -0.72,   -1.85,    1.92,   -1.43,    0.00,93.888,100.050729249653,4.04145077720207,113.3,224.806,224.175,74.52,91.33717,3.17,3.0609090909,1.118,0.8,2.5,2.25,0.09,0.5,0.3,2774996.0,9109.4,8488118150000.0,76340931367226.4,86.656,,,15.45,117.18,8931.675
2011-06-01,   -1.74,    0.06,   -0.20,    2.27,   -1.42,    0.00,94.172,99.7829028996643,2.48447204968944,115.1,224.806,224.697,74.51,91.61217,3.0,2.8909090909,1.084,0.75,2.83,2.43,0.09,0.5,0.3,2865251.0,9184.2,8517982800000.0,78082096627241.1,86.4786,,,16.52,111.71,9066.852272727272
2011-07-01,   -2.35,   -1.11,   -0.91,    2.68,   -1.73,    0.00,94.636,99.4972139888854,3.95010395010394,114.0,225.395,225.218,74.09,92.01405,3.0,2.7438095238,1.075,0.38,2.81,2.44,0.07,0.75,0.3,2863576.0,9346.9,8522260990000.0,77292369450324.1,85.7282,,,25.25,115.93,9650.464285714286
2011-08-01,   -5.96,   -3.09,   -2.43,    3.41,   -0.26,    0.01,95.2749,99.2592780372204,3.08959835221421,113.5,226.106,225.862,74.22,92.27545,2.3,2.2134782609,1.023,0.18,2.38,2.05,0.1,0.75,0.3,2853888.0,9532.5,8530699180000.0,78085234092749.3,86.7739,,,31.62,116.48,8997.988636363636
2011-09-01,   -7.57,   -3.49,   -1.53,    1.99,    0.15,    0.00,95.1961,99.1358292761573,1.95473251028806,113.8,226.597,226.118,74.77,92.71113,1.98,1.8290909091,0.975,0.17,2.0,1.75,0.08,0.75,0.3,2850921.0,9553.3,8568031090000.0,78740623951675.5,91.9998,,,42.96,105.42,8300.136363636364
2011-10-01,   11.34,    3.25,    0.06,   -2.25,   -0.73,    0.00,95.8568,99.1566992259131,0.816326530612244,113.2,226.75,226.506,75.03,92.79826,2.15,2.0023809524,1.038,0.08,2.3,2.09,0.07,0.75,0.3,2845685.0,9586.2,8555869480000.0,81682928502654.0,89.2053,,,29.96,108.43,7394.190476190476
2011-11-01,   -0.27,   -0.30,   -0.52,    1.94,    1.44,    0.00,95.8485,99.3020612514123,0.20222446916076,112.4,227.169,226.899,75.09,92.62399,2.01,1.8740909091,1.062,0.03,2.34,2.05,0.08,0.5,0.3,2814235.0,9639.5,8565193560000.0,82549398017113.3,91.4728,,,27.8,111.22,7581.022727272727
2011-12-01,    0.75,   -0.29,    1.54,    1.06,    2.47,    0.00,96.3571,99.520159806758,-1.2036108324975,112.8,227.223,227.405,75.34,92.88539,1.98,1.9276190476,0.971,-0.07,2.33,1.96,0.07,0.25,0.3,2926095.0,9683.5,8670606000000.0,85159093578679.2,92.4262,,,23.4,108.09,7558.875
2012-01-01,    5.05,    2.02,   -0.93,   -2.06,   -1.48,    0.00,96.9318,99.7379176761695,-1.41271442986882,111.4,227.842,227.877,74.74,94.27955,1.97,1.8209090909,0.959,-0.28,2.34,2.11,0.08,0.25,0.3,2919545.0,9753.3,8640110000000.0,85589889139657.6,90.5538,,,19.44,110.26,8061.916666666667
2012-02-01,    4.40,   -1.67,    0.42,   -0.36,   -0.08,    0.00,97.2435,99.8905407911143,-1.69830169830168,111.4,228.329,228.034,75.11,94.19241,1.97,1.8519047619,0.962,-0.28,2.53,2.26,0.1,0.25,0.3,2925722.0,9806.3,8648411000000.0,86717141785883.8,89.7487,,,18.43,122.23,8441.488095238095
2012-03-01,    3.11,   -0.48,    1.19,   -0.61,    0.70,    0.00,96.74,99.9508278755349,-1.99600798403192,111.9,228.807,228.478,76.08,94.36668,2.17,1.8304545455,0.966,-0.09,2.62,2.32,0.13,0.25,0.3,2878137.0,9849.3,8718042000000.0,89556549664190.3,90.4593,,,15.5,123.41,8470.784090909092
2012-04-01,   -0.84,   -0.50,   -0.77,    1.30,    0.66,    0.00,97.4359,99.9230015922522,-2.40480961923846,109.3,229.187,228.905,76.43,94.27955,2.05,1.6242105263,0.914,-0.3,2.44,2.25,0.14,0.25,0.3,2866561.0,9905.0,8721253000000.0,88960403617308.7,90.3634,,,17.15,118.66,8285.526315789473
2012-05-01,   -6.17,   -0.08,   -0.95,    2.03,    2.36,    0.01,97.6609,99.8308690209989,-2.09163346613545,109.6,228.713,229.224,76.33,94.01814,1.8,1.3368181818,0.846,-0.5,2.46,2.09,0.16,0.25,0.3,2842654.0,9951.9,8752512000000.0,90004877427416.8,94.6856,,,24.06,103.86,7896.909090909091
2012-06-01,    3.90,    0.89,    0.55,   -1.06,    0.45,    0.00,97.6663,99.7150564508138,-1.6161616161616,109.5,228.524,229.623,76.27,93.49534,1.62,1.3004761905,0.789,-0.46,2.54,2.13,0.16,0.25,0.3,2863547.0,10023.7,8810355000000.0,92499119943634.2,92.9096,,,17.08,94.17,7428.289473684211
2012-07-01,    0.79,   -2.81,   -0.06,    1.04,    0.01,    0.00,97.8713,99.6259600757681,-2.3,109.2,228.59,229.97,75.87,93.58247,1.53,1.2422727273,0.78,-0.69,2.57,2.2,0.16,0.0,0.3,2846757.0,10076.0,8833836000000.0,91907240194736.7,92.8422,,,18.93,105.93,7584.261363636364
2012-08-01,    2.54,    0.44,    1.23,   -1.50,   -0.86,    0.01,97.4525,99.5902797272439,-1.69830169830168,108.9,229.918,230.233,76.16,94.193,1.68,1.3417391304,0.8,-0.68,2.55,2.25,0.13,0.0,0.3,2812806.0,10147.8,8826210000000.0,92489458650000.0,92.1677,,,17.47,113.93,7510.431818181818
2012-09-01,    2.73,    0.57,    1.62,   -1.30,    1.56,    0.01,97.381,99.6223837871563,-2.52270433905146,109.2,231.015,230.659,76.72,94.48211,1.72,1.4905,0.757,-0.77,2.73,2.42,0.14,0.0,0.3,2804457.0,10228.4,8866345000000.0,94368875340000.0,90.8342,,,15.73,111.36,8087.7425
2012-10-01,   -1.76,   -0.83,    3.52,   -1.40,    2.52,    0.01,97.7193,99.6966870729957,-3.03643724696357,109.6,231.638,231.024,76.9,94.38338,1.75,1.4669565217,0.76,-0.78,2.88,2.5,0.16,0.0,0.3,2823137.0,10294.4,8928497000000.0,93640427920000.0,91.1609,,,18.6,109.89,8062.032608695652
2012-11-01,    0.78,    0.40,   -0.86,    0.38,    0.81,    0.01,98.0777,99.7952786208221,-4.03632694248235,110.1,231.249,231.33,76.74,94.54095,1.65,1.3359090909,0.713,-0.79,2.81,2.41,0.16,0.0,0.3,2851362.0,10365.6,8955965000000.0,94483235000000.0,91.1038,,,15.87,110.84,7711.227272727273
2012-12-01,    1.18,    1.92,    3.48,   -1.72,    0.80,    0.01,98.3101,99.9196466328739,-2.94416243654822,110.3,231.221,231.725,77.02,95.23661,1.72,1.2994117647,0.781,-0.67,2.81,2.45,0.16,0.0,0.3,2907300.0,10485.4,9044639000000.0,97414880200000.0,91.0834,,,18.02,110.8,7966.486842105263
2013-01-01,    5.57,    0.42,    1.01,   -2.01,    1.52,    0.00,98.3342,100.063403135689,-2.55885363357216,,231.679,232.229,76.22,96.18855,1.91,1.5122727273,0.775,-0.57,2.85,2.59,0.14,0.0,0.3,3008704.0,10502.3,9017783000000.0,99212925225443.2,90.798,,,14.28,115.55,8053.738636363636
2013-02-01,    1.29,   -0.25,    0.21,   -0.59,    0.61,    0.00,98.7941,100.210340233688,-3.04878048780488,109.9,232.937,232.569,76.5,97.24627,1.98,1.5435,0.669,-0.64,2.88,2.53,0.15,0.0,0.3,3090600.0,10523.0,9052631000000.0,99860082892266.1,92.295,,,15.51,112.2,8060.925
2013-03-01,    4.03,    0.88,   -0.22,    0.27,    1.41,    0.00,99.1921,100.334268216615,-1.83299389002037,108.9,232.282,232.794,77.4,96.37189,1.96,1.3545,0.492,-0.64,2.78,2.51,0.14,0.0,0.3,3202256.0,10578.7,9081338000000.0,103585837066030.0,92.302,,,12.7,108.46,7652.375
2013-04-01,    1.56,   -2.24,    0.44,    0.39,    0.43,    0.00,99.1065,100.449583511154,-0.821355236139641,109.3,231.797,232.832,77.33,96.56242,1.76,1.1961904762,0.589,-0.64,2.62,2.34,0.15,0.0,0.3,3318649.0,10608.9,9103737000000.0,103255190300943.0,91.3741,,,13.52,101.53,7221.161904761905
2013-05-01,    2.81,    2.04,    2.67,   -2.00,   -0.95,    0.00,99.1839,100.563395150797,-1.52594099694813,109.2,231.893,232.996,77.41,95.98406,1.93,1.2940909091,0.879,-0.05,2.55,2.21,0.11,0.0,0.3,3385128.0,10646.5,9128400000000.0,104216916212108.0,93.6076,,,16.3,100.43,7248.714285714286
2013-06-01,   -1.20,    1.54,   -0.05,   -0.28,   -0.06,    0.00,99.3897,100.652634850682,-0.616016427104742,108.9,232.445,233.35,77.5,95.98406,2.3,1.5305,0.822,0.53,2.22,1.99,0.09,0.0,0.3,3478672.0,10705.6,9129744000000.0,105440369294308.0,94.3047,,,16.86,102.49,7000.2375
2013-07-01,    5.65,    1.75,    0.58,   -1.35,    0.57,    0.00,99.0814,100.705998864282,-1.74002047082908,109.7,232.9,233.88,77.08,96.07897,2.58,1.5656521739,0.79,0.38,2.57,2.22,0.09,0.0,0.3,3571797.0,10743.0,9157419000000.0,105221234430136.0,93.5703,,,13.45,107.89,6906.641304347826
2013-08-01,   -2.71,   -0.03,   -2.73,    0.71,   -2.17,    0.00,99.6543,100.73593973994,-2.03252032520326,110.4,233.456,234.336,77.18,96.56228,2.74,1.735,0.708,0.68,2.42,2.1,0.08,0.0,0.3,3644456.0,10803.6,9185109000000.0,106125642579219.0,94.7541,,,17.01,115.97,7186.25
2013-09-01,    3.77,    2.65,   -1.18,   -0.54,   -1.32,    0.00,100.161,100.748381547154,0.0,110.2,233.544,234.7,77.55,97.33187,2.81,1.8880952381,0.669,0.45,2.64,2.19,0.08,0.0,0.3,3734018.0,10865.8,9179608000000.0,107737916304772.0,92.9207,,,16.6,107.85,7159.269047619048
2013-10-01,    4.17,   -1.50,    1.22,    2.75,    0.89,    0.00,100.082,100.753200310571,0.313152400835077,110.3,233.669,234.921,77.46,97.4296,2.62,1.762173913,0.59,0.4,2.6,2.17,0.09,0.0,0.3,3843396.0,10989.2,9218195000000.0,107024216664233.0,92.731,,,13.75,107.53,7203.021739130435
2013-11-01,    3.12,    1.44,    0.19,    0.26,    0.06,    0.00,100.3158,100.758670122188,2.41850683491064,110.0,234.1,235.359,77.39,97.3318,2.72,1.6771428571,0.605,0.6,2.61,2.15,0.08,0.0,0.3,3925876.0,10999.8,9236345000000.0,107925705547773.0,93.6291,,,13.7,111.07,7070.654761904762
2013-12-01,    2.80,   -0.44,    0.00,   -0.58,    0.08,    0.00,100.5175,100.752399102537,1.67364016736403,109.7,234.719,235.759,77.67,97.6238,2.9,1.7977777778,0.688,0.8,2.79,2.24,0.09,0.0,0.3,4032575.0,11062.4,9212147000000.0,110652497992422.0,93.5576,,,13.72,109.95,7214.9
2014-01-01,   -3.30,    0.60,   -1.99,   -3.91,   -1.54,    0.00,100.1599,100.739838302946,1.78571428571429,,235.288,235.961,76.8,98.6,2.86,1.7559090909,0.614,0.53,2.56,2.14,0.07,0.0,0.3,4102138.0,11127.5,9244220000000.0,112352120956304.0,95.1774,,,18.41,108.16,7291.465909090909
2014-02-01,    4.68,    0.13,   -0.35,   -0.25,   -0.54,    0.00,100.9168,100.755801323095,2.30607966457021,108.6,235.547,236.185,77.04,99.1,2.71,1.5585,0.586,0.49,2.55,2.17,0.07,0.0,0.3,4159972.0,11191.9,9272606000000.0,113176083333495.0,94.3879,,,14.0,108.98,7149.2125
2014-03-01,    0.41,   -1.13,    4.90,    2.02,    1.92,    0.00,101.8942,100.801380582452,0.622406639004134,108.8,236.028,236.625,77.76,98.6,2.72,1.5085714286,0.605,0.6,2.56,2.13,0.08,0.0,0.3,4226971.0,11228.8,9277870000000.0,116068738304199.0,94.2432,,,13.88,105.95,6650.035714285714
2014-04-01,   -0.19,   -4.07,    1.22,    3.40,    0.93,    0.00,101.9928,100.857801007578,2.07039337474119,108.7,236.468,237.072,77.88,98.2,2.71,1.4565,0.61,0.49,2.4,2.18,0.09,0.0,0.3,4296049.0,11276.0,9289816000000.0,116881267341323.0,93.8896,,,13.41,108.63,6673.5625
2014-05-01,    2.04,   -1.86,   -0.10,   -0.09,   -0.96,    0.00,102.3836,100.907007163134,1.03305785123967,108.8,236.918,237.529,77.79,98.3,2.56,1.3271428571,0.566,0.26,2.51,2.22,0.09,0.0,0.3,4322654.0,11343.1,9328806000000.0,118229395815816.0,93.7606,,,11.4,109.21,6891.125
2014-06-01,    2.61,    3.06,   -0.71,   -1.83,   -1.91,    0.00,102.735,100.942015625024,0.516528925619842,109.2,237.231,237.837,77.88,98.2,2.6,1.2642857143,0.536,0.27,2.52,2.26,0.1,-0.1,0.3,4368348.0,11398.4,9355707000000.0,120958719736328.0,93.2058,,,11.57,111.03,6821.142857142857
2014-07-01,   -2.03,   -4.20,   -0.08,    0.93,    0.51,    0.00,102.9632,100.958610088492,2.18750000000001,109.0,237.498,238.195,77.37,98.2,2.54,1.1143478261,0.527,0.29,2.61,2.29,0.09,-0.1,0.3,4406637.0,11452.5,9393273000000.0,119424923991663.0,94.4467,,,16.95,104.94,7113.380434782609
2014-08-01,    4.24,    0.29,   -0.57,   -0.64,   -0.69,    0.00,102.7688,100.959337752927,-0.103734439834038,106.9,237.46,238.405,77.46,98.4,2.42,0.9561904762,0.488,0.23,2.48,2.12,0.09,-0.1,0.3,4413736.0,11477.8,9443850000000.0,119749908384625.0,94.7251,,,11.98,101.12,7001.8375
2014-09-01,   -1.96,   -3.66,   -1.47,    1.20,   -0.59,    0.00,103.0641,100.946473792448,0.828157349896491,108.0,237.477,238.786,77.8,98.9,2.53,0.9213636364,0.497,0.55,2.38,1.97,0.09,-0.2,0.3,4459050.0,11520.7,9475081000000.0,120205141184955.0,97.5261,,,16.31,94.67,6872.215909090909
2014-10-01,    2.51,    3.66,   -1.63,   -0.39,    0.21,    0.00,103.0764,100.915525428388,1.04058272632675,107.7,237.43,239.191,77.75,98.9,2.3,0.7909090909,0.465,0.43,2.31,1.92,0.09,-0.2,0.3,4486754.0,11596.5,9497903000000.0,119923631381594.0,98.1163,,,14.03,84.17,6737.478260869565
2014-11-01,    2.56,   -2.30,   -3.13,    1.57,    0.14,    0.00,103.7126,100.86539228139,-0.616016427104742,107.2,236.983,239.458,77.61,98.6,2.33,0.719,0.42,0.39,2.19,1.79,0.09,-0.2,0.3,4485931.0,11638.9,9569281000000.0,120860594890828.0,100.0719,,,13.33,71.89,6712.85
2014-12-01,   -0.05,    2.83,    2.12,   -1.21,    0.90,    0.00,103.7044,100.790600983479,1.02880658436214,107.9,236.252,239.584,77.54,99.0,2.21,0.5889473684,0.33,0.49,2.09,1.68,0.12,-0.2,0.3,4497660.0,11721.2,9668681000000.0,122837480654446.0,102.2843,,,19.2,55.27,6446.452380952381
2015-01-01,   -3.09,   -0.93,   -3.45,    1.58,   -1.64,    0.00,102.8905,100.694361117654,0.825593395252837,,234.747,239.811,76.34,99.3,1.88,0.39,0.275,0.03,2.01,1.65,0.11,-0.2,0.3,4500064.0,11806.2,9749062000000.0,124270956100000.0,105.5884,,,20.97,47.52,5830.535714285714
2015-02-01,    6.14,    0.36,   -1.79,   -1.10,   -1.75,    0.00,102.2335,100.585952146336,2.45901639344263,106.8,235.342,240.172,76.81,100.5,1.98,0.302,0.33,0.17,2.17,1.83,0.11,-0.2,0.3,4486725.0,11920.7,9764289000000.0,125738447800000.0,105.5981,,,13.34,61.89,5729.275
2015-03-01,   -1.09,    3.08,   -0.38,    0.07,   -0.62,    0.00,101.8914,100.479416467865,3.19587628865979,105.6,235.976,240.755,77.71,99.9,2.04,0.2272727273,0.4,0.18,2.01,1.76,0.11,-0.2,0.3,4480603.0,11919.1,9810907000000.0,127533277661997.0,107.4396,,,15.29,53.69,5939.670454545455
2015-04-01,    0.60,   -3.01,    1.80,    0.05,   -0.62,    0.00,101.3355,100.375267439598,1.01419878296146,105.9,236.222,241.346,78.04,99.7,1.94,0.122,0.34,0.11,2.16,1.94,0.12,-0.2,0.3,4471499.0,11953.4,9859662000000.0,128077914306519.0,105.312,,,14.55,63.9,6042.0875
2015-05-01,    1.38,    0.82,   -1.11,   -1.76,   -0.83,    0.00,100.8883,100.26515755656,2.55623721881391,106.1,237.001,241.688,78.26,99.5,2.2,0.5557894737,0.39,0.32,2.03,1.8,0.12,-0.2,0.3,4463981.0,11981.9,9914221000000.0,130735763080841.0,106.7388,,,13.84,63.16,6294.776315789474
2015-06-01,   -1.54,    2.90,   -0.82,    0.35,   -1.54,    0.00,100.571,100.143039496149,3.28879753340187,106.8,237.657,242.064,78.27,99.5,2.36,0.7927272727,0.455,0.48,2.13,1.87,0.13,-0.2,0.3,4495055.0,12020.9,9946958000000.0,133337536453853.0,106.5191,,,18.23,60.31,5833.011363636364
2015-07-01,    1.57,   -4.58,   -4.16,    0.31,   -2.44,    0.00,101.2228,99.987147361936,2.95616717635067,106.0,238.034,242.565,77.79,99.9,2.32,0.71,0.41,0.46,2.12,1.74,0.13,-0.2,0.3,4485480.0,12063.5,10011211000000.0,135321092482599.0,108.7819,,,12.12,53.29,5456.75
2015-08-01,   -6.02,    0.29,    2.75,    0.66,    1.29,    0.00,101.0367,99.8077419311447,3.63447559709242,106.1,238.033,242.817,77.79,100.4,2.17,0.6085714286,0.38,0.58,2.0,1.63,0.14,-0.2,0.3,4475105.0,12110.1,10037605000000.0,135690797692855.0,110.5621,,,28.43,47.97,5127.3
2015-09-01,   -3.06,   -2.80,    0.55,    1.80,   -0.59,    0.00,100.7547,99.6337954310177,2.97741273100614,105.7,237.498,243.316,77.96,100.5,2.17,0.6540909091,0.35,0.65,1.75,1.41,0.14,-0.2,0.3,4484111.0,12172.7,10068328000000.0,135982405527006.0,111.3311,,,24.5,47.29,5217.25
2015-10-01,    7.75,   -2.06,   -0.47,    0.95,    0.61,    0.00,100.2675,99.4898155297267,3.50154479917613,105.6,237.733,243.768,78.05,100.1,2.07,0.5181818182,0.3,0.63,1.86,1.53,0.12,-0.2,0.3,4489339.0,12228.4,10124772000000.0,136102070462698.0,110.2079,,,15.07,48.0,5216.090909090909
2015-11-01,    0.57,    3.30,   -0.43,   -2.65,   -1.06,    0.00,99.5298,99.3679450587823,3.30578512396695,106.2,238.017,244.241,77.72,100.1,2.26,0.5161904762,0.3,0.62,1.88,1.59,0.12,-0.2,0.3,4477088.0,12322.7,10186100000000.0,137395601474437.0,112.34,,,16.13,43.73,4799.904761904762
2015-12-01,   -2.15,   -2.95,   -2.57,    0.34,    0.12,    0.01,99.0417,99.261778924303,1.93482688391037,105.9,237.761,244.547,77.73,100.6,2.24,0.5455,0.27,0.73,1.77,1.54,0.24,-0.3,0.3,4486587.0,12393.6,10215459000000.0,139227810919881.0,113.3429,,,18.21,36.61,4638.833333333333
2016-01-01,   -5.74,   -3.44,    2.08,    2.78,    3.05,    0.01,99.5607,99.1761900111516,5.22006141248721,,237.652,244.955,76.58,101.1,2.09,0.4305,0.095,0.53,1.63,1.41,0.34,-0.3,0.3,4482349.0,12522.2,10274065000000.0,141631955112113.0,115.5731,,,20.2,33.14,4471.7875
2016-02-01,   -0.07,    0.87,   -0.61,    3.31,    1.94,    0.02,99.0445,99.1184734952036,0.900000000000001,105.4,237.336,245.51,76.71,102.7,1.78,0.1728571429,-0.065,0.32,1.61,1.42,0.38,-0.3,0.3,4489796.0,12604.4,10312438000000.0,142461867792204.0,114.2418,,,20.55,35.92,4598.619047619048
2016-03-01,    6.95,    1.00,    1.22,    0.68,    0.01,    0.02,98.3096,99.0994563010755,0.399600399600427,106.8,238.08,245.913,77.67,102.2,1.89,0.1714285714,-0.05,0.16,1.75,1.62,0.36,-0.4,0.3,4482840.0,12662.2,10348009000000.0,144619802900000.0,109.9191,,,13.95,36.75,4953.797619047619
2016-04-01,    0.91,    1.23,    3.22,   -2.85,    1.77,    0.01,98.6421,99.1003205073339,2.30923694779118,106.0,238.992,246.551,77.84,102.0,1.81,0.1342857143,-0.085,0.12,1.82,1.71,0.37,-0.4,0.3,4474665.0,12741.9,10376779000000.0,144520958800000.0,108.8274,,,15.7,45.64,4872.738095238095
2016-05-01,    1.78,   -0.62,   -1.62,   -1.10,   -2.54,    0.01,98.4184,99.1051112739557,0.0997008973080771,106.0,239.557,247.137,78.16,101.6,1.81,0.1328571429,-0.12,0.3,1.61,1.54,0.37,-0.4,0.3,4461111.0,12800.7,10416638000000.0,146169510000000.0,112.4276,,,14.19,49.26,4694.5375
2016-06-01,   -0.03,    0.42,   -1.49,    1.45,    1.90,    0.02,98.8833,99.1072384447106,0.895522388059691,106.2,240.222,247.54,78.3,101.4,1.64,-0.0168181818,-0.23,0.09,1.42,1.4,0.38,-0.4,0.3,4466482.0,12849.3,10457644000000.0,149049182794442.0,112.1618,,,15.63,48.05,4641.965909090909
2016-07-01,    3.94,    2.47,   -1.24,    1.31,   -1.16,    0.02,98.9992,99.125260010599,0.297029702970279,106.0,240.101,247.829,77.92,101.6,1.5,-0.1542857143,-0.195,-0.03,1.67,1.49,0.39,-0.4,0.3,4464498.0,12907.3,10512054000000.0,149155871700000.0,111.874,,,11.87,40.76,4864.904761904762
2016-08-01,    0.49,    1.66,    3.17,   -1.85,   -0.36,    0.02,98.85,99.171387217631,1.50300601202403,106.3,240.545,248.423,77.97,101.7,1.56,-0.1317391304,-0.07,0.11,1.67,1.47,0.4,-0.4,0.3,4457907.0,12986.7,10547979000000.0,151098290500000.0,112.4036,,,13.42,47.94,4751.670454545455
2016-09-01,    0.27,    1.81,   -1.19,   -2.18,    0.03,    0.02,98.7457,99.260111063812,1.19641076769693,106.1,241.176,248.842,78.27,102.4,1.63,-0.0840909091,-0.085,0.0,1.75,1.6,0.4,-0.4,0.3,4452002.0,13052.7,10573312000000.0,151636050000000.0,112.2795,,,13.29,48.24,4722.204545454545
2016-10-01,   -2.01,   -4.02,    4.11,    0.99,    0.25,    0.02,98.7611,99.386316494498,1.79104477611938,106.1,241.741,249.142,78.45,102.3,1.76,0.002,-0.05,0.11,1.87,1.73,0.4,-0.4,0.3,4454326.0,13124.5,10590298000000.0,151948540477789.0,114.0188,,,17.06,46.2,4731.261904761905
2016-11-01,    4.85,    6.96,    8.29,   -0.24,    3.71,    0.01,98.3491,99.5340305953897,2.8,106.2,242.026,249.481,78.17,102.4,2.14,0.1890909091,0.02,0.43,2.11,1.94,0.41,-0.4,0.3,4446307.0,13214.2,10667463000000.0,153043206189849.0,117.7636,,,13.33,47.95,5450.931818181818
2016-12-01,    1.81,    0.44,    3.47,    1.24,   -0.32,    0.03,99.0214,99.6823585389919,2.29770229770231,106.0,242.637,249.92,78.58,102.6,2.49,0.2519047619,0.04,0.5,2.06,1.95,0.54,-0.4,0.3,4451451.0,13240.6,10686288000000.0,155006666781086.0,118.3466,,,14.04,54.96,5660.35
2017-01-01,    1.94,   -1.44,   -2.76,   -0.51,   -1.06,    0.04,98.7611,99.8009931534133,-0.778210116731528,,243.618,250.467,77.91,103.7,2.43,0.2509090909,0.085,0.4,2.16,2.05,0.65,-0.4,0.3,4452838.0,13318.9,10744692000000.0,157594558824035.0,116.2241,,,11.99,55.25,5754.559523809524
2017-02-01,    3.55,   -2.30,   -1.50,    0.45,   -1.80,    0.04,98.3646,99.8782290588316,1.68483647175421,106.3,244.006,250.998,78.21,103.5,2.42,0.258,0.05,0.34,2.15,2.02,0.66,-0.4,0.3,4468702.0,13395.2,10797860000000.0,158291307400000.0,116.0032,,,12.92,53.36,5940.9125
2017-03-01,    0.17,    0.75,   -3.33,    0.63,   -0.95,    0.03,99.0137,99.9150210861083,1.89054726368157,107.6,243.892,250.944,78.87,103.2,2.48,0.3482608696,0.065,0.43,2.17,1.97,0.79,-0.4,0.3,4469618.0,13464.6,10876141000000.0,159960957300000.0,114.7938,,,12.37,52.2,5824.630434782609
2017-04-01,    1.08,    0.41,   -2.05,    1.79,   -1.60,    0.05,100.0224,99.9267865786752,1.37389597644747,106.5,244.193,251.227,79.31,103.2,2.3,0.2255555556,0.015,0.37,2.03,1.92,0.9,-0.4,0.3,4470142.0,13520.3,,159633186800000.0,114.7877,,,10.82,49.46,5683.902777777778
2017-05-01,    1.07,   -2.99,   -3.82,    0.99,   -1.66,    0.06,100.1408,99.9341204703746,3.28685258964146,106.5,244.004,251.43,79.25,103.3,2.3,0.3363636364,0.04,0.4,1.9,1.81,0.91,-0.4,,4459914.0,13567.4,,160136041500000.0,113.2956,,,10.41,49.4,5599.559523809524
2017-06-01,    0.78,    2.52,    1.50,   -2.26,    0.04,    0.06,100.3471,99.9521451900724,1.97238658777119,107.6,244.163,251.746,79.32,103.1,2.19,0.2504761905,0.075,0.58,1.83,1.73,1.04,-0.4,,4463347.0,13577.0,,163128253000000.0,111.9896,,,11.18,47.08,5719.761363636364
2017-07-01,    1.88,   -1.64,   -0.23,   -0.75,   -0.15,    0.07,100.1068,99.9868482989814,3.55380059230012,106.4,244.243,251.985,78.96,103.0,2.32,0.4557142857,0.075,0.48,1.97,1.82,1.15,-0.4,,4465284.0,13638.5,,162899663081962.0,109.8177,,,10.26,51.99,5985.119047619048
2017-08-01,    0.18,   -1.83,   -2.13,    0.20,   -2.38,    0.09,99.6925,100.063628844344,4.24481737413624,106.0,245.183,252.535,79.17,103.5,2.21,0.3460869565,0.01,0.36,1.94,1.76,1.16,-0.4,,4452360.0,13695.0,,164515660058768.0,109.3686,,,10.59,52.69,6485.625
2017-09-01,    2.49,    4.76,    3.15,   -1.54,    1.63,    0.09,99.7954,100.174576365087,3.54679802955663,106.6,246.435,252.812,79.49,104.1,2.2,0.3471428571,0.06,0.49,2.0,1.84,1.15,-0.4,,4455661.0,13743.0,,165566206768995.0,110.0867,,,9.51,57.02,6577.166666666667
2017-10-01,    2.25,   -1.91,    0.13,    0.92,   -3.14,    0.09,101.0247,100.307123317697,2.83479960899315,106.2,246.626,253.526,79.53,104.2,2.36,0.3725,0.065,0.5,1.97,1.88,1.15,-0.4,,4461117.0,13801.5,,165343415785166.0,111.8052,,,10.18,61.35,6807.602272727273
2017-11-01,    3.12,   -0.38,   -0.09,    3.19,   -0.10,    0.08,101.2664,100.443358961361,4.96108949416342,106.1,247.284,253.816,79.36,104.2,2.35,0.3081818182,0.035,0.56,1.99,1.86,1.16,-0.4,,4438592.0,13849.1,,167001339753416.0,110.4648,,,11.28,63.53,6826.545454545455
2017-12-01,    1.06,   -1.05,    0.05,    0.73,    1.79,    0.09,101.4644,100.578723780114,5.46875000000001,106.2,247.805,254.344,79.64,104.5,2.4,0.2968421053,0.045,0.44,2.06,1.96,1.3,-0.4,,4448680.0,13887.3,,169023533554568.0,110.0783,,,11.04,66.73,6833.894736842105
2018-01-01,    5.58,   -3.21,   -1.32,   -0.75,   -1.05,    0.11,101.4625,100.712798632164,3.72549019607844,,248.859,255.204,78.92,105.2,2.58,0.4745454545,0.08,0.61,2.24,2.11,1.41,-0.4,,4419225.0,13902.4,,172081445272825.0,106.7696,,,13.54,67.78,7065.852272727273
2018-02-01,   -3.64,    0.34,   -1.10,    0.53,   -2.36,    0.11,101.7085,100.834545757965,2.33918128654972,107.2,249.529,255.711,79.09,106.5,2.86,0.659,0.045,0.75,2.2,2.12,1.42,-0.4,,4393401.0,13949.8,,172907011807809.0,108.3903,,,19.85,66.08,7006.525
2018-03-01,   -2.35,    3.61,   -0.21,   -0.41,    0.08,    0.12,102.2067,100.91185959567,2.73437499999999,106.0,249.577,256.271,79.97,105.3,2.84,0.5295238095,0.045,0.69,2.18,2.05,1.51,-0.4,,4392198.0,14014.5,,173985947770954.0,107.4784,,,19.97,69.02,6799.178571428571
2018-04-01,    0.29,    0.89,    0.53,   -2.42,    1.24,    0.14,103.3329,100.937810196055,1.74249757986447,107.0,250.227,256.63,80.29,105.1,2.87,0.48,0.05,0.78,2.24,2.17,1.69,-0.4,,4372886.0,14034.8,,173768372950626.0,109.3363,,,15.93,75.92,6851.5125
2018-05-01,    2.63,    4.71,   -3.14,   -1.98,   -1.49,    0.14,102.4024,100.921435183111,2.7000964320154,106.8,250.792,257.145,80.79,104.9,2.98,0.45,0.03,0.76,2.11,2.07,1.7,-0.4,,4327519.0,14091.0,,174306379232330.0,111.9894,,,15.43,76.45,6825.27380952381
2018-06-01,    0.49,    0.77,   -2.33,    0.83,    0.20,    0.14,103.198,100.873993206377,2.61121856866537,106.0,251.018,257.399,80.88,104.9,2.91,0.3271428571,0.03,0.74,2.16,2.11,1.82,-0.4,,4305491.0,14133.2,,177017837280000.0,113.2586,,,16.09,77.44,6965.857142857143
2018-07-01,    3.20,   -1.93,    0.49,    1.53,    0.31,    0.16,103.3646,100.79852600734,-0.0953288846520508,106.0,251.214,257.699,80.7,105.2,2.89,0.2745454545,0.06,0.84,2.24,2.12,1.91,-0.4,,4277681.0,14170.0,,177619610516409.0,112.7299,,,12.83,74.16,6250.75
2018-08-01,    3.46,    0.65,   -3.91,   -0.29,   -2.57,    0.16,104.0327,100.697943463239,0.757575757575768,106.1,251.663,257.891,80.82,105.9,2.89,0.2908695652,0.11,0.78,2.18,2.08,1.91,-0.4,,4218914.0,14221.3,,178867042970175.0,114.2755,,,12.86,76.94,6051.045454545455
2018-09-01,    0.06,   -2.49,   -1.62,    0.65,    1.36,    0.15,104.1004,100.557525589814,0.285442435775456,105.8,252.182,258.368,81.14,106.6,3.0,0.3705,0.125,0.91,2.25,2.14,1.95,-0.4,,4192909.0,14243.9,,180166558147986.0,113.8077,,,12.12,82.72,6050.7625
2018-10-01,   -7.64,   -4.38,    3.38,    1.03,    3.60,    0.19,103.9856,100.372618658275,0.475285171102668,105.9,252.772,258.917,81.34,106.8,3.15,0.3990909091,0.13,1.1,2.2,2.05,2.19,-0.4,,4139731.0,14257.6,,179556159556340.0,116.5281,,,21.23,74.84,6219.586956521739
2018-11-01,    1.71,   -0.81,    0.36,   -0.61,    0.40,    0.18,104.0681,100.160601801263,-3.33642261353107,105.4,252.594,259.439,80.89,106.4,3.12,0.3140909091,0.085,1.04,2.17,1.97,2.2,-0.4,,4097170.0,14288.4,,181317506539151.0,116.413,,,18.07,57.71,6195.920454545455
2018-12-01,   -9.55,   -2.81,   -1.92,   -0.03,    0.24,    0.19,104.0936,99.944051640931,-3.14814814814815,105.7,252.767,260.063,80.85,106.5,2.83,0.1870588235,-0.01,0.98,1.91,1.71,2.27,-0.4,,4075636.0,14392.0,,182674421936410.0,115.5674,,,25.42,50.57,6075.315789473684
2019-01-01,    8.36,    2.91,   -0.39,   -0.73,   -1.65,    0.21,103.4021,99.7446802618773,-0.189035916824199,,252.561,260.766,80.01,107.0,2.71,0.1327272727,0.0,0.78,2.0,1.85,2.4,-0.4,,4039678.0,14460.2,,186593532659733.0,113.5504,,,16.57,62.46,5939.102272727273
2019-02-01,    3.42,    1.72,   -2.66,    0.16,   -1.54,    0.18,102.8371,99.5798506903019,0.380952380952365,105.3,253.319,261.186,80.27,108.1,2.68,0.0555,-0.015,0.78,2.06,1.95,2.4,-0.4,,3974590.0,14506.6,,186742744803641.0,114.1991,,,14.78,65.03,6300.4875
2019-03-01,    1.10,   -3.52,   -4.14,    0.88,   -0.90,    0.19,102.8757,99.4481757482916,0.380228136882134,108.5,254.277,261.567,81.09,107.7,2.57,0.010952381,-0.095,0.53,1.98,1.88,2.41,-0.4,,3955617.0,14559.5,,188941213660000.0,115.1371,,,13.71,67.93,6439.464285714286
2019-04-01,    3.97,   -1.15,    2.13,    1.61,   -2.18,    0.21,102.274,99.3272042607032,0.285442435775456,105.4,255.233,261.997,81.67,107.8,2.53,-0.0395,-0.045,0.56,2.05,1.95,2.42,-0.4,,3928273.0,14594.0,,188467032670746.0,115.3281,,,13.12,72.19,6438.3625
2019-05-01,   -6.92,   -1.56,   -2.45,   -0.48,    1.76,    0.21,102.392,99.214214005615,-0.751173708920177,105.0,255.296,262.217,81.78,107.8,2.4,-0.1345454545,-0.095,0.4,1.9,1.74,2.39,-0.4,,3851444.0,14703.2,,189115369625331.0,116.7273,,,18.71,66.78,6017.904761904762
2019-06-01,    6.99,    0.19,   -0.64,    0.45,   -0.55,    0.18,102.4375,99.1121347875984,-1.69651272384543,106.3,255.213,262.739,81.91,107.7,2.07,-0.3152631579,-0.165,0.31,1.85,1.69,2.38,-0.4,,3826817.0,14798.8,,192136019033428.0,114.5821,,,15.08,67.52,5882.225
2019-07-01,    1.22,   -1.82,    0.50,   -0.13,    0.37,    0.19,101.9408,99.0285933103768,-0.572519083969473,104.8,255.802,263.28,81.52,108.1,2.06,-0.3882608696,-0.16,0.26,1.96,1.76,2.4,-0.4,,3779102.0,14882.7,,191941081632526.0,115.4946,,,16.12,64.07,5941.195652173913
2019-08-01,   -2.55,   -3.25,   -4.77,    0.53,   -0.62,    0.16,102.639,98.9750458514347,-1.69172932330827,104.4,256.036,263.877,81.64,108.9,1.63,-0.6490909091,-0.28,-0.05,1.75,1.55,2.13,-0.4,,3759946.0,14974.4,,193549242773720.0,118.1575,,,18.98,61.04,5709.440476190476
2019-09-01,    1.42,    0.29,    6.76,    1.82,    3.38,    0.18,102.2917,98.9780186672135,-0.948766603415551,105.8,256.43,264.388,81.82,109.8,1.7,-0.5947619048,-0.215,0.15,1.71,1.53,2.04,-0.5,,3857715.0,15047.2,,,117.9461,,,16.24,60.99,5759.25
2019-10-01,    2.07,    0.25,   -1.92,    0.43,   -1.03,    0.15,101.4281,99.0325701453465,-0.662251655629127,104.7,257.155,264.97,81.93,110.8,1.71,-0.4695454545,-0.15,0.15,1.64,1.54,1.83,-0.5,,4019823.0,15185.6,,,115.9125,,,13.22,59.3,5757.297826086957
2019-11-01,    3.87,    0.39,   -2.00,   -1.64,   -1.14,    0.12,101.9372,99.1156805338003,-0.57526366251195,106.2,257.879,265.548,81.67,111.2,1.81,-0.3523809524,-0.08,0.17,1.72,1.61,1.55,-0.5,,4052875.0,15301.3,,,117.1204,,,12.62,64.5,5859.952380952381
2019-12-01,    2.76,    0.99,    1.73,    0.05,    1.19,    0.14,101.7003,99.1945266653832,-2.77246653919693,106.9,258.63,266.02,81.93,111.2,1.86,-0.2994444444,-0.025,0.15,1.86,1.77,1.55,-0.5,,4165591.0,15351.5,,,114.669,,,13.78,67.77,6077.0625
2020-01-01,   -0.09,   -4.37,   -6.22,   -1.19,   -2.19,    0.13,101.0338,99.2299518381407,-1.32575757575757,,259.127,266.716,81.1,112.8,1.76,-0.3136363636,-0.065,-0.14,1.7,1.65,1.55,-0.5,,4151630.0,15425.0,,,115.7345,,,18.84,57.77,6031.209090909091
2020-02-01,   -8.15,    0.08,   -3.82,   -1.43,   -2.53,    0.12,101.3735,99.1924410245772,-1.51802656546489,86.5,259.25,267.37,81.25,113.7,1.5,-0.466,-0.155,-0.28,1.49,1.41,1.58,-0.5,,4158637.0,15492.8,,,117.6568,,,40.11,51.31,5687.75
2020-03-01,  -13.35,   -8.18,  -13.83,   -1.61,    1.19,    0.12,97.4078,97.7816194228771,-12.3106060606061,98.9,258.076,267.054,81.69,112.3,0.87,-0.5413636364,0.005,-0.17,1.25,0.87,0.65,-0.5,,5254278.0,16034.4,,,122.5301,,,53.54,14.85,5182.631818181818
2020-04-01,   13.58,    2.57,   -1.34,    2.76,   -1.02,    0.00,84.5619,92.9050775905146,-28.4629981024668,103.9,256.032,265.746,81.93,111.3,0.66,-0.4495,-0.04,-0.43,1.42,1.07,0.05,-0.5,,6655929.0,17064.0,,,122.327,,,34.15,18.11,5057.972
2020-05-01,    5.59,    1.92,   -5.00,    0.96,   -3.16,    0.01,85.9604,94.4391051321235,-18.8268684957427,104.4,255.802,265.412,81.85,110.4,0.67,-0.5165,0.0,-0.5,1.47,1.15,0.05,-0.5,,7097316.0,17931.9,,,120.9458,,,27.51,34.15,5239.826315789474
2020-06-01,    2.44,    1.95,   -2.17,    0.14,    0.55,    0.01,91.5934,96.3059447617953,-10.6423777564717,104.8,257.042,265.849,82.13,110.4,0.73,-0.4342857143,0.03,-0.68,1.52,1.34,0.08,-0.5,,7082302.0,18180.0,,,120.4649,,,30.43,41.64,5754.595454545455
2020-07-01,    5.83,   -3.19,   -1.44,    0.38,    0.97,    0.01,95.0256,97.8631096666131,-5.85412667946257,104.8,258.352,267.389,81.84,110.0,0.62,-0.5230434783,0.01,-1.0,1.7,1.55,0.09,-0.5,,6949032.0,18331.4,,,117.2082,,,24.46,43.13,6372.460869565217
2020-08-01,    7.62,   -0.89,   -3.02,    4.27,   -1.51,    0.01,95.9549,98.5758586087277,-5.64053537284895,105.6,259.316,268.422,81.5,111.5,0.65,-0.5233333333,0.045,-1.08,1.91,1.8,0.1,-0.5,,6990418.0,18413.3,,,115.7586,,,26.41,45.22,6508.392857142857
2020-09-01,   -3.64,   -0.01,   -2.72,   -1.38,   -1.93,    0.01,95.9669,98.8762496596837,-5.45977011494253,106.9,259.997,268.933,81.56,111.7,0.68,-0.5240909091,0.015,-0.94,1.76,1.63,0.09,-0.5,,7056129.0,18605.0,,,116.946,,,26.37,40.3,6704.9
2020-10-01,   -2.08,    4.67,    4.25,   -0.77,   -0.57,    0.01,96.7394,99.2442144452171,-3.04761904761907,106.9,260.319,269.306,81.71,111.4,0.79,-0.6072727273,0.04,-0.82,1.81,1.7,0.09,-0.5,,7146306.0,18759.9,,,116.1354,,,38.02,36.33,6713.811363636364
2020-11-01,   12.44,    7.12,    2.09,   -2.25,    1.28,    0.01,97.0816,99.643407067489,0.964320154291216,107.0,260.911,269.981,81.43,110.7,0.87,-0.6147619048,0.03,-0.93,1.86,1.77,0.09,-0.5,,7216480.0,19002.4,,,113.2256,,,20.57,46.84,7068.907142857143
2020-12-01,    4.63,    4.93,   -1.68,   -1.97,   -0.06,    0.01,98.363,100.058648444607,2.85152409046214,107.3,262.045,270.341,81.7,111.5,0.93,-0.6185,0.02,-1.06,2.03,1.99,0.09,-0.5,,7363351.0,19119.4,,,111.3169,,,22.75,51.22,7772.238095238095
2021-01-01,   -0.07,    6.81,    3.22,   -3.65,    4.97,    0.00,98.8822,100.424497216805,1.34357005758157,,262.687,270.387,81.84,112.55,1.08,-0.5835,0.055,-1.02,2.05,2.13,0.09,-0.5,,7404926.0,19375.3,,,111.9511,,,33.09,55.25,7972.1475
2021-02-01,    2.81,    4.50,    7.20,    0.33,   -1.99,    0.00,95.6149,100.777770353185,0.289017341040466,,263.579,270.793,82.01,113.2193,1.26,-0.4455,0.15,-0.71,1.91,2.15,0.08,-0.5,,7590111.0,19641.4,,,112.8306,,,27.95,65.86,8470.94
2021-03-01,    3.16,   -0.84,    7.35,    6.35,    3.52,    0.00,98.3856,101.089002678226,13.6069114470842,114.1,264.961,271.459,82.78,112.6615,1.61,-0.3647826087,0.12,-0.63,2.2,2.37,0.07,-0.5,,7688988.0,19874.5,,,113.8234,,,19.4,63.52,8988.247826086958
2021-04-01,    4.97,   -3.16,   -1.02,    2.43,   -2.72,    0.00,98.5587,101.326606232386,41.1140583554377,109.8,266.614,273.66,83.25,112.3269,1.64,-0.325,0.09,-0.76,2.25,2.41,0.07,-0.5,,7780962.0,20174.1,,,112.0839,,,18.61,67.73,9324.8175
2021-05-01,    0.29,    1.27,    7.04,    2.34,    3.01,    0.00,99.4333,101.387544561238,22.1445221445222,108.8,268.383,275.465,83.47,112.2154,1.62,-0.2235,0.08,-0.84,2.27,2.42,0.06,-0.5,,7903541.0,20457.2,,,110.7576,,,16.76,69.36,10166.285
2021-06-01,    2.73,   -0.30,   -7.86,   -2.14,   -0.93,    0.00,99.7987,101.383034438431,10.5150214592275,108.3,270.654,277.651,83.69,111.7692,1.52,-0.2886363636,0.05,-0.87,2.17,2.32,0.08,-0.5,,8078544.0,20472.1,,,112.5533,,,15.83,76.94,9631.5
2021-07-01,    1.34,   -4.55,   -1.79,    5.50,   -0.59,    0.00,100.2519,101.328752976313,8.46075433231398,106.4,271.903,278.648,83.61,112.1038,1.32,-0.4513636364,0.015,-1.16,2.24,2.4,0.1,-0.5,,8221473.0,20629.1,,,112.6714,,,18.24,77.72,9450.820454545456
2021-08-01,    2.95,   -0.66,   -0.23,   -0.26,   -1.72,    0.00,100.0437,101.259091720864,5.5724417426545,105.3,272.676,278.997,83.9,112.2154,1.28,-0.5386363636,0.02,-1.03,2.18,2.33,0.09,-0.5,,8332743.0,20843.2,,,113.1076,,,16.48,73.45,9370.138571428572
2021-09-01,   -4.40,    1.12,    5.12,   -1.92,    2.00,    0.00,98.8579,101.206675764522,5.97771023302938,103.1,273.91,279.698,84.3,112.2154,1.37,-0.3627272727,0.065,-0.85,2.23,2.37,0.08,-0.5,,8447981.0,20984.5,,,114.6403,,,23.14,77.81,9324.709545454543
2021-10-01,    6.63,   -2.70,   -0.53,    1.71,   -1.54,    0.00,100.1861,101.176716165662,2.94695481335955,103.5,276.55,281.668,85.02,112.9962,1.58,-0.2042857143,0.095,-0.96,2.13,2.51,0.08,-0.5,,8556181.0,21163.3,,,114.1349,,,16.26,83.1,9829.219047619048
2021-11-01,   -1.58,   -1.70,   -0.37,    7.19,    1.70,    0.00,100.8654,101.153008231889,0.955109837631319,103.8,278.919,283.406,85.4,113.4424,1.56,-0.3136363636,0.05,-1.07,2.2,2.5,0.08,-0.5,,8681771.0,21340.1,,,116.2071,,,27.19,70.86,9728.904545454545
2021-12-01,    3.24,   -0.78,    3.25,    4.88,    4.29,    0.01,100.5726,101.106127606166,4.39770554493307,104.3,280.845,285.18,85.76,113.1077,1.47,-0.3842857143,0.07,-1.04,2.25,2.56,0.08,-0.5,,8757460.0,21502.0,,,115.283,,,17.22,77.24,9551.18
2022-01-01,   -6.15,   -4.01,   12.86,    0.77,    7.73,    0.00,100.1856,101.011268243438,1.04166666666666,,282.543,286.757,86.02,113.6655,1.76,-0.1147619048,0.17,-0.65,2.06,2.44,0.08,-0.5,,8860485.0,21646.4,,,115.566,,,24.83,92.35,9782.3375
2022-02-01,   -2.28,    2.86,    3.06,   -2.03,    3.03,    0.00,100.8064,100.861781141307,2.68972142170991,,284.5,288.273,86.83,114.3347,1.93,0.15,0.18,-0.79,2.13,2.62,0.08,-0.5,,8928129.0,21724.7,,,115.2224,,,30.15,103.08,9943.175
2022-03-01,    3.08,   -2.11,   -1.90,   -1.50,    3.21,    0.00,101.3907,100.648612038117,1.04562737642585,105.0,287.674,289.056,88.94,114.3347,2.13,0.2817391304,0.21,-0.52,2.34,2.84,0.2,-0.5,,8937142.0,21787.2,,,115.2218,,,20.56,107.29,10230.89391304348
2022-04-01,   -9.41,   -0.35,    6.18,    3.41,    5.92,    0.00,101.44,100.375069331183,-1.1278195488722,97.1,288.561,290.514,89.45,114.7809,2.75,0.7463157895,0.215,0.01,2.46,2.88,0.33,-0.5,,8939199.0,21767.6,,,119.4933,,,33.4,108.36,10174.34761904762
2022-05-01,   -0.33,   -0.03,    8.44,    1.55,    3.95,    0.03,101.3335,100.050725907762,3.14885496183204,100.7,291.298,292.063,90.19,114.5578,2.9,0.9527272727,0.235,0.21,2.32,2.64,0.77,-0.5,,8914281.0,21717.4,,,118.0704,,,26.19,125.53,9395.027272727271
2022-06-01,   -8.40,    1.33,   -6.00,    1.76,   -4.58,    0.06,101.018,99.724577503427,3.7864077669903,103.9,294.957,294.05,90.92,114.5578,3.14,1.445,0.225,0.65,2.08,2.33,1.21,-0.5,,8913553.0,21646.7,,,120.9652,,,28.71,119.78,9067.551818181819
2022-07-01,    9.57,    1.78,   -4.15,    0.77,   -6.85,    0.08,101.223,99.4462253083237,-0.375939849624065,103.8,294.913,295.088,91.02,115.1156,2.9,1.0819047619,0.18,0.14,2.33,2.53,1.68,0.0,,8890004.0,21649.2,,,121.7678,,,21.33,111.51,7544.809523809524
2022-08-01,   -3.77,    1.48,    0.18,   -4.74,    1.32,    0.19,101.0963,99.2303039170116,5.95009596928984,104.2,295.097,296.535,91.58,115.004,2.9,1.0343478261,0.22,0.67,2.38,2.48,2.33,0.0,,8826093.0,21641.9,,,123.535,,,25.87,96.55,7990.812173913043
2022-09-01,   -9.34,   -0.98,    0.03,   -1.33,   -0.77,    0.19,101.2918,99.0611541390451,5.54493307839389,106.3,296.349,298.226,92.67,115.3387,3.52,1.7954545455,0.24,1.68,2.16,2.15,2.56,0.75,,8795567.0,21541.3,,,127.5148,,,31.62,88.9,7746.011363636364
2022-10-01,    7.86,    1.81,    7.97,    3.27,    6.43,    0.23,101.2529,98.9257088376414,3.91221374045802,105.0,298.007,299.399,94.05,115.4502,3.98,2.1866666667,0.245,1.58,2.37,2.52,3.08,0.75,,8723090.0,21464.1,,,127.6219,,,25.88,93.3,7651.082857142857
2022-11-01,    4.69,   -2.75,    1.48,    6.29,    3.15,    0.29,100.9552,98.8165965210356,2.83822138126773,102.2,298.786,300.325,93.98,115.2271,3.89,2.0663636364,0.25,1.34,2.27,2.34,3.78,1.5,,8584576.0,21409.4,,,123.5175,,,20.58,85.61,8049.861363636364
2022-12-01,   -6.38,   -0.20,    1.34,    0.34,    4.28,    0.33,99.7664,98.7375300845459,-2.38095238095237,101.3,298.832,301.394,93.65,115.1156,3.62,2.0852380952,0.41,1.58,2.27,2.3,4.1,2.0,,8551169.0,21293.1,,,121.4256,,,21.67,82.82,8371.091363636364
2023-01-01,    6.60,    4.40,   -3.94,   -2.44,   -4.43,    0.35,100.505,98.6801008380348,0.281162136832244,,300.42,302.642,93.45,116.0079,3.53,2.1927272727,0.49,1.28,2.21,2.24,4.33,2.0,,8470557.0,21274.0,,,118.9802,,,19.4,83.42,9007.346363636363
2023-02-01,   -2.57,    0.57,   -0.80,    0.99,   -1.51,    0.34,100.6416,98.6237170844327,1.68381665107575,,301.45,304.123,94.21,115.4502,3.75,2.3705,0.5,1.49,2.28,2.43,4.57,2.5,,8382190.0,21240.2,,,121.3341,,,20.7,83.21,8936.587
2023-03-01,    2.49,   -6.89,   -9.05,    2.27,   -2.10,    0.36,101.0205,98.5796946037833,-2.06961429915333,103.9,301.821,305.147,95.06,115.1156,3.66,2.3834782609,0.32,1.16,2.24,2.32,4.65,3.0,,8705942.0,20942.3,,,119.3602,,,18.7,79.19,8856.310869565217
2023-04-01,    0.63,   -2.57,   -0.12,    2.41,    2.85,    0.35,101.253,98.5718993963872,0.0,105.6,302.845,306.534,95.66,114.8925,3.46,2.3594444444,0.385,1.26,2.16,2.18,4.83,3.0,,8562768.0,20758.3,,,119.2248,,,15.78,81.32,8809.1575
2023-05-01,    0.33,   -0.43,   -7.79,   -1.78,   -7.08,    0.36,100.9286,98.6061824116717,-2.59019426456984,103.5,303.334,307.652,95.69,114.7809,3.57,2.3422727273,0.43,1.46,2.29,2.18,5.06,3.25,,8385854.0,20829.6,,,120.9662,,,17.94,71.98,8243.156086956522
2023-06-01,    6.46,    1.28,   -0.13,    2.31,   -1.54,    0.40,100.1196,98.6797473377559,-1.59027128157158,104.4,304.014,308.322,95.93,114.5578,3.75,2.3763636364,0.395,1.59,2.26,2.22,5.08,3.5,,8340914.0,20798.9,,,119.3606,,,13.59,74.51,8396.517727272727
2023-07-01,    3.21,    2.86,    4.06,   -0.59,    0.66,    0.45,100.9067,98.7594604999374,-2.07547169811321,103.7,304.609,308.96,95.83,114.7809,3.9,2.4566666667,0.595,1.6,2.47,2.37,5.12,3.5,,8243344.0,20792.2,,,117.8241,,,13.63,85.22,8476.679047619047
2023-08-01,   -2.36,   -3.64,   -1.15,    3.33,   -2.37,    0.45,100.8393,98.8196030683195,-5.43478260869566,104.5,306.082,309.58,96.35,115.1156,4.17,2.5456521739,0.64,1.85,2.33,2.24,5.33,3.75,,8121316.0,20782.0,,,120.225,3.85,4.5,13.57,87.29,8347.828260869564
2023-09-01,   -5.23,   -1.77,    1.50,    1.85,   -0.75,    0.43,101.0211,98.8563129961962,-6.34057971014495,104.5,307.276,310.539,96.67,115.3387,4.38,2.6614285714,0.765,2.24,2.48,2.35,5.33,4.0,,8002064.0,20753.6,,,122.3077,4.03,4.45,17.52,95.86,8276.71380952381
2023-10-01,   -3.15,   -4.03,    0.20,    2.41,   -0.72,    0.47,100.4689,98.8833651939071,-5.69329660238752,104.6,307.696,311.457,96.75,115.2271,4.8,2.8231818182,0.95,2.46,2.44,2.42,5.33,4.0,,7907830.0,20737.5,,,123.8364,4.42,4.83,18.14,86.82,7941.355909090909
2023-11-01,    8.88,   -0.21,    1.67,   -3.73,   -1.08,    0.44,100.8639,98.9320769777816,,106.6,308.148,312.392,96.21,114.6694,4.5,2.6013636364,0.66,2.14,2.31,2.23,5.33,4.0,,7796145.0,20749.7,,,120.2434,3.84,4.32,12.92,81.72,8189.587727272727
2023-12-01,    4.85,    7.25,    4.89,   -2.94,    1.26,    0.43,100.6031,99.018664777056,,,308.741,313.195,96.37,114.7809,4.02,2.1021052632,0.62,1.72,2.2,2.16,5.33,4.0,,7712781.0,20779.9,,,118.4208,3.39,3.96,12.45,77.69,8407.900476190476
2024-01-01,    0.73,   -5.70,   -2.38,    0.64,   -0.95,    0.47,99.2223,99.1301817146539,,,309.698,314.319,96.03,115.004,4.06,2.1745454545,0.73,1.73,2.28,2.26,5.33,4.0,,7630124.0,20835.5,,,120.4331,3.59,3.85,14.35,82.98,8351.339565217391
2024-02-01,    5.07,   -0.84,   -3.43,   -2.03,   -2.21,    0.42,100.285,99.242264927569,,,310.967,315.564,96.63,116.231,4.21,2.3319047619,0.71,1.92,2.26,2.33,5.33,4.0,,7567807.0,20921.7,,,121.1824,3.29,3.46,13.4,84.57,8304.950476190475
2024-03-01,    2.84,   -1.20,    4.16,    1.32,    1.14,    0.43,100.4575,99.3303548668359,,,312.345,316.792,97.35,115.2271,4.21,2.3495,0.725,1.88,2.26,2.32,5.33,4.0,,7484739.0,20965.9,,,121.0191,3.15,3.58,13.01,86.17,8692.819047619048
2024-04-01,   -4.65,   -2.60,   -0.45,    1.15,   -0.34,    0.47,100.2434,99.3726906100479,,,313.023,317.649,97.91,115.1156,4.54,2.4457142857,0.87,2.28,2.39,2.41,5.33,4.0,,7402434.0,20955.5,,,122.9853,3.18,3.5,15.65,88.23,9445.593636363636
2024-05-01,    4.32,    0.57,   -1.31,    3.21,   -2.90,    0.44,100.863,99.3770230068773,,,313.175,318.095,98.13,115.1156,4.48,2.5195454545,1.07,2.16,2.36,2.35,5.33,4.0,,7284319.0,21021.7,,,122.098,3.2,3.29,12.92,79.41,10117.16347826087
2024-06-01,    2.80,   -4.32,   -3.36,    0.56,   -1.79,    0.41,100.894,99.3732187401246,,,313.044,318.39,98.33,114.7809,4.31,2.4845,1.05,2.08,2.32,2.28,5.33,3.75,,7231163.0,21070.7,,,124.2103,3.21,3.53,12.44,87.26,9648.167
2024-07-01,    1.22,    8.33,    5.57,    0.26,    0.27,    0.45,99.9757,99.3952625996657,,,313.569,318.94,98.3,115.3387,4.25,2.4582608696,1.045,1.85,2.35,2.24,5.33,3.75,,7178391.0,21098.8,,,123.6373,3.25,3.56,16.36,81.39,9385.31304347826
2024-08-01,    1.61,   -3.57,   -1.13,    0.75,    0.79,    0.48,100.4309,99.4591957079447,,,314.062,319.75,98.43,115.7848,3.87,2.2077272727,0.89,1.76,2.29,2.15,5.33,3.75,,7123238.0,21191.9,,,122.3262,3.17,3.43,15.0,80.2,8981.117727272727
2024-09-01,    1.73,   -0.91,   -2.73,    0.19,   -0.25,    0.40,99.8084,99.5650655492442,,,314.732,320.732,98.34,115.7848,3.72,2.1671428571,0.855,1.63,2.29,2.18,5.13,3.5,,7080059.0,21275.5,,,121.2864,3.03,3.42,16.73,72.35,9259.128571428571
2024-10-01,   -1.00,   -0.86,    0.91,   -1.49,    1.02,    0.39,99.4695,99.6885312661833,,,315.631,321.731,98.68,115.5617,4.1,2.2295652174,0.935,1.95,2.28,2.33,4.83,3.25,,7013490.0,21336.7,,,124.7988,2.88,3.17,23.16,73.25,9533.991304347826
2024-11-01,    6.49,    4.63,    0.38,   -2.27,   -1.93,    0.40,99.2925,99.803617961947,,,316.528,322.657,98.36,114.8925,4.36,2.3057142857,1.05,1.92,2.19,2.26,4.64,3.25,,6905140.0,21454.8,,,126.5798,2.74,3.31,13.51,74.16,9075.727142857144
2024-12-01,   -3.16,   -3.82,   -2.97,    1.88,   -1.20,    0.37,100.3273,99.8761306079338,,,317.604,323.259,98.71,114.8925,4.39,2.1788888889,1.09,2.24,2.3,2.34,4.48,3.0,,6885963.0,21487.6,,,129.2775,2.92,3.11,17.35,74.58,8909.907727272726
2025-01-01,    2.80,   -1.23,    1.76,   -2.35,   -3.22,    0.37,100.0647,99.8827296078538,,,318.961,324.638,98.43,115.5617,4.63,2.4836363636,1.245,2.16,2.3,2.42,4.33,3.0,,6818186.0,21539.2,,,128.4828,2.68,3.02,16.43,77.11,8976.68043478261
2025-02-01,   -2.43,   -4.88,    4.84,    1.07,    3.09,    0.33,101.0993,99.8290643493041,,,319.679,325.465,98.85,115.3387,4.45,2.4055,1.37,1.86,2.18,2.38,4.33,2.75,,6766101.0,21607.2,,,128.2805,2.87,2.89,19.63,74.76,9330.975
2025-03-01,   -6.39,   -1.47,    2.87,    2.09,   -0.46,    0.34,101.0404,99.7394278474064,,,319.785,325.69,99.46,115.1156,4.28,2.7414285714,1.485,1.85,2.15,2.38,4.33,2.5,,6740253.0,21684.1,,,126.7075,3.55,3.28,22.28,77.23,9735.823333333332
2025-04-01,   -0.84,   -1.83,   -3.29,   -2.83,   -2.59,    0.35,101.1279,99.6571610022642,,,320.302,326.467,100.02,115.0297,4.28,2.5105,1.31,1.94,2.17,2.23,4.33,2.25,,6709277.0,21770.9,,,122.5921,3.94,3.7,24.7,63.37,9172.69590909091
2025-05-01,    6.06,   -0.77,   -2.81,    1.29,    2.48,    0.38,100.9655,99.6310939608453,,,320.62,326.893,99.96,,4.42,2.5628571429,1.5,2.07,2.29,2.34,4.33,2.25,,6673244.0,21836.2,,,121.7674,3.32,3.27,18.57,64.32,9531.200909090909
2025-06-01,    4.86,   -0.08,   -1.43,   -3.19,    1.38,    0.34,101.4785,99.6551231641363,,,321.435,327.658,100.26,,4.38,2.519047619,1.42,1.95,2.27,2.29,4.33,2.0,,6662200.0,21942.7,,,119.4088,2.96,3.1,16.73,68.15,9835.068095238095
2025-07-01,    1.98,   -0.13,   -1.28,   -0.24,   -2.04,    0.34,101.894,99.6995377403926,,,322.169,328.682,100.28,,4.39,2.6313043478,1.545,1.98,2.32,2.39,4.33,2.0,,6642578.0,22025.5,,,121.721,2.86,2.72,16.72,73.43,9770.580434782609
2025-08-01,    1.84,    4.81,    4.44,   -0.74,    1.99,    0.38,101.6247,99.7533318470094,,,323.291,329.7,100.42,,4.26,2.6733333333,1.6,1.82,2.35,2.41,4.33,2.0,,6603384.0,22092.5,,,120.2082,2.84,2.88,15.36,67.83,9671.875714285714
2025-09-01,    3.39,   -2.24,   -0.93,   -2.15,   -2.24,    0.33,101.668,99.8251484304636,,,324.245,330.418,100.52,,4.12,2.6931818182,1.645,1.8,2.3,2.36,4.22,2.0,,6608395.0,22176.1,,,120.1368,2.8,2.72,16.28,68.52,9994.773181818182
2025-10-01,    1.96,   -1.62,   -2.76,   -5.80,   -4.04,    0.37,101.2195,99.9246397878938,,,,,100.73,,4.06,2.617826087,1.655,1.81,2.2,2.3,4.09,2.0,,6587034.0,22249.8,,,121.3859,2.94,2.81,17.44,65.44,10739.91826086957
2025-11-01,   -0.13,    1.62,    3.62,    1.66,    0.62,    0.30,101.0344,100.060302648121,,,325.063,331.043,100.44,,4.09,2.6575,1.805,1.79,2.17,2.23,3.88,2.0,,6552419.0,22279.8,,,121.0527,2.92,2.87,16.35,64.07,10812.028
2025-12-01,   -0.36,   -0.17,    2.36,    0.38,    0.39,    0.34,101.4941,100.22365935999,,,326.031,331.814,100.62,,4.14,2.8142105263,2.06,1.93,2.24,2.25,3.72,2.0,,6640618.0,22355.3,,,119.7456,2.81,2.7,14.95,61.35,11790.96409090909
2026-01-01,    1.03,    3.21,    3.82,    1.80,    1.81,    0.30,101.0388,100.395377820569,,,326.588,332.793,100.04,,4.21,2.8066666667,2.24,1.9,2.19,2.36,3.64,2.0,,6587568.0,22420.1,,,117.8996,2.88,2.64,17.44,72.25,12986.60681818182
2026-02-01,   -1.18,    0.74,    2.71,    1.91,    5.04,    0.28,101.9053,100.538535273365,,,327.46,333.512,100.7,,4.13,2.745,2.11,1.72,2.1,2.25,3.64,2.0,,6613797.0,22620.3,,,117.8223,3.12,2.74,19.86,71.32,12951.345
2026-03-01,   -5.18,    0.66,    3.41,   -2.08,   -0.10,    0.29,101.7543,100.639621464448,,,330.293,334.165,101.98,,4.25,2.91,2.345,2.0,2.06,2.3,3.64,2.0,,6657161.0,22676.1,,,121.035,3.28,3.37,25.25,126.69,12528.70954545455
2026-04-01,    9.95,    0.38,   -1.17,   -4.30,   -3.78,    0.29,102.5198,100.711273811123,,,332.407,335.423,103.02,,4.32,3.001,2.515,1.94,2.25,2.46,3.64,2.0,,6699950.0,22799.9,,,118.671,2.83,2.8,16.89,124.24,12890.68772727273
2026-05-01,    4.91,   -2.77,   -2.16,   -8.42,   -1.40,    0.31,102.5099,100.758798652186,,,333.979,336.121,103.1,,4.48,3.0465,2.65,2.07,2.24,2.38,3.63,2.0,,6704383.0,23055.6,,,118.8783,2.74,2.73,15.32,92.88,13512.15619047619
2026-06-01,   -1.07,    4.58,    3.34,   -4.64,    3.46,    0.29,102.7868,100.802396471123,,,332.568,336.065,103.0,,4.47,2.97,2.67,2.2,2.22,2.24,3.63,2.25,,6735645.0,23155.2,,,120.9248,2.75,2.7,16.45,70.46,13552.04090909091
