Date,AAPL,AGG,GLD,JNJ,JPM,KO,MSFT,PEP,PG,PLTR,SPY,UNH,VFISX,VNQ,VTV,VUG,XOM
1990-01-01,,,,,,,,,,,,,,,,,
1990-02-01,0.32211227664504793,,,2.9219371282686257,-0.48551713479593195,2.359304797085149,6.7568489923239605,1.7392216304545016,-0.19535268553420027,,,1.3512748547836129,,,,,1.2658097888957442
1990-03-01,18.38253253395341,,,4.662034248034463,-6.467652645403932,6.61760652325194,12.151811841361425,7.523809382042712,6.0665551985843225,,,4.0000501807139655,,,,,-1.5958382529880355
1990-04-01,-2.173770196697533,,,0.8909337457495781,0.0,2.00670468799522,4.7404918024205545,5.788491129851181,4.906096111675806,,,10.256422759991835,,,,,-2.162130892354719
1990-05-01,5.052549438523424,,,13.435751525381301,17.112365104109006,18.360721158599592,25.861986580146002,11.509363550746743,16.991088101308716,,,40.69737898028198,,,,,7.464075205132081
1990-06-01,8.48492137651997,,,6.066501495716814,-4.562228995312367,-1.2157103804049663,4.10964449739315,5.498122823819851,5.446365113924223,,,14.04974969303614,,,,,-0.26050446429635166
1990-07-01,-6.145446255167986,,,4.243563100992076,-9.80391118917514,2.2535745784875383,-12.50005814153603,-0.8051157494679217,0.0692280437560644,,,10.144825885950715,,,,,8.35514078126305
1990-08-01,-11.638508293244465,,,-6.610117495788225,-5.978269223334576,-6.887084753502338,-7.518775409529321,-2.4350635696771206,-11.23917011998129,,,-9.828941605529383,,,,,-2.536571080764083
1990-09-01,-21.621475556124302,,,-3.6190557655369604,-26.127701862861706,-6.062824810275935,2.438993827820446,-7.7878524061882555,-5.3571363073140805,,,-5.839460409320174,,,,,-1.9999523529023122
1990-10-01,6.0344612689746,,,1.7786446109082865,-34.67740561794482,13.607538565677446,1.190545795130471,4.3478048602632935,8.610639042291401,,,9.302423882645483,,,,,0.0
1990-11-01,19.911555432830454,,,8.908536233729226,12.345652903042081,3.516610159678968,13.333242393583022,6.77086138282792,5.405461372071252,,,14.893709568590419,,,,,4.730308219178081
1990-12-01,17.006983591066138,,,2.867283437629564,-3.6770968853543473,0.5405916077803719,4.152286888656387,1.845892273412164,4.524876481670548,,,14.814816415991384,,,,,2.2222397790388815
1991-01-01,29.069659313641672,,,6.620275083182636,22.092966554657245,4.838681484066809,30.398627599850926,5.769214044736204,-7.940169902796635,,,18.279481513811668,,,,,-0.24153444651831002
1991-02-01,3.370268906816598,,,7.811846403027922,25.71430036681155,7.435870438623704,5.732488298537208,19.0909346628763,2.5236345264789684,,,9.545413119489133,,,,,8.194031484871322
1991-03-01,18.77722538713369,,,16.74277611081425,6.80743631846632,4.057945540691854,2.2891588268420415,4.898070304752,4.76931096101878,,,30.290533328739034,,,,,6.122470956964432
1991-04-01,-19.117778271477636,,,-1.434175248471381,17.985545564434545,-2.7649697819738916,-6.713753917738252,-6.934357596087337,-0.9021266469491973,,,0.31844166616428193,,,,,1.709435776243784
1991-05-01,-14.326684868388162,,,-3.683475927665303,4.268317087315698,8.530808337854246,10.858591791742246,-1.5686241812215451,1.4903323613138397,,,24.462108147294014,,,,,-0.9739271249730508
1991-06-01,-11.702072506727411,,,-7.862084594444873,1.041639618545287,-4.385328768483799,-6.890644700214665,-7.207617935471722,-9.104244928404492,,,-8.418360993097473,,,,,-0.21466409073912507
1991-07-01,11.445555752842518,,,9.730535386052042,19.88303080785876,10.3211276632023,7.889915988014651,9.913801218961638,5.01818323632357,,,11.97771174809028,,,,,2.1505718838676247
1991-08-01,14.85340843966949,,,1.8057569846337218,3.4146582801981795,9.355486918386791,15.98639043536716,1.5686057279607146,3.40554896489611,,,2.4876051739894267,,,,,-0.7821339034030261
1991-09-01,-6.603772542144915,,,-4.845266279146509,-3.333287520316386,-1.5382929423219172,4.398827530735416,-11.604862413674299,1.646679236715154,,,4.8543439441302905,,,,,2.1458629760838788
1991-10-01,4.040335729825539,,,7.637959952870732,-2.4631257183692634,3.2945232963684346,5.477474729340348,0.0,-0.8773796796793132,,,18.51852023382241,,,,,2.5210140643412426
1991-11-01,-1.2192357418230104,,,1.7229232631300828,-14.646475387826463,4.492393126243921,3.5952357545552704,3.947371681367695,-3.139026836728198,,,-6.054702626982489,0.8388258828281314,,,,-2.8370748141535063
1991-12-01,11.083712176453409,,,18.80673812534459,2.1041314855868576,15.67562995515701,14.395842061296626,14.801422586754986,15.895067304535537,,,23.908582660710675,1.768280608065953,,,,3.837956987120039
1992-01-01,14.855927467506413,,,-6.1135413995964445,31.764684698946443,-3.426767194568092,8.089886802627344,-0.36904664840997636,11.119097867207772,,,11.74488815215482,-0.4581850997763981,,,,-4.312088422687744
1992-02-01,4.442138723579769,,,-5.45880906202838,20.089224678002672,5.483927467381378,2.702759060498172,-4.444387170349573,-2.0481917548697215,,,-3.9038651663385715,0.19964305314983388,,,,-0.8144413292301755
1992-03-01,-13.703771032527056,,,-3.703746534682173,-1.7187672204235005,0.3562685900003304,-4.048588867445413,6.604402586092384,0.6150327154595958,,,-0.9374859909795807,-0.24552262957354687,,,,-4.157561874265836
1992-04-01,3.218853052245585,,,-2.6922190369089605,7.251867704778703,1.529025173742582,-6.96204777173074,6.569338585596207,1.518148777375039,,,-3.432918359608328,0.9592958996265555,,,,9.589031580616702
1992-05-01,-0.6236864757005245,,,2.6048112712813376,3.9146412167057054,6.024077211737078,9.750605360001096,0.0,-0.48429657724353703,,,16.013133601262773,1.1632293886474798,,,,2.2820054383148047
1992-06-01,-19.50373942620477,,,-7.612809676481779,2.540960317013341,-8.798256033286266,-13.223166829543132,-4.102099217223465,-10.462296548087002,,,-6.47889613919812,1.233004173618335,,,,2.061848396921162
1992-07-01,-2.6039869538162397,,,10.055752425536069,-6.060603255466878,4.687531030308834,3.928584863202178,7.168479733291688,10.654004599502409,,,10.843406879876527,1.5158391952822425,,,,2.6262778363209227
1992-08-01,-1.3399879548646298,,,0.725405854732375,-6.810050127129896,2.686563190878233,2.405473999194907,0.33438556046163637,-7.407412577638405,,,-7.336983695108712,1.2112955496989875,,,,2.3346295356081237
1992-09-01,-1.9020539192802888,,,-4.556969547282108,1.3308692871184746,-5.510679061091405,8.053731188170854,1.3468245407018076,5.333255689901928,,,17.888550700701742,1.0861078570963523,,,,-0.5837081683298884
1992-10-01,16.34348045254679,,,6.100761922585662,5.36397743306638,0.3086074695537677,10.248479571576553,5.280446042858844,7.669205889996222,,,3.731349743691581,-1.1144753612812308,,,,-4.109526781954276
1992-11-01,9.756858778746258,,,1.2227061990335297,9.090906089648932,-1.8165068162349085,4.929511441246559,2.1943635295334385,2.600448025353419,,,4.556361241817308,-0.46412022984438916,,,,-1.6748669013002981
1992-12-01,3.9129673147747512,,,0.24816774922264973,3.803628922311697,5.345881081192538,-8.322120285973366,2.1576149754180873,-1.1520365272606137,,,4.357831473966334,1.1150617858797007,,,,2.7311354566135426
1993-01-01,-0.4183945089884955,,,-12.871275728209497,5.178026738315067,1.1940637260847486,1.3176562626747268,0.9036325140122203,-6.718206879037247,,,13.406579630755534,1.3985117812840508,,,,0.0
1993-02-01,-10.730178681443814,,,-2.911514696581108,-0.3076849445130425,0.0,-3.612656131587433,-4.776140367615589,4.522700490805764,,1.066887322875254,-31.395382278042984,1.0488140085694875,,,,5.303070468989657
1993-03-01,-2.8301986754141306,,,0.29417672059504074,0.5052094189475387,0.9823754939064511,10.944533149175228,7.862385495581248,-4.086522081175392,,2.2399091504613278,16.401715130508187,0.21122043121837297,,,,3.9292938330342198
1993-04-01,-0.48542128523545447,,,2.3459981598516366,-5.263081211188114,-7.624702896704283,-7.567612077486718,-12.244860658916378,-0.9436100260328262,,-2.558827291616317,4.854368460821035,0.8714515830559266,,,,-0.18901324535953723
1993-05-01,10.71879139874563,,,2.8883987740733863,0.3267419733198329,5.396870564178591,8.333324145528653,-3.654532162865032,0.0,,2.696986070811924,10.648151791218474,-0.4555050183869258,,,,0.34753987850986157
1993-06-01,-30.242697236896188,,,-7.002814759102427,7.360728770156699,4.049890886837715,-4.993222283127475,2.524693946386858,5.8524581233249995,,0.36072182613751114,7.531363074382402,0.8746118212170417,,,,0.9542363450624425
1993-07-01,-29.746887141327647,,,-12.048207737128891,0.9174576399693546,0.5813149498845815,-15.909095615941416,1.01354221640384,-5.6709799959128615,,-0.4853746944923021,-1.7509864471283665,0.010780034632418278,,,,-0.756173394686166
1993-08-01,-4.084306890445588,,,12.444850016673836,-1.5151261435038865,0.28907259591790524,1.5202696677611316,5.3511343694180535,-0.7691967037716685,,3.8326957149409147,-6.138585257283835,1.0652430845719651,,,,0.7392430895607482
1993-09-01,-11.79257051236946,,,-3.374232587523407,11.589796876230318,-2.2081668554031375,9.817020861888759,0.09318079731994722,-1.8087524101554897,,-0.7276043819729683,15.822768042162627,0.37277337122521015,,,,0.19116480790888346
1993-10-01,31.551286866658714,,,6.984104338723562,-10.833370950449538,2.662753143178964,-2.8788362500438924,0.6369752339548507,14.882463284206837,,1.972925103019607,1.8215482934667682,0.09630260554425174,,,,-0.19080006533049865
1993-11-01,2.806944725457128,,,4.189027654991229,-4.049802133301461,-2.7788715588722646,-0.15595651288641266,1.8987149177355,4.608288549814743,,-1.067466988789223,3.5777870578491022,-0.10424947966772846,,,,-2.9338876336314823
1993-12-01,-7.142753322259132,,,2.8652920936365733,5.204795749961888,6.249985316252182,0.7812441083238753,1.9618719196720313,0.44051670531717324,,1.2276444316054125,4.8359298285942875,-0.000821077507473511,,,,0.5975978592513309
1994-01-01,11.96580169297663,,,-5.5709880215788825,-1.557562798096379,-8.403357870602889,5.581344230285801,-1.2232291257757155,4.9567997228675775,,3.487635160169411,12.685352293224007,0.6755216192161351,,,,5.346584481412853
1994-02-01,11.850833301503627,,,-4.728631921252047,-5.6962088174017484,4.281381418794772,-3.083647851534854,-3.0960334878909257,-3.3613268110567973,,-2.9164625613484874,-3.362579031853874,-0.8917064192010327,,,,-1.383863710534794
1994-03-01,-8.904163935326325,,,-5.919008825476646,-1.32516019893395,-4.236631010391312,2.7272932945784367,-5.993889627025251,-6.956513475133919,,-4.190111373659155,3.5465607522833453,-1.0595104715997783,,,,-3.08283482867584
1994-04-01,-9.774483204075013,,,9.602606999747376,-4.467403736632047,2.7691970069654737,9.144506090172811,-0.3412486485202093,6.923569951966391,,1.1212629199217838,-2.9240006301279653,-0.4824211474822371,,,,0.0
1994-05-01,-2.1148712881114085,,,7.6990055529856605,10.431637113170012,-3.59281265653818,16.21617086163687,-1.3699231501830722,-0.8790472979926744,,1.5938940980058103,15.96381054982099,0.13086848128602835,,,,-1.6549103361307105
1994-06-01,-9.401862753577038,,,-3.1073714156940935,1.3128985805775262,1.4039221943037639,-3.95347934477015,-14.503043981875685,-5.321510164557552,,-2.2914111483477995,-6.233711362092176,0.22095158524535474,,,,-7.157472158814004
1994-07-01,27.122625964226255,,,9.621038123638325,-0.32465773360166317,9.230709681603887,-0.24215094115910274,-0.40810459812966604,5.1216818636952155,,3.2326268540253,0.8309991386544757,0.9549468121131444,,,,4.845819443842503
1994-08-01,7.793389187222455,,,7.298895182892884,0.9772383388506611,3.6620581075144543,12.864127932538839,8.606453866289531,9.192757501955185,,3.8120926352486872,14.83512543976413,0.2510224054830923,,,,1.2171561787938323
1994-09-01,-6.908565711767611,,,3.2418945846721448,-8.543904722570483,6.155258007908171,-3.440886814817279,0.5382321339329588,-2.0534127869057395,,-2.525507370068425,1.4354012544199435,-0.35772883199720606,,,,-3.3612918067986386
1994-10-01,28.20052916946296,,,5.555532973060173,8.571411065572288,3.598974653277942,12.249401310951825,5.660374547771796,6.042270172436015,,2.842703148754233,-0.4716429340140049,0.274375245361802,,,,9.347783167959566
1994-11-01,-13.488873903238074,,,-1.752035942435981,-4.2763443652537365,1.8727451987182286,-0.19834952130372008,0.714275552187793,-0.596427558014867,,-3.9815779994158196,-9.71565807899626,-0.5422054252124275,,,,-2.7906953985219585
1994-12-01,4.697951569486536,,,2.576096015336482,-0.17108390185726075,0.7334487288488623,-2.783301768623281,3.355468580732124,-0.799974661709324,,0.7282717715188847,-5.249315362791107,0.206256725465237,,,,0.621092894505848
1995-01-01,3.525697146378559,,,6.164483580645186,8.710772147648793,1.9417616407420457,-2.8629667834247474,1.7241095899013237,5.635402565572711,,3.3607545704457564,7.479224744751667,1.5658379904922137,,,,2.8806726724771137
1995-02-01,-1.898059986103895,,,-1.8739635777847097,2.884541999943546,4.761894436992153,6.105177057035638,6.101697992621213,2.1113878959576615,,4.080914014345316,-11.340200982042315,1.599841148902792,,,,3.4362767495633717
1995-03-01,-10.759666945121582,,,4.845768561537689,-4.8313359040513815,2.907879263695179,12.89690852460037,0.4652042019194669,-0.375995394438966,,2.784804344803282,8.78906819574179,0.542372939686353,,,,4.305299458942291
1995-04-01,8.510737541599479,,,9.24377080351766,10.596090578322137,3.104223959280339,14.938412781216659,6.389779876909851,6.017367259088258,,2.9622342643204957,-22.192492751917527,1.0226792125813677,,,,4.315212433512228
1995-05-01,8.961491166300561,,,2.238174758174072,10.478998482539325,6.021540706942474,3.5932885510834955,17.717688998943327,2.8622301685403473,,3.967253125282477,2.405478707097486,2.0227956854444784,,,,3.7922955335242925
1995-06-01,11.72939993685953,,,2.079354692810975,2.4390479925133324,3.8273713576446156,6.715849502185556,-6.741763235545861,0.0,,2.02304099357129,11.073816012993841,0.6113824548621194,,,,-1.0507760315485393
1995-07-01,-3.0956055344084077,,,6.296250323926378,10.427786619563872,2.9411708726694075,0.13831025890791437,3.0220213186813005,-3.6191387232800687,,3.216508442078858,8.761327664586194,0.22842988085018945,,,,2.6549006362381
1995-08-01,-4.183580090250061,,,-3.3788455869400713,12.83294702169786,-2.0951687655651363,2.210011775896592,-3.466708014182973,0.7259038132529039,,0.44517690903818075,-6.111124979959515,0.6215586397214645,,,,-4.158226034711787
1995-09-01,-13.37221308401796,,,7.427486606179379,4.506506074743077,7.7597950387558345,-2.1622263196116376,13.196729813484565,10.991021502799757,,4.237643501173949,15.680480120498096,0.612154966128009,,,,5.0908724596802735
1995-10-01,-2.516656912099313,,,9.949464681172682,-5.800389561745267,4.166647530282419,10.497234768379826,3.186205270528375,5.723398364743315,,-0.2938383793396171,8.695660612737166,0.9149009432345201,,,,5.709340412975128
1995-11-01,5.31848738996179,,,6.721131703581507,5.494574240045269,5.699835056101343,-12.87497249763343,5.225696387205625,6.790085046698668,,4.447945686000199,18.352924945253225,0.9898383931624011,,,,2.310717928942907
1995-12-01,-16.393576384660037,,,-1.2987040750845225,-2.083333333333337,-1.9801449823099837,0.7174199828947403,1.255897833641062,-4.046231693888879,,1.5733385122761456,3.976155644381496,0.7999332616513977,,,,4.84649814273832
1996-01-01,-13.333206626096594,,,12.280725214652133,15.021336010595565,1.5150933154630675,5.413081275285081,6.711371753313711,1.6630337171996024,,3.5577765285300655,-4.015291708890545,0.8851945493266955,,,,-1.0785062414884528
1996-02-01,-0.45245911431242014,,,-2.273872880714811,6.903070042171033,7.131002863812275,6.6891675080476665,6.07972684079654,-2.380937556910423,,0.31904749110165387,3.784865455375841,-0.693359526499604,,,,-0.014484402309067335
1996-03-01,-10.681939365163707,,,-1.3368301045014852,-1.5706966961751,2.7930481480558544,4.496521969155021,0.3005338452059192,3.35366704376312,,1.7218262463638112,-5.566236644443634,-0.19132846117234648,,,,2.5157812776982924
1996-04-01,-0.7633056397285953,,,0.27096954226144554,-1.8763003077475915,-1.510564394028191,9.81819471534049,0.3952077206715421,0.17435961914915588,,1.0869159145935336,-4.8656607704705035,-0.22490510550241538,,,,4.294413176517664
1996-05-01,7.179495900220001,,,5.696366973744094,1.4492876800840548,12.8835170146532,4.856505207857609,4.7243819373821605,3.994079608038259,,2.270027436554556,-6.1965889460798955,0.09052740100414791,,,,0.6567997185275454
1996-06-01,-19.6172558304868,,,1.66880705730581,0.8928872337156335,6.805737526705502,1.1578958064182299,7.136097052894086,3.1294979909995524,,0.8821744914041529,-7.972680482898554,0.8784394119278671,,,,2.5073636932585464
1996-07-01,4.76212889815415,,,-3.535347949611689,-0.8147435903484657,-4.336756709742118,-1.873047764167135,-10.56336631030117,-0.9900339644330125,,-4.493519477103458,-33.1682682365241,0.2905676300466231,,,,-5.323732121462365
1996-08-01,10.227125324467345,,,3.511567658275072,7.014420417708633,6.666689595102349,3.923643714456504,-9.448840636273935,-0.42008054436883935,,1.9258585985338472,14.4443574210801,0.2889180567004157,,,,0.04475329173942999
1996-09-01,-8.505079725646247,,,4.060954416777873,7.731039157033526,1.9934010763740684,7.653082425695423,-1.3427182568469753,9.704559309473538,,5.587250772057106,7.7669966280939695,0.9760931702568643,,,,2.14719706212676
1996-10-01,3.661734080828727,,,-3.902476620109796,7.764170435211426,-0.7371001196995297,4.075786499232437,4.867220988800813,2.0104894814769514,,3.2331238929768746,-9.309319105492996,1.2881904191841986,,,,6.456551136306676
1996-11-01,4.891451219830234,,,8.527150522095116,10.20409475970887,1.4845756365718943,14.29873650581599,2.1097392225852163,9.848495077676155,,7.300401673781409,14.238488758962543,0.8663200947499838,,,,7.445729238299137
1996-12-01,-13.471540383099445,,,-6.5727521860516,-5.42328069901159,2.9339726207509242,5.338633575804863,-2.9321833876731818,-1.0344720599687718,,-2.379749652853458,4.347758141085523,-0.09624800570869896,,,,3.841053198829547
1997-01-01,-20.359040489023194,,,16.08045686386188,4.1490546970538,9.976189413415625,23.44935145538909,19.23086594940957,7.8666014219165525,,6.178569062231576,8.333330559923668,0.39624499751333975,,,,5.739697729713633
1997-02-01,-2.2561573272340874,,,-0.12125265283109421,8.243287255635101,5.399603820879495,-4.411761987692076,-5.376389509467538,3.89189810852002,,0.956566454865948,2.5641461509442243,0.15908995064772835,,,,-2.5082240915887732
1997-03-01,12.307597029275573,,,-8.04344865815061,-6.242216291777858,-8.399684624131565,-5.961524950578401,-1.5455819934384385,-4.47452243226828,,-4.412292926136441,-4.750036792037826,-0.19501466292667358,,,,7.481330712329659
1997-04-01,-6.848870655071049,,,15.602828604831775,-1.2237405216341979,14.125544063492224,32.51532892913711,7.722060759215865,9.992250829067629,,6.260382398512454,2.1641190431616275,0.8875844171541081,,,,5.104408312043596
1997-05-01,-2.2057474583040415,,,-1.4894811820617915,2.5779883177790452,7.662137660006207,2.057546161780599,5.376311916918519,9.64210245916588,,6.3207557567408035,16.19538952557027,0.6964319511556516,,,,5.38065031586894
1997-06-01,-14.286087591200625,,,7.291589910703666,2.7116822298794974,-0.526274002948679,1.9153613067458775,2.551566115034931,2.4477905148016177,,4.110194785875931,-7.964601301058128,0.6737806900938281,,,,3.3755119513813048
1997-07-01,22.807149785585867,,,-3.495098398076335,17.751485494699047,1.6543214308819554,11.869440835250211,1.8303569641091144,8.056860884444061,,7.9263869287077515,9.615368010016368,1.1863094038192745,,,,4.8979909850009
1997-08-01,24.285455787941636,,,-8.411034808205697,-2.091333860613742,-17.088590417904147,-6.498699456409495,-5.88237540967087,-12.489749159095986,,-5.180329385585392,-14.692982283391343,0.001976480555199167,,,,-4.132583447230564
1997-09-01,-0.2873521092278897,,,1.764118421744243,6.12697104704929,6.693255514592766,0.09461809319297743,13.04064985529514,3.7558641910866664,,4.809065230778775,2.827734667534121,0.7798184660949836,,,,4.6986454059676275
1997-10-01,-21.46943417183891,,,-0.54173066909039,-1.6616532881954638,-7.172123625265769,-1.7477873731341576,-1.2259122089016805,-1.1973691782204976,,-2.4503547117444513,-7.374998540719613,0.797440701734442,,,,-4.097511891388539
1997-11-01,4.21988265336688,,,10.099123170135105,-5.793116755500238,10.616777246896136,8.846156300438812,0.0,12.040422606770719,,3.869677621350065,12.415727093238615,0.18779778684265835,,,,-0.04301068429317656
1997-12-01,-26.05596215448883,,,4.667310333032715,0.6896125032261002,6.699946728068773,-8.657245636721623,-1.3505546250720424,4.757988787892731,,1.9071458202870817,-4.56186011568227,0.6997217663949895,,,,0.30739357415086044
1998-01-01,39.52283554734575,,,1.6128913508563159,-1.554411179672488,-2.9052956096768834,15.42553382875762,-0.3448266893690266,-1.4936259931634832,,1.2879072869609764,3.1446585085006973,1.0704115346597654,,,,-3.064379675185658
1998-02-01,29.010893557247087,,,12.964292838852721,15.743357842723471,5.984583336114491,13.61546449649953,1.038037825994853,8.293414796726651,,6.929382860447686,18.414604728804274,-0.0663812371042849,,,,8.197782560817668
1998-03-01,16.40199206077404,,,-2.5704786983665073,8.715365968928035,13.075078601358658,5.604695002646509,17.31745768319346,-0.5890469649105556,,4.878349292935291,6.742741863883439,0.3745225713231548,,,,6.078446127109061
1998-04-01,-0.4545011183717418,,,-2.638327377403493,3.2807536820857353,-2.01774733238832,0.6982907965796814,-7.027783203111559,-2.2973443988305142,,1.2791197414691702,8.494190682634638,0.541924726060028,,,,8.040647046081716
1998-05-01,-2.7399671553949956,,,-3.073479986995753,-1.8943638843630706,3.2948544504221466,-5.894587765720994,2.8346501134793423,2.0532582945609557,,-2.0768525539517912,-8.896771891333067,0.5602775072122812,,,,-2.963682666929879
1998-06-01,7.746408927322146,,,7.149392809853294,11.080400241140588,9.292697384548877,27.781877880754593,1.232157574004833,8.569258255299328,,4.257317704809149,-0.48828557198610234,0.5499188478717443,,,,1.2411303089053805
1998-07-01,20.697465630630283,,,4.39189834859095,0.6454840252945182,-5.847977327977382,1.4417458213505707,-5.462794727383002,-12.552174219990809,,-1.3513481002982553,-11.28552570618414,0.3634026274024871,,,,-1.5761391041809736
1998-08-01,-9.927835940376827,,,-10.383875722830016,-30.578492647503463,-19.09937372717543,-12.734484942282165,-28.410899397511425,-3.6220481020683093,,-14.117981569813775,-36.06198410093327,1.6355556478315547,,,,-6.282374245169509
1998-09-01,22.24454752350924,,,13.405846921586706,-17.857178686948583,-11.297735325520652,14.72310727742463,6.040409778333888,-7.026123621171676,,6.363942739036199,-3.114177393751627,1.7908572032477643,,,,7.927423393605593
1998-10-01,-2.623082199206128,,,4.153331326701815,32.914312468612,17.2451139605416,-3.804676703830878,14.649636017419398,25.126308087266146,,8.10810286047412,22.857156697834146,0.24896313993971741,,,,1.4159323076365693
1998-11-01,-13.973115085393296,,,-0.010691086057545984,11.661100718479966,3.912892759746134,15.230250685043067,14.62962913896757,-1.1979753768206258,,5.568203655943327,4.941838619564831,-0.15029383133446927,,,,5.299378442583191
1998-12-01,28.179945456930188,,,3.2307449584951353,11.921198073433704,-4.371084421892368,13.678285460022765,6.004804543091047,4.208240001788388,,6.542179595894626,-4.570642568035444,0.25260568983191956,,,,-2.499912922164327
1999-01-01,0.6109504733084581,,,1.4903253557398743,8.91495100724069,-2.518696778635632,26.182934680711778,-4.587074727711493,-0.14990730974471234,,3.522595161935649,3.9186908360725248,0.4163945375485145,,,,-3.931686675616841
1999-02-01,-15.478072735130311,,,0.5937881033914794,3.49309111718068,-2.200922923746562,-14.214295138407829,-3.6859293781173474,-1.5130455317874159,,-3.206865772103884,10.195600964627038,-0.8856680069960099,,,,-4.704035620707647
1999-03-01,3.231749908380177,,,9.516817557566704,2.197816705778677,-3.6688172560268906,19.400539862746168,4.680209031303639,9.427334316783442,,4.146791794202498,6.733862775814203,0.695067593273091,,,,6.009386273121464
1999-04-01,27.99972362513765,,,4.278056680255293,1.8958615380511246,10.896212151775696,-9.274729170593353,-5.741685359473991,-3.9260209407133817,,3.797452859501016,6.650842381229993,0.31275939202100034,,,,17.714732336391336
1999-05-01,-4.211949658451342,,,-4.719938760713049,-12.272720009656268,0.6427154999463225,-0.7686492091305785,-3.8917144875054155,-0.4663861200994046,,-2.286591348947098,3.8975672751995205,-0.3399280643079372,,,,-3.359699804600791
1999-06-01,5.106318852262759,,,5.802987292272421,19.51644320729016,-9.269444597839415,11.77377689406185,9.392689048716463,-5.622515779848126,,5.537843169812695,7.395455227931191,0.1609353006077452,,,,-3.4428569352839444
1999-07-01,20.24309194279661,,,-7.079056589511312,-10.486189084161667,-2.318546143526634,-4.851047461897807,0.6462124867585128,3.1301392454150756,,-3.102155984158872,-2.5948110466805785,0.14009773186864916,,,,2.9172927108775504
1999-08-01,17.17159766871017,,,12.618328707273152,8.596966504363035,-1.2383931982932972,7.866053857452293,-12.359552338146273,9.592769073999596,,-0.5179393217866091,-0.3073796453306743,0.14001341854488203,,,,-0.12555503242520638
1999-09-01,-2.9693074281246568,,,-10.14673162388966,-9.93281405209535,-19.096469353816246,-2.160712492580008,-10.263101760069848,-5.541536685171888,,-2.2336627709648726,-19.938350921587798,0.8470780137903366,,,,-3.6449750494354616
1999-10-01,26.554818967922976,,,14.013616334402945,16.398910741914264,22.279800413585306,2.2084303224470414,13.72953082708921,12.23153851132226,,6.407756479430193,6.161789012528485,0.2600641519055369,,,,-2.549393449861581
1999-11-01,22.15287621342803,,,-0.6867900722103526,-11.461293710614108,14.363961150347215,-1.6373975909373173,-0.36036830234835726,2.9797380819067465,,1.6651374115666862,0.4836863649583467,0.16117712145262697,,,,7.726507143739081
1999-12-01,5.044742705620409,,,-10.120451062621939,0.5662836992919695,-13.463386643752596,28.230607766763782,2.363244465578873,1.4467128553463215,,5.710951431477573,2.2863597828771898,-0.02808276697250367,,,,1.576083985669885
2000-01-01,0.911772753284823,,,-7.70781330245468,4.449345303027741,-1.3947942666091118,-16.166974636518784,-3.191452950720597,-7.504987622001213,,-4.978696869837529,-0.23528049237621085,-0.217885345460489,,,,2.8704046114290893
2000-02-01,10.48203518282902,,,-16.038444308073498,-1.3168235803804884,-15.342790339278967,-8.68458645303395,-5.8608387286468,-13.048897517406166,,-1.5226084161000686,-3.5377562836357512,0.7565710569392925,,,,-8.61582915630289
2000-03-01,18.484187769124617,,,-2.430602651455127,9.497646154631134,-3.108424694212597,18.881118389401365,9.041007292229452,-35.41959933224088,,9.69142463700312,16.688785265658225,0.704601274629435,,,,3.5684958953611234
2000-04-01,-8.651696960469657,,,17.437776399415927,-16.8444516572676,0.6658195071101103,-34.35292565886251,5.197143027483597,5.776907401153397,,-3.5120554527080183,11.84486384554484,0.1921386080500076,,,,-0.4006834121480285
2000-05-01,-32.29217211800215,,,8.878484813033172,3.552841258127426,12.96292030670989,-10.304642487444383,10.902866111207764,11.297049949353255,,-1.5722597657924053,11.808856403180478,0.3042358051098093,,,,7.822690754881623
2000-06-01,24.702376433504945,,,13.826879963502382,-7.48951770787537,7.960026282851973,27.872130119978465,9.59078694918074,-14.661637774296665,,1.9681661205680268,15.004132639861645,1.3002194558318303,,,,-5.776453099509194
2000-07-01,-2.9833123263959815,,,-8.650344129520027,8.89761103673752,6.746441669968539,-12.734441575940092,3.0942658342251628,1.0476454642487365,,-1.5701870046644806,-4.591826238618546,0.6113443775817462,,,,2.14965921610637
2000-08-01,19.926271072173265,,,-0.8650281074893074,12.170666707040745,-14.143706423445423,0.0,-6.923548309929927,8.470447767108258,,6.5340544900649,15.527150828188653,0.9209904708340488,,,,2.3678892204155977
2000-09-01,-57.74364722998586,,,2.158050237096387,-17.33784735073104,5.053307635533422,-13.607865221943927,8.232675663343848,8.364891161514642,,-5.48622635564019,4.4800501597069164,0.7868216394083971,,,,9.148246793496195
2000-10-01,-24.029143401225895,,,-1.9294711639898487,-0.8095404648202464,9.523792072399129,14.196931402525426,5.2989908314036605,7.134627056018794,,-0.4677922144585511,10.759518966476733,0.6066220293972524,,,,0.08766903875392362
2000-11-01,-15.65483191595176,,,8.918191873054294,-18.95602783869723,4.019285716488352,-16.696935466505103,-6.322604030455448,4.811917392627607,,-7.465321576475825,7.257142341649803,1.180864097860379,,,,-0.8503869095850103
2000-12-01,-9.848529682447737,,,5.062442997203642,23.220317832124948,-2.694608474505711,-24.400865267141203,9.575830197275215,4.757874853493216,,-0.5226266589846928,4.6350274704385575,1.3880065985318213,,,,-1.2073514686690934
2001-01-01,45.37832424125119,,,-11.35749328667941,21.91004127693248,-4.820446163861602,40.77811504968489,-11.082005745942814,-7.963358480043992,,4.44594621403438,-8.089596602075988,1.2592959467363274,,,,-3.2063681539804434
2001-02-01,-15.606975035486059,,,4.860685916746266,-15.148210759866409,-8.569042379205849,-3.377721021695923,4.560958624613565,-1.865276024391227,,-9.538764009670796,4.999128525331464,0.804134202789708,,,,-3.1787698117789143
2001-03-01,20.931383431130925,,,-10.130541186344377,-3.772008916261582,-14.533593831063364,-7.309304758858392,-4.329999014945873,-11.205673986937349,,-5.603748573108325,0.10419165273756192,0.782452713165438,,,,-0.06172391565147928
2001-04-01,15.496299322204576,,,10.300717126156966,7.7403087032832385,2.280806461677809,23.88568452580686,-0.3185814294218936,-3.4849596035504193,,8.544035368634217,10.496098854840996,0.059144257529863964,,,,9.382702340736637
2001-05-01,-21.73408268893645,,,0.8477239270420656,2.4384618466310792,2.6196310685534963,2.1107341157167836,2.1684296391791813,6.97751270427609,,-0.560574268192382,-12.186939440330836,0.45567066308316306,,,,0.6629542136509903
2001-06-01,16.54152327319498,,,3.063445114656549,-9.521840801853,-4.68962518803373,5.521828404528262,-0.9360516575036337,-0.6849307860954612,,-2.382965025320205,7.391320315868666,0.32891985963523496,,,,-1.5553226035507017
2001-07-01,-19.182824808084842,,,8.286615217822145,-1.9028143406366493,-0.8889225369868248,-9.328751132063129,5.4977112333242095,11.924805768327197,,-1.0195681276032764,9.182189125424035,1.4107063684891896,,,,-4.384641932497802
2001-08-01,-1.2773578250045214,,,-2.2487454710279464,-9.006899207260643,9.125612185743194,-13.80875049941438,0.793511947919634,4.407240337792673,,-5.933267892854433,0.9492758446423055,0.7843926952769031,,,,-3.316242551846438
2001-09-01,-16.388233506990137,,,5.103425638775483,-13.324839686702239,-2.690046081174946,-10.306752007501252,3.508825961812101,-1.8341807364327223,,-8.16301787319038,-2.2920919005800844,1.6850829735876482,,,,-1.8680024594814881
2001-10-01,13.21720547928309,,,4.530686881957147,4.559207096797446,2.198503631157922,13.640809549132872,0.43293528044265894,1.9060851188599015,,1.3022088869838466,-1.1278018947688984,1.1284318724305464,,,,0.12688031816698864
2001-11-01,21.298549639112085,,,0.8897742005046894,6.674191541244223,-1.5521989937982483,10.421283419073223,-0.16423645854936053,4.987824883362291,,7.797722967902354,8.669199107265069,-0.8275342937180241,,,,-4.6407296837143726
2001-12-01,2.816816413919354,,,1.4591806094528037,-3.6320362556553576,0.40459428759860305,3.177111844096858,0.42378057173073636,2.155884812537301,,0.5639138668277699,-0.9517225822533781,-0.26214427105789584,,,,5.08012193938896
2002-01-01,12.876974149850028,,,-2.6903569857126386,-5.442896021140475,-7.211010479389069,-3.834021651354247,2.8753762593071164,3.7174460435707823,,-0.9798661252780172,5.058616843903518,0.43730768791163666,,,,-0.6360652915415765
2002-02-01,-12.216927735523464,,,6.223832404935714,-14.096959763790217,8.31997992153184,-8.428743671026862,0.8185321078446828,3.8075067169274,,-1.793609647430383,-2.5016601434345143,0.6739928345108614,,,,6.390551780014819
2002-03-01,9.078445380123012,,,6.650210348254948,21.880383412766435,10.736997146186301,3.376726313342493,2.2744941159702936,6.250765840325134,,3.32704261285246,5.463918637840814,-0.8212637081849827,,,,6.125951387758666
2002-04-01,2.5347828374780335,,,-1.6781830502383133,-0.5855364524514184,6.2188927808612515,-13.347694533459498,0.7767137748015962,0.6078526877785873,,-5.815530061366092,14.904487545901478,1.563010065953585,,,,-8.350528960345116
2002-05-01,-3.9968233054816893,,,-3.604153876376859,2.4216529436541068,0.09005811878133319,-2.583271462816239,0.15412405779544613,-0.7866074240389542,,-0.5933929288873263,3.405115139744108,0.6078308511759056,,,,-0.022687530543930023
2002-06-01,-23.948326436271973,,,-14.816640759242128,-5.6467517013800155,1.1666689634726835,7.444578468745977,-7.002680361729019,0.49515950214653603,,-7.380750173483264,0.8259850723501883,0.9275307693857204,,,,2.479279846577387
2002-07-01,-13.882738168940701,,,0.6506501417164801,-25.60854629763153,-10.821426024042747,-12.285173878356836,-10.912876024543728,0.15829646977187917,,-7.881945551906955,-4.249066249541977,1.5435515384545573,,,,-10.166163361083058
2002-08-01,-3.3420037317798856,,,3.630522015095927,5.769198478855797,2.1225087757596572,2.292568318715338,-7.894705581273554,-0.3820888498731856,,0.6801014987831255,0.7871578511666311,0.8648160089239854,,,,-2.9434888747676746
2002-09-01,-1.6947983526173327,,,-0.42352605701769797,-28.068167796978095,-5.590294556310516,-10.880197281767323,-6.2078080011244925,0.8234838805552203,,-10.485218192787404,-1.2789816112864671,1.2110922941405144,,,,-10.01412892500564
2002-10-01,10.827305908679996,,,8.635399841709845,11.18305324212512,-3.085928459520504,22.245082922080208,19.350532455889578,-0.589788597062546,,8.22835503620638,4.276470621140693,0.019428972783375187,,,,5.5172566869369
2002-11-01,-3.546821181992643,,,-2.6145026164740126,21.301224054169566,-1.3699081390993961,7.8735896699360985,-3.6735004661192394,-4.431865231130772,,6.168089523269749,-10.445285808328798,-0.7331859075831448,,,,4.068514214893382
2002-12-01,-7.548420450115656,,,-5.804956748702916,-4.648429210077509,-3.943906537882258,-10.367555729881673,-0.2633124463061076,1.668054843011646,,-5.65693968805755,2.5169171202002127,1.3350450980993855,,,,0.4023415428964672
2003-01-01,0.20943420431864812,,,-0.18617763580123237,-1.3525158028975248,-7.709887650016678,-8.201143965735724,-4.121290901626839,0.04637702542626965,,-2.4595206193260832,5.269451031053696,-0.11943160897539551,,,,-2.2610596689597195
2003-02-01,4.526439409577976,,,-1.7610537313934804,-2.827714800217651,-0.5931808071208744,0.19471088720472984,-5.335893773921995,-4.335643309412585,,-1.3478677720881627,-5.688261280864559,0.779272416225063,,,,0.2952255489972133
2003-03-01,-5.7962450103932746,,,10.33365496446983,4.541410653734634,1.2378527704600684,2.1518975882457214,4.8009782955046765,8.783353937799454,,0.21397277240611245,10.615964186359172,0.14264216785928596,,,,2.733712462540683
2003-04-01,0.5659537198205555,,,-2.6092990041988173,25.549174118182606,-0.19762927030556598,5.617525589470729,8.200039175143958,1.3603341889733667,,8.461180318188521,0.5017968939257544,0.11236182468763456,,,,0.7152571943120911
2003-05-01,26.230561674900144,,,-3.1470265456367663,11.959149780727184,12.797048464771944,-3.7544048632826454,2.1257306576419,2.1925357131343137,,5.483639054080469,4.13546612709379,0.9592733162585798,,,,4.145849738136276
2003-06-01,6.183678284063254,,,-4.875872276871607,4.0170287015316,2.326422268265027,4.185279359181826,1.0429908164720558,-2.875160979278768,,1.06508952624369,4.75298861864466,0.11154961524619811,,,,-1.3461969032061094
2003-07-01,10.598298319303566,,,0.17415568928262903,3.5756472842627174,-3.102747155493635,3.003114505204363,3.5280977483752585,-0.9611906540085924,,1.8028383290487948,3.661629029735658,-0.9160104122046819,,,,-0.9189342121647792
2003-08-01,7.257919128664003,,,-3.814633223670827,-2.3680387467876263,-3.2244236965654482,0.416537790824556,-3.3210352227056594,-0.6601017741802995,,2.0625575170636345,-5.106494664446338,0.01887298100378132,,,,6.688800816324947
2003-09-01,-8.35910300137418,,,-0.12101640063627572,0.32149994560137785,-0.801234862925293,4.826532624858126,3.2671496066802863,6.335252631397448,,-1.0906377446152637,1.800502585724817,1.15368665200557,,,,-2.9178099532631174
2003-10-01,10.472945678995238,-0.9347659268133524,,1.6356753146342662,5.587915448467284,8.00739130677217,-5.443711141679064,4.34214305415126,6.398835552536153,,5.352668127185867,1.1128945970990456,-0.34287549212849155,,,,-0.05464132754687823
2003-11-01,-8.650026187929038,0.3344023243702532,,-1.5772112228010782,-1.392764894209464,0.6912141852454701,-1.6449971385189222,0.6273911168149127,-2.0856410576441387,,1.092137644680946,5.9355296618997855,-0.06511081565925281,,,,-0.34524934994406564
2003-12-01,2.1998260115082546,0.9791714636954385,,4.787001279202752,3.7570756001326755,9.139792526699232,6.456619977307998,-2.7891077628289906,3.7821844186970432,,5.031306997823681,7.940604148741892,0.5929022265012351,,,,13.259683329370375
2004-01-01,5.568543683815719,0.4405590421852512,,3.406910383941031,6.870014043864914,-2.975391477533851,1.023009171417888,1.3728074652208377,1.6703023789570892,,1.9769535768243474,4.640739206025546,0.2263448760985609,,,,-0.5122143458579198
2004-02-01,6.0284565962838155,1.1415635982067407,,1.3623493175115353,5.476952496504439,1.4622373866138183,-4.050632483619743,9.818000140014615,1.4147398016507662,,1.3570851583756705,1.83975439748445,0.5738502429792014,,2.599005824718126,0.9685470113097727,4.025205233749607
2004-03-01,13.04342465138284,0.6836886529931974,,-5.917223204271382,2.267194667125394,1.1874691493343636,-6.030922836374719,4.072865833352135,2.311968698457112,,-1.324568530664949,3.9847898795062786,0.4032699350649427,,-1.6935198767935478,-1.5555195516635756,-1.375445312714263
2004-04-01,-4.659790732744929,-2.806409970204915,,6.526000705510526,-9.642545038335138,0.5368134551689385,4.8135181054622445,1.1885560154008434,1.3520938821610873,,-1.8920993683153808,-4.593427461999866,-1.1956524723870765,,-1.7003315925619433,-0.9152108474989373,2.3082794510091986
2004-05-01,8.844009688626041,-0.37801012998102124,,3.6471287501165683,-2.021213734143068,1.5424211629213591,0.3826423575947313,-2.055397868891362,1.918838837747483,,1.7123223523253683,6.132080662377604,-0.1608224921742618,,0.7413344300076119,1.334192478029017,2.3020230640947714
2004-06-01,15.965807471508642,0.7283248318135094,,-0.017878268062943015,5.238840450108051,-1.2159297816322856,8.883039239214119,1.3798894232298853,0.9831512435257039,,1.8501540268845318,-4.597678628389645,0.019887756348691,,2.4602953089011503,1.094299777330776,2.6820349867855198
2004-07-01,-0.614573144774655,0.9249069270078625,,-0.7720389695617058,-2.86234830835147,-13.114126653003034,-0.2450958741031295,-7.20118680585935,-3.765015473276867,,-3.2218647134292677,1.0441387146193692,0.3151799066605454,,-1.504152899261979,-5.718282587912893,4.255856015656434
2004-08-01,6.648185278260366,1.6186597305187123,,5.6552084345137255,6.02732809723161,1.9380289251948124,-3.894260838992114,0.0,7.325027076282353,,0.24356401999132693,5.135150375389808,0.8008834209147775,,1.4253618311029337,-0.9363618065223234,0.1651911547162932
2004-09-01,12.351300911186748,0.5169489803095839,,-3.0465170126638963,0.3790445203700976,-9.89841176445838,1.2820348021014283,-2.2596534023999415,-3.3053141161294874,,1.0037380817880193,11.507603492440133,0.0382496945873223,,1.2142106896485538,1.8680821946276849,4.837265582286054
2004-10-01,35.2258336850992,0.8666036496929763,,3.6392667078783303,-2.018446059683321,1.5230856314704555,1.1573436579715102,1.9116508804625676,-4.984212680058198,,1.2884046335589039,-1.817180208111413,0.3231983013021411,5.671667923362178,1.5562004395406115,1.4155448360018141,1.8415500837890564
2004-11-01,27.958014367204974,-0.739140102631608,,3.8112882349492505,-2.4611364765639188,-2.709988091334159,6.8317164334878555,0.6655753460627745,4.493940334332436,,4.4517537701354915,14.43374684056755,-0.6343653330018073,3.954791466749752,4.774168422194092,4.187502626695716,4.687678306230647
2004-12-01,-3.9522494702146194,0.7973224344087759,-2.9255313077842793,5.139275995866477,3.612169864749104,5.927211463016335,-0.3357051257467769,5.066915479543921,2.9917483029145098,,3.0121283008526234,6.252223467313889,0.3351078077949543,4.75536045224576,3.3970312051435636,3.511040547562927,0.019530902129694105
2005-01-01,19.40992088795319,0.4882448471009049,-3.607301470043256,2.0182725362021925,-3.468214865030228,-0.3602286623240025,-1.6466907262249197,2.8735222114069536,-2.92525980551398,,-2.2420866498268355,0.9883125145301097,0.048366492397033944,-8.5588201284997,-1.9908969570992974,-3.132258286407852,0.6632637307912193
2005-02-01,16.671056582858146,-0.37130286935730394,3.102789011648288,1.8298420404053717,-2.0894854123520656,3.157366639881065,-3.966452868254111,0.2979261628298646,-0.26304102556484743,,2.0903503763331166,2.5422314717646888,-0.3635967060394485,3.171532193329041,3.429022335834131,1.4059182671448678,23.29470756285015
2005-03-01,-7.111076796669047,-0.9743178216714776,-1.6310569822720389,2.3780981066065188,-5.335104346205166,-2.0030906900412537,-3.9348055898272394,-1.1186220321308893,-0.16950597504152842,,-1.829260748530781,4.66293636414139,-0.047070838661156245,-1.707423458593671,-1.7137102054748277,-1.899911436670021,-5.860040772547781
2005-04-01,-13.46291082596326,1.7229310095878914,1.237736532167566,2.18880674580455,3.600720405983515,4.247691162436373,4.675255360539987,4.921714778363251,2.699104104982508,,-1.8735144988350827,-0.9121818620159816,0.7243626666036729,5.769951217648783,-1.585214070091201,-2.4484222842500403,-4.312067361232619
2005-05-01,10.260706406231046,0.8275841593985866,-3.921561725675826,-1.7500735436915105,0.7325854706456525,2.7394482548940724,2.2997434433228436,1.1143707112439616,1.8467063180624965,,3.2224631041504193,2.8039165317093495,0.44270058702158277,3.5212556862511013,2.491101474993318,5.393076635794181,-0.953453352864142
2005-06-01,-7.419512640101688,0.8762022932703895,4.297711969393037,-3.1296868259389043,-1.2028384641731948,-5.853262508295631,-3.720914058746938,-3.6935793314441634,-4.351785268073938,,0.15148887234062158,7.328198905375127,0.24050316090085122,4.597396765531392,1.3744549267431516,-0.29243711688623497,2.259750685898143
2005-07-01,15.86521121720379,-1.0354280175998265,-1.4272535715587287,-1.5999728794442891,0.4574274740230422,4.814276670724138,3.0998040731733623,1.112558312735068,6.000549574792502,,3.826153053086978,0.30679928524455224,-0.40235209123802296,7.137989579659565,2.55665674646266,4.370158096177379,2.227234219699614
2005-08-01,9.941436635912826,1.181474584172748,1.354511525428137,-0.3794960570602468,-3.5572339629889815,0.5484582426696472,7.228507142030782,0.5868476150118207,-0.2696112037610776,,-0.9374424081460608,-1.5295707697117522,0.7542776031300935,-4.054680901815044,-0.6011471953649483,-1.4019698222791033,2.457137631965778
2005-09-01,14.331394484011927,-0.9364634249628412,7.603684610685546,-0.17353060005621535,0.11804221222913025,-1.2158025636120118,-6.026286542389792,3.8804843824021606,7.173726103161604,,0.8026077155502964,9.126141161136502,-0.3166316344082043,1.336705626552459,1.7268863598804085,0.5068008294840887,6.076805570394361
2005-10-01,7.424020819051291,-0.9910650864358272,-0.6423966427397176,-1.042993513239343,9.014344772494965,-0.9493089701090196,-0.1166028160647703,4.179143857905254,-5.357082856607431,,-2.365148584455823,3.0071374385868044,-0.1055742301513729,-2.8783555669335548,-2.6413005800383638,-0.8430692738366719,-11.646189780489802
2005-11-01,17.763463863826612,0.37463209934593955,5.818958748818792,-0.8728763509634252,4.451188084659186,0.44705894739145435,8.019966042902382,0.2030980138874483,2.1432520327286264,,4.395255364641648,3.402994583003638,0.3886144163885996,4.155947282215111,3.5268073628240915,4.154604092613456,3.894250023806256
2005-12-01,6.001181943069267,1.1341895475225572,5.050923490844328,-2.672104912292428,3.7646802281629643,-5.575073727614277,-5.5274058592385655,0.23377039074354844,1.206518357140851,,-0.19136490578177678,3.808917667337308,0.41772969159117324,0.024229728271318862,0.6843035935883535,-0.47447400559048614,-3.205270316898523
2006-01-01,5.035478875560151,-0.05959625304672311,9.926325610950592,-4.259578284211485,1.005703333565089,2.654434410255724,7.648117014175493,-3.2160331754804483,2.823304402298543,,2.4014128509037613,-4.377236841483989,0.1366371775482378,7.5386758583213975,3.026095803785278,2.186876653590897,11.714410555764033
2006-02-01,-9.296775503930444,0.1607136168463308,-1.111112979961404,0.7587479173415845,3.4968404633943573,1.4258107436861955,-4.223582683729532,3.375324422345538,1.181782976788326,,0.5725645679749203,-2.0026670871337693,0.01082490174191264,1.8579338346444096,0.8827950612721569,-0.27433605789093374,-4.8836830291476225
2006-03-01,-8.424627712251642,-0.8675188801420153,3.6204722495910113,2.7232815438414937,1.2153268430360464,0.49011175587079236,1.2653819399385258,-1.8058603351684521,-3.837770070699975,,1.6503725687632143,-4.018677421627636,0.049801151438000346,4.715000601881303,1.5811860993564464,1.4647899479435234,2.5096237793777787
2006-04-01,12.228975614771631,-0.14892814231811657,12.030977706278279,-1.030014270588775,9.872634542304093,0.2149547512207528,-11.245919216029709,0.7786601913754243,1.5670664547581037,,1.2631821747180805,-10.955936884524231,0.3331360209522183,-3.4010249484257793,2.433692021431133,0.0,3.6477492867192707
2006-05-01,-15.087334365370653,-0.198653869575538,-1.3212367941959902,3.3847551412117705,-6.03783281407575,4.933270777925891,-5.845380521032872,3.8118107521132316,-6.802964198378991,,-3.012099662341461,-11.620409308942047,0.04929747366502202,-2.697773480054344,-2.4084440775576144,-3.4077059289688516,-2.9544044101510236
2006-06-01,-4.182716451457013,-0.16086263971453185,-4.6707203143457665,-0.4982463387613878,-1.5009376774231864,-1.5895571344029413,2.86968496868798,-0.19994895409988223,2.4884277144648914,,0.2608765915203648,1.86530772749669,0.25591156918967073,4.960953934448464,0.9050060778193814,-0.3828444689551902,0.7223760413995084
2006-07-01,18.665974809475983,1.3889878595789495,3.1520501708389936,4.3892589371839374,9.505536241154399,3.4402992136196353,3.261796776157544,5.562916976926369,1.6437391233294019,,0.44777601348202634,6.8110812513513475,0.765752667784203,3.89139726166039,2.5257588897783734,-2.227677812090345,10.415596286566565
2006-08-01,-0.16185392000482857,1.5910077750395546,-1.3774523970655372,3.973102112480409,0.0876542283498205,0.6966086548805706,7.209665817407007,2.997759222658347,10.142393317163933,,2.1822420902008144,8.613866324714214,0.7528929318593836,3.484324800392846,1.6693682894999506,3.070103483667541,0.36014508147170776
2006-09-01,13.456182542097483,1.011439234580802,-4.527210873938614,0.43306802490219454,2.8471481252951403,0.40496753089005466,6.420226619915392,0.43155927951075146,0.12917304811357333,,2.700176411615529,-5.293578886610028,0.5455118859425845,1.9658960295436456,2.152839700816589,2.9302854776607656,-0.8423025074626334
2006-10-01,5.326042294871192,0.6858355771365288,1.2947712156690105,3.788073362975286,1.7466151484404557,4.565866528166107,4.972609943009809,-2.788873690743865,2.7868442752851053,,3.1516650903455012,-0.8536584257072599,0.46764096486429096,6.027777997110073,3.1397277966824566,3.3193422313875454,6.438145692974495
2006-11-01,13.04878849679536,1.0618166126733275,6.889106234313203,-1.6583483650810749,-2.4451938955200925,0.9054704395916158,2.613638982437938,-2.3171652997636905,-0.9465124935111313,,1.9885488805391427,0.614990057879794,0.5542903844000024,4.781282419816546,2.0700070537005955,2.3830582500373954,8.013191899032336
2006-12-01,-7.440537247821566,-0.6004978844648234,-1.8325831904969392,0.16687951219171993,4.36468871067992,3.0323356030805604,1.7029712926217577,1.4100508517226995,2.3570689107961007,,1.337098742944054,9.47433947612586,-0.2015922656022462,-1.8425824561526305,2.507575868843004,0.02186459447164335,-0.23433636345980835
2007-01-01,1.0490281855504824,-0.07016109433081175,2.562890001654794,1.181476160291095,6.192697759883137,-0.7668901649519055,3.3489933690965534,4.300536798169707,1.4172115685565645,,1.5040512441208742,-2.735883012937479,0.1866430067499092,8.779275828546783,0.7767725027614025,2.575213183082936,-3.3016188813151714
2007-02-01,-1.306379996195195,1.6254023293928332,2.5451202827030173,-5.244926604949063,-3.0237544714986964,-2.5062549823149927,-8.400315736817864,-3.20352699154417,-2.127316302979698,,-1.9617379816778913,-0.1530938423311312,0.9364943344294829,-2.6982052073716956,-1.5852571729171094,-1.8534212750032975,-2.8538861300521967
2007-03-01,9.80965835353793,-0.1951551843682564,-1.1131249335096238,-4.2428000122678995,-2.0449397839328753,3.5620642480239884,-1.0649666927927903,1.1288004643274174,-0.5197735634107636,,1.1588712819278646,1.569615242139033,0.28209693053102836,-2.0749422998597056,1.6901453109018805,0.5362592135765842,5.25953887130548
2007-04-01,7.415796660221963,0.5897848092546454,2.053542010936238,6.571564274688391,8.453474660373761,8.729215401286128,7.4273711288042055,3.9804846363981294,2.5263576874616334,,4.42956223721922,0.16986532970126866,0.4676192616709818,-0.12603504412623812,4.196514067161505,4.3984670758566935,5.208738718404815
2007-05-01,21.432856029887738,-0.9172227206941441,-2.3103227112383773,-0.8344024894058277,-0.5182412548729198,1.532808446537537,2.83709145605755,3.389348740841114,-1.3199273027786673,,3.392017820407367,3.222792129696983,-0.3961932505794352,-0.3785284737864547,3.5784177278396667,3.5081747572615507,5.226813785886986
2007-06-01,0.7013611655474206,-0.3768498398277198,-1.937754431980876,-2.607861155116009,-6.521235507096512,-0.6225524949912797,-3.9752259224958175,-4.563650872746205,-3.713569969039343,,-1.4620919784725794,-6.627726032585734,0.36329894458766443,-9.007770004748505,-2.0893422747749635,-1.0093114560355554,0.8536829723338579
2007-07-01,7.964605180273909,1.0731198878965342,2.3650293322754035,-1.817597504657953,-8.456380985213086,-0.38229604714220544,-1.628796415264977,1.1872892719604566,1.6626630136037601,,-3.131001693123414,-5.2991905300181275,1.0659380352718628,-8.259344063637265,-4.715536157565459,-2.149120568058782,1.4902293807313338
2007-08-01,5.100210238800806,1.279433073375258,1.1095846137414656,2.819263574469244,1.1588406612506041,3.20474261203636,-0.5495106266738103,3.67272345828642,5.577040485285267,,1.283247991358838,3.2624449417604895,1.14516296663425,6.744573432860612,1.4598099433421607,1.93405942088265,1.1074248329767888
2007-09-01,10.824651710467359,0.6328395590284419,10.50812664749683,6.327905148120938,2.920034630420676,7.518042182913365,2.5408912962873176,8.27955139487122,7.701767210652566,,3.871481453543635,-3.1593721643918937,0.7327050225539145,3.9172377359140143,3.5520585069152677,4.495472733200079,7.966819606539333
2007-10-01,23.77012575091588,1.0080284862269862,6.95143580717299,-0.8066856522986887,3.4085267377286455,7.464787886262503,24.949109081846423,0.627910399304632,-0.6748949560166917,,1.3566729197614924,1.4866929894508552,0.4512663514995907,2.099071900853433,0.1538283507569016,2.9615931401049567,-0.6158189420128801
2007-11-01,-4.069479003990139,1.8035290585528996,-1.6535271004099905,4.5900027362784535,-2.9361546656286097,1.0963002715759007,-8.41866417327678,4.693436326814915,6.444210390608118,,-3.873274226798673,11.902361018309481,2.166199031131044,-9.470910503524788,-5.040502075452203,-3.2210364549363213,-2.699620574498074
2007-12-01,8.703788829124814,-0.009389815837301807,6.647697115798756,-1.5353082636224924,-4.318299345133059,-1.1755529398906894,5.952377727383329,-1.1750322143220915,-0.7837913978787858,,-1.126088978717943,5.818158597850642,0.2459828524373764,-5.412988337359925,-1.5617820796442916,0.06383336169175635,5.080790116265144
2008-01-01,-31.663991861294306,2.3131103213630766,10.841623260567879,-5.33734205284212,9.544685028831989,-3.861819257410215,-8.427010863046503,-10.342497236383663,-10.44653041133775,,-6.046086822296726,-12.646038823736172,2.006670331064897,-0.7810075300694441,-4.729660876597396,-8.017944918198705,-8.528143387350706
2008-02-01,-7.638877601713546,-0.16015264410299546,5.229757876911489,-1.2179114343470854,-14.24046390701057,-0.9152709608085452,-16.240194297140764,2.2189439220126506,1.16172924843978,,-2.5842577389756483,-8.575945563820731,1.094439434310046,-3.181360668809996,-3.9051331182500038,-1.1465096916492556,1.9667969407033636
2008-03-01,14.781584430072048,0.12979801865211638,-5.999164716945737,4.696572203177918,5.658015793726356,4.792081128262304,4.338220443506713,4.354077822135327,5.877881017274045,,-0.8942390975388959,-26.011203123844407,0.2588290452813613,6.4853072948273915,-0.4480514842563843,-0.9568342661886775,-2.7927390413285402
2008-04-01,21.219567825543727,0.32755914462359037,-4.15883418198143,3.422210573255424,11.847279287323321,-3.28563362894555,0.49330480012312883,-5.083122192918421,-3.7618129967105673,,4.766240310306036,-5.034933377553774,-0.9650264476434134,6.379166510952516,4.277654470770731,6.040704452163204,10.037818954287193
2008-05-01,8.508184796237718,-1.2652909671931223,0.9232491728512704,0.1793924914149203,-9.758619756947551,-2.734904810743699,-0.33570213004694427,-0.3355924581257774,-1.4914530368955403,,1.511626947823963,4.842182373288595,-0.5021167603156851,-0.21088644160259795,-0.5746702291241967,3.4993334602932746,-4.20487465369892
2008-06-01,-11.290076408736184,-0.18480522400420307,4.51687217321981,-3.5960186111659187,-20.209325841539926,-8.622459739347798,-2.8601617195646245,-6.302219401933851,-7.9333681702987935,,-8.357567317797809,-23.268036914577372,0.3287895687536402,-10.615418992930636,-9.527479844860753,-6.706470498870276,-0.7097895519832087
2008-07-01,-5.070438681323363,0.3938730540358204,-1.4442009549096912,6.419048703460017,19.746505142175042,-0.9234392449180562,-6.506705433596538,4.670588417101951,8.353200512178294,,-0.8985940925451796,6.9714368691600415,0.5164818551527617,3.115417814724597,-0.1787440866269807,-1.638742136663951,-8.737080734753322
2008-08-01,6.656139241249059,0.7419329494645854,-9.291743535130026,3.5306714264021988,-5.267006309594979,1.106778558919097,6.5273795400648815,2.884575002052503,6.551590726232259,,1.5454066311844539,8.440163235524945,0.5615658906827692,2.3737998715881226,1.6293691844400104,1.202278512844579,-0.014075600681506817
2008-09-01,-32.95580986471786,-1.7597508602305578,4.112104574714248,-1.6328364751496904,21.330173298489584,2.2778261005808265,-2.1986018629931214,4.714946790985541,-0.1146831340642307,,-9.417357451683472,-16.61740913191011,0.5308465026234055,-0.12376090151745567,-6.852153134919936,-11.158898672012329,-2.93715369010793
2008-10-01,-5.340502591478103,-2.2810446065578804,-16.13965370422935,-11.460741001719432,-10.988676938051823,-16.679254668803047,-16.335725861274362,-20.008448341364847,-6.797698379966954,,-16.51867503619753,-6.53798268709852,0.49322820529271727,-31.726946354194375,-16.23427873285762,-17.812661814347898,-4.558357687134462
2008-11-01,-13.86743624998833,3.024278317615936,12.573593609702648,-3.7058597637648183,-23.248503537756882,7.282197637043963,-8.835715495409158,-0.5437504123793735,-0.2944353406504785,,-6.960702907929273,-11.462306292660374,1.0294578857291015,-22.71739731399697,-6.649948240418557,-8.669308569371193,8.757265195116325
2008-12-01,-7.89903231372654,6.662491927776371,7.732535516442862,2.133869408063349,-0.41062055873182235,-3.4136689723419433,-3.8575736899678637,-2.6440028044966923,-3.931612217125535,,0.9796818603070356,26.606371495064106,1.176279569895211,16.710879395595658,1.4942646275902582,1.2512558521194261,-0.3992678728907517
2009-01-01,5.600484460729693,-1.9866480081624172,5.536293459751551,-3.576827896874535,-18.10594803448322,-5.632847882686997,-12.037052749772991,-8.289200191446355,-11.222465720918052,,-8.211432378525584,6.503751633345445,-0.08206114472657511,-17.53085950535015,-11.102956639608719,-4.884847987689412,-4.196355059768853
2009-02-01,-0.9097609795719719,-1.0553713666811682,1.4456244990885825,-12.611117352748568,-10.427263915750995,-4.377390461078534,-4.907983617688261,-4.1608642518453305,-11.614699377302173,,-10.744874230574231,-30.638900651213273,-0.008514704718964872,-20.52563625691168,-13.555658025899831,-7.4773761833612395,-10.77126222847351
2009-03-01,17.70237124385854,1.1029274522602162,-2.536973490015282,5.1999845623073915,16.3238161095425,8.727139304849363,13.746127463504653,7.884083896482674,-2.2420553409854604,,8.331061998079425,6.669791110590784,0.8971954928848946,3.641430023331038,8.214579968896253,7.869281102425352,0.2944997115065684
2009-04-01,19.70127962354129,0.5153067890757201,-3.3340741880035663,-0.45625480981958955,24.374528779387038,-2.0478452037557826,10.288488281384911,-3.341100980271705,5.897493260664244,,9.934543034423783,12.374606885801498,-0.24848523116356436,30.6836900040506,11.015968058815883,9.957171198101156,-2.099828665159731
2009-05-01,7.93136132369523,0.7096954169725,10.232612179073875,6.279692841975537,11.818139186018083,14.192846307901608,3.76442034172626,4.602057358584477,5.056623113170966,,5.845405606397458,13.095222291687602,0.21291802674716642,2.615837827965106,7.102909808861146,4.625138361040992,4.640556491076309
2009-06-01,4.874422607886597,0.42074596934018604,-5.218291894299409,2.9731906793507346,-7.560957232198328,-1.546095526115443,13.786530795558694,6.45597175189323,-1.6172679400060952,,-0.06556858921132891,-6.090199465721479,-0.16619884400329576,-3.1970137264081044,-1.0762677297617818,1.2319983052370809,0.8074382872163222
2009-07-01,14.715956967640654,1.2690076441182363,2.3799058583926502,7.2007020550244105,13.476220234174097,3.854934515921382,-1.0517881030761345,3.2568935808201083,9.498397487970456,,7.460608325868456,12.329827467766453,0.22262525668672595,10.77070710551158,7.964580081557626,7.126363736975616,0.6866464023962626
2009-08-01,2.950020397826414,1.2204151904188443,0.053565133985156166,0.06542560541455966,12.445013402788963,-2.1468734926151534,5.393705598895937,-0.1409343342877567,-2.5219963212112173,,3.6939557479893192,-0.21378245074626934,0.37034461174669797,14.323131430065272,5.222542833314847,1.9805738973213138,-1.161539990950311
2009-09-01,10.189652561118034,1.1880611548963138,5.83511441028417,0.7445532928492815,0.8283560567045711,11.008468680678419,4.340851980294325,4.34635623715427,7.041155153576106,,3.545743381413735,-10.57149403603873,0.2956568592261011,6.592774631631659,3.2224504770427043,4.331371956630492,-0.7809185753112624
2009-10-01,1.6994713440103615,0.22182799758434513,3.722812708124823,-3.0218723308223283,-4.562868116233087,-0.7262297140773977,7.814905497984492,3.2219420748037075,0.9018824042915652,,-1.9225402516138912,3.634235242750772,0.24030778314800827,-4.463201904618241,-2.6476100773201505,-1.3190014395525251,4.459999787572455
2009-11-01,6.053070840622388,1.2862699055076643,12.78650225927709,7.260164459986984,1.7237529277496222,8.05933021018561,6.527198209718077,2.7580483285725377,7.500000534837947,,6.160673240221648,10.4816967717003,0.8657341352221959,6.565684118331805,6.0633537443178565,5.963440399661724,5.353593352193764
2009-12-01,5.412428047581042,-1.881271781910554,-7.203391451937646,2.4983999737836493,-1.929904201514887,-0.34959843825984604,3.638229173025409,-1.5888880575315678,-2.758609572574422,,1.9100985885985189,6.313212899411669,-1.1245464627446355,7.386703993963062,1.2189593490689044,3.3186531429910238,-9.164782947269423
2010-01-01,-8.859667392618586,1.4149703220836196,-1.2580360682460823,-2.406473527712638,-6.439190994758537,-4.824563690353301,-7.545936049172819,-1.940793233750815,2.246284205158977,,-3.634211204670401,8.267720888456154,0.9516133876325661,-5.5207544566575955,-2.4502441948429765,-4.598571966537213,-5.513988590461826
2010-02-01,6.539610119455741,0.1983995203953981,3.2748218673886553,0.9895892229818237,7.781194743987108,-2.8202864853120624,2.214555339001656,4.78028190615245,2.8107022597346765,,3.1194522517033807,2.606041551198901,0.19449213152444855,5.5831688661116985,2.61912516468612,3.87198557614048,1.5428369144452336
2010-03-01,14.847067701966775,-0.006780013266460827,-0.43863963775470083,3.4920779466190766,6.623766543645271,5.178595898985616,2.1625538728053506,6.659182986337631,-0.01576963867572223,,6.087984344914088,-3.5144527757483557,-0.35928372467869396,10.186737610012052,6.151422470478374,5.924590268676577,3.0461730179632385
2010-04-01,11.102095820001479,0.9733007808495175,5.883436293398447,-1.3803538785992497,-4.742740272713442,-2.818207694212982,4.267663893866036,-1.420843897412749,-0.9982879454712879,,1.5470240167072769,-7.13849634979028,0.27985656951439175,7.150143639081219,1.7832477088390863,1.512102922033609,1.1794069271034102
2010-05-01,-1.612437778136011,1.0824718775726216,3.0513146883171416,-8.503131453857904,-7.045541904725328,-3.835376702969373,-15.139434860795332,-3.572530161749865,-1.72138202264428,,-7.945485537692898,-4.091058528232095,0.4839829942084428,-5.3345869678557705,-7.767190192966633,-8.263863387233684,-10.180595931481239
2010-06-01,-2.08270895963355,1.768735918148412,2.3553189068376224,1.3036370758753746,-7.503827799502871,-1.6653174871240184,-10.813946009972252,-2.3377749104356083,-1.8169737849976553,,-5.174091136351722,-1.8947744219036777,0.5654627595248485,-5.212285035662734,-5.168602459749572,-5.703025318946786,-5.607036026810297
2010-07-01,2.274093741423555,0.8547196439933735,-5.087115734616699,-1.642432414902284,10.175039321885304,9.956053941926468,12.168609057233827,6.497083139967774,2.7653447439809575,,6.830050419501532,7.218287942944968,0.3784449596201389,9.593481252805368,6.630818024572727,7.483571567374603,4.573347719074206
2010-08-01,-5.50048930904209,1.286700146819486,5.706125282865315,-0.9162733178055382,-9.731838151578964,1.3972653725316864,-8.58116522030482,-1.1245864344433087,-2.43623692301681,,-4.4980046849563475,4.170791818677921,0.36818103539975056,-1.2757411526700957,-4.243656894685433,-4.724569576171122,-0.2463762362562183
2010-09-01,16.721512645966396,0.0074771945566043385,4.775558440048822,8.663672493607644,4.675431421382825,5.517731020587968,4.345976074114533,4.301392454479691,0.502774806247408,,8.955414881770874,11.095469780231104,0.17440288721966013,4.470688460879524,7.572786322710168,10.774043598619754,4.533936825264617
2010-10-01,6.072243580148862,0.15226645806742933,3.6822698148927913,2.872780353243609,-1.0022280188011212,4.784707416272771,8.901582985789268,-1.7158439444370788,6.817911038299163,,3.820215471346766,2.677279781208064,0.25664004602434787,4.742734523117886,2.7309953538846132,5.184662457017231,7.6064208129583255
2010-11-01,3.3789742075103213,-0.8350028786776598,2.111297809416768,-2.6048323776011517,-0.6112106473196044,3.7288813959790446,-4.7048734371855865,-1.026050754473662,-3.9326617727944546,,0.0,1.303755691262043,-0.30177696656741304,-1.8514924415803158,-0.6196241291343219,0.9858001503499914,5.2759174333293135
2010-12-01,3.6670372856345113,-0.6754090974061322,2.4368653791006833,0.48735649280096105,13.422439609090286,4.115836439076892,10.490877357206063,1.8394607431573284,5.3381579471296625,,6.685235963214353,-0.7967693384982377,-0.4843347191016756,4.550620186810916,7.972550331399408,5.537022372261746,5.117900461925662
2011-01-01,5.195913603160673,-0.08498632439155607,-6.379762129208244,-3.362905752987555,6.062296921930144,-4.439706159646994,-0.6449346447356064,-1.5613107665044756,-1.1379033292572838,,2.330018301323955,13.68040539335722,0.25282541155096094,3.250900502233378,2.8501954706341204,1.8723338582745663,10.339164511137033
2011-02-01,4.093477404944412,0.2903978562021514,5.998312803425154,3.7236254225605947,3.8940700527756,1.702534664942057,-3.580550013115247,-1.3839062879118846,-0.12670802186328656,,3.473723438678822,3.727162787929239,-0.22424593673977533,4.705305574202634,4.029130872991038,2.7649588661586177,6.570130901140203
2011-03-01,-1.3306546435562727,-0.22309327500283915,1.598138086384293,-3.564397235443806,-1.2636172694813874,4.538477407163066,-4.47706798076728,2.3381471971991585,-2.299776093859396,,0.012025299966089698,6.458623528449858,-0.13115947463270272,-1.610679283779426,-0.03275297993277082,0.268165845693602,-1.636893809431994
2011-04-01,0.46484261745332045,1.5675268494742989,8.94465497800807,10.919798595572505,-0.4827736776550684,1.68821777787318,2.087416012920751,6.955394131350334,6.230913460386667,,2.89613008831322,8.915924758524296,0.713575911093467,5.746474329228124,2.9619304869199947,3.0948397456571852,4.576249688942924
2011-05-01,-0.6568916248571699,1.2398210943520338,-1.7916885312225905,3.27698214328469,-5.23775706282853,-0.9634746979290787,-2.8783236841107285,3.2370904678560963,3.235706518955328,,-1.1214426302151526,-0.5687258220862579,0.5225293585835455,1.3747874884942446,-1.3698772280477223,-0.7240882287130157,-4.588042540906101
2011-06-01,-3.495976560630809,-0.44518603023276926,-2.4325042799353547,-1.1443349166755157,-5.319174031575491,1.4476159520700804,3.958397294313909,-0.2478504836975315,-5.119398263283514,,-1.6869639089698851,5.72174310456075,-0.0371278067266223,-3.299249523450498,-2.1217505489217414,-1.395927391017182,-2.503895881651086
2011-07-01,16.32853179343614,1.686610000131572,8.417803620638908,-2.600731096669784,-0.5898246078720137,1.0699903172238345,5.3846018572641485,-9.072860575149221,-2.4795621734799544,,-2.0004719478915356,-3.7805748211190315,0.5206574367280004,1.5640003406446557,-3.49686547363246,-0.7265732948508741,-1.9538095553932044
2011-08-01,-1.4468945452288717,1.5205146011620707,12.274943937515781,2.4636951939027485,-7.144614058650567,3.587700723188969,-2.3068998134499252,1.4185000942712245,3.561533821256324,,-5.49756732064246,-4.251464654635662,0.5179428063908587,-5.6192406335239475,-5.897582951551261,-5.6679802536174995,-6.61887620392484
2011-09-01,-0.9121119619608264,0.7705856334945027,-11.062347246832637,-3.206687121449514,-19.808319947982266,-3.4481244355869967,-6.428627724488656,-3.926720978547582,-0.7851399893728406,,-6.942088132853552,-2.6096209566804363,-0.22096685237058544,-10.841961408401113,-6.849448833636784,-7.375666545024329,-1.8778437501491996
2011-10-01,6.152306554717857,0.12647147612983023,5.87118747477946,1.0990917670536726,16.4209591566868,1.1249677095891863,6.99077359477609,1.6962918817463812,2.107785199873291,,10.914731235978326,4.054645593633044,0.1571976345453585,14.291341078924447,10.265687339499374,11.601654623339952,7.517537352258419
2011-11-01,-5.57834901060038,-0.33077616202561444,1.6672693952307194,1.4452561993595792,-10.903350781400533,-0.8806421587350233,-3.219586838389088,2.4971848027995236,0.9063858360187416,,-0.4063737214547447,1.6253204758002626,-0.0368829908709567,-3.8011663567324327,-0.5589558901153313,-0.2081609345483737,3.6231442601652786
2011-12-01,5.965476558541205,1.3567090559033268,-10.662433944055593,1.3288320778320095,7.361955900182382,4.075578354817755,1.4854902605543563,3.671883056495262,3.31427173232437,,1.0448468178662296,4.268728263186872,0.21356703468173865,4.850355908437187,2.5363822196155628,-0.5009639600133675,5.370480891028051
2012-01-01,12.711114414224545,0.7256324688493576,11.395480912860867,0.5032103294002388,12.988015178333502,-3.4872137058602704,13.75195841065091,-1.0248808937396658,-4.746740831843066,,4.637440700998763,2.190223044824502,0.2317039679422539,6.379300509984298,3.4672772355711423,6.282359825191963,-1.203406841740129
2012-02-01,18.831066323823563,-0.01354298975863033,-2.9649780549572347,-0.3871330577143839,5.201065885266631,3.4503319362626517,8.191514463603355,-3.3712170707988376,7.26520443568639,,4.340562369364398,7.646232652676521,-0.1386585801743223,-1.1507222443360332,3.8851364335321215,4.783669709641747,3.861261592110665
2012-03-01,10.528319294853228,-0.5729460608162595,-1.3208340481005276,1.352183786192085,17.17633254442388,6.71627457609425,1.6382963234069514,5.417805830203948,-0.6063149784330757,,3.2163516995752595,6.032004238935307,-0.1296934973285424,5.200126462219412,2.843229867071262,3.4685720797659636,0.2658992296993068
2012-04-01,-2.59691387662101,0.9060450892422134,-0.14803247076433657,-1.3038153526824914,-5.912716956808373,3.1212237750166016,-0.743933585628409,-0.5275011478567015,-4.510766714768866,,-0.6675473884419136,-4.733638018628761,0.3163360741406329,2.859442233193077,-0.9188406494050616,-0.29586486701040915,-0.44967018272911163
2012-05-01,-1.070265127855241,1.078090890643879,-6.338034010471139,-3.1678077594662457,-22.87108661623174,-2.0833154111988605,-8.240071752643486,3.6070663417897553,-2.121270399274422,,-6.005598473613816,-0.6767880195698517,0.06490289419791573,-4.505915635961621,-5.91429383537595,-6.288885364642027,-8.302408228197312
2012-06-01,1.0852876097159125,-0.019751517411337183,2.354575543588089,8.217208347927073,7.7828015117080485,5.344386693037362,4.796171078315803,4.141456283199929,-1.6696211630639834,,4.058128546497053,5.28285628963554,-0.12986285296162636,5.5170935266596555,4.774588118406298,2.8845927918590863,8.82611189293334
2012-07-01,4.582207887959799,1.3621219992282052,0.8376847936764742,2.4570691621801144,1.5957304225524105,3.3380417673157137,-3.661331483558572,2.9294995992628303,6.2854931948201465,,1.182928714462128,-12.666666994957287,0.2881984666818438,2.00214185266796,1.179852430733086,1.220380741908933,1.4958672684605157
2012-08-01,9.387670336940124,2.9953805236182518e-05,4.939609851235338,-1.7007705963437258,3.166718205048924,-7.425741026521903,5.273746544016733,-0.4124743762981442,4.105940987978607,,2.5052799744365917,6.283069093837046,0.11126474769158623,-0.014971579931577494,1.4841469366485782,3.3991649266528645,1.1713577707736178
2012-09-01,0.27959476512922077,0.26653886380259006,4.6705627280061,2.194894948018433,8.992957936558943,2.1064513400409934,-3.439329141115055,-1.5611660492561352,3.2296568926957425,,2.5350682139379854,2.4574346760501076,0.027799946513273888,-1.8632182783177575,2.8963503555934578,2.0568656575839173,4.753737318642037
2012-10-01,-10.760028452629822,-0.04716135636698704,-2.9437416816341377,2.7717209315383684,3.724896533692279,-1.9772993746216994,-4.099442808135889,-2.1619345553280933,0.6467777805923447,,-1.819784910684108,1.0648386711764823,-0.15749316050829298,-0.9081169810403966,-0.39170726521070565,-3.1353259023598756,-0.3061871510870784
2012-11-01,-1.2374023339900453,0.27069802251264985,-0.46754107219081353,-0.6683814956971679,-1.4395507277919606,2.690105975179602,-5.960968997838512,1.400922970326124,0.8520718772948799,,0.5659452659015907,-2.875003917300434,0.12067778455524536,-0.2640834775843426,-0.7351993157098669,2.024821498156304,-2.718143781181903
2012-12-01,-9.074290169972576,-0.24530642437743388,-2.426979045607558,0.5305818684377295,7.035089796053029,-4.404034275369817,0.3380638273316361,-1.7802529251045085,-2.7781340302601043,,0.8934591377669054,0.12172302837047955,0.0931877161284067,3.7227774342952102,2.1148243947333167,0.0715866792179165,-1.803943338191849
2013-01-01,-14.408940176907393,-0.6211238277482933,-0.5061148639644464,5.449342370519883,7.739839754748834,2.7310390848564348,2.770498675840982,6.459164276121188,11.606071843211051,,5.119016836182522,1.7883429861605515,-0.06518357322342627,3.7386019050894337,6.360533534617319,4.397333283222626,3.9514834068558935
2013-02-01,-2.528604804118073,0.5908691009556932,-5.0868468383873715,3.7862966139613263,3.974497852190506,3.9742629977642663,2.1135677091699723,4.7521087535694395,1.3570840029087927,,1.2759085496192313,-3.1878109179122815,0.12121465369783202,1.2159432787309354,1.3111747287078979,0.8343347651485367,0.16903773792031895
2013-03-01,0.28546208467548073,0.09851082951559675,0.9477104236877087,7.121241737217154,-2.984466393932639,5.1981481541073515,2.9136805471586147,4.4080689881110136,1.155127653799659,,3.7971186336283713,7.45004261210227,0.027925219497859644,2.872154072583144,4.0443835500938,3.750949312352958,0.6253536238904678
2013-04-01,0.027115562196100562,0.9686008257528744,-7.56231330952718,4.538192689259479,3.911572472037639,4.673618954644176,15.693806328432625,4.247234114535492,0.3556506086678235,,1.9212102401706677,4.754416489332591,0.12098722197726453,6.734721550383704,2.212720272831503,1.6127152996682659,-1.2429563084600859
2013-05-01,2.241934260315892,-2.0011522472765275,-6.198785346133606,-0.4895186300642007,11.385446775699704,-5.527998323232309,6.177417322915613,-2.0613288296115195,-0.013021073522401228,,2.3609808246790154,4.505262154556555,-0.34415634812187124,-5.977714407311918,2.58284883213884,1.7394390671086946,2.3664331503252978
2013-06-01,-11.829328652099303,-1.5653780139077256,-11.058839427335087,1.9957461120901687,-3.2973249474357202,0.9933288649516925,-1.0315330521926347,1.9724102063136906,0.2996249804206208,,-1.3344201783346499,5.011173354910126,-0.25209001190970026,-1.9818707703015193,-1.0276730063330741,-2.146242203793436,-0.13262768181344642
2013-07-01,14.122507778505945,0.2691144262113143,7.4301053049881105,8.89820133108481,6.339070208301489,-0.07477893983436346,-7.817015279672434,2.139614424369718,5.080493118586915,,5.16766977965597,11.255367690883332,0.12174143240841762,0.9021941669011602,5.383804092184019,5.579002303778213,3.7630962417469993
2013-08-01,8.376665551976048,-0.8263966675465917,5.2047484216675155,-6.886579897291845,-9.330705213455959,-4.740517930507759,5.638674235671615,-4.560707111311613,-3.0012590880940215,,-2.999282447807161,-1.5236925506166843,-0.15905470950373646,-6.980087614606722,-3.6771697466717046,-1.8542860746805334,-6.38676741898464
2013-09-01,-2.1489164180088616,1.1206838343982728,-4.783837969835158,0.3240318073601811,2.29568455441298,-0.06419119247150773,-0.3592756365559002,0.4227753753748953,-2.952859607237468,,3.1646692626910777,0.19472787480736553,0.40304724593021035,3.4818699281336185,2.286395834009669,4.822418647306925,-1.2849660212757574
2013-10-01,9.638192396215572,0.8326155525438361,-0.3432632525768975,6.828894373402794,0.4444037755509278,4.461397870670436,6.400211976207459,5.773560105744302,7.661490711991115,,4.630678020698098,-4.678160274462861,0.130755212256628,4.520687370180232,4.585203481721289,4.254778164260609,4.160873353662153
2013-11-01,7.0053125813516415,-0.2506934841767894,-5.511195422936577,2.9272150130146946,11.020566638831664,2.2783815465459822,8.498136080322638,0.4399987150569329,4.29725134138399,,2.9637979097867584,9.112260902237491,0.1306079020944706,-5.250941603310855,3.178513716432363,2.3806699391378583,5.0167897859997534
2013-12-01,0.8901103531478105,-0.5567475145272449,-3.794527189279151,-3.2431987544624286,2.2020251072021546,2.786763331483777,-1.888273562768572,-1.1295042684703605,-3.336479568908146,,2.5926455607726773,1.4863849822212893,-0.3263630114430649,0.10184322062884998,2.0953052299586883,3.4225460520281192,8.258414785927082
2014-01-01,-10.769665155920261,1.540933223415708,3.4188714238774454,-3.4065194178760416,-4.716038382177956,-8.448334830684745,1.1494287703439188,-3.110678746502815,-5.17182431295301,,-3.5248605567207325,-4.01064995811552,0.31847328194083424,4.275099008552585,-3.6915939815962973,-3.0521115595788517,-8.932776604564197
2014-02-01,5.751163516841662,0.3764051021134085,6.27030280482701,4.8749718000011155,2.6373326858462276,1.004776093791615,2.0012199488849136,-0.36086422351477854,2.6624804025694226,,4.551575588082768,6.90370241803604,0.02798349266524003,5.065351624320535,3.9689865971840765,5.609138584525408,5.199478994277462
2014-03-01,1.9951954575234687,-0.1480274652360225,-3.1421423365686874,6.632614741854725,6.846125895243693,2.0060785522138636,6.9956030870995445,5.021581909045358,2.4662719492413387,,0.8295701652781151,6.491767353294398,-0.20542397932117318,0.49691731481327217,2.688571576613552,-1.589909865607142,1.464628930504741
2014-04-01,9.939664893784062,0.8216780755617936,0.49348807324613997,3.1151987325320984,-7.209949156093365,5.509517890980686,-1.4394136311487116,2.8622945646275433,3.2376810448284665,,0.695164560013195,-8.47659619852379,0.22484050885684947,3.285144499591852,0.8577419052860913,0.04276747525988611,4.8423262261380495
2014-05-01,7.870912134138064,1.1790034085890078,-3.051039187154414,0.8659220839829951,-0.7323956254887798,0.29419663716547806,2.0515482269682472,2.8408263666475086,-2.1320679546305454,,2.3206318091444578,6.116741849463181,0.13084420894176052,2.3992831106166568,1.3836249619269214,3.5714293033350275,-1.1692719585421951
2014-06-01,2.7662053676360987,-0.057560499696784895,6.319017654797743,3.114533099748251,3.689024677011532,4.323141512570472,1.8563866759343517,1.8999470002803553,-2.723122564712477,,2.064471287909564,3.1447725174253316,0.03739696120774738,1.1341037310808266,1.9171473814151074,2.391685887259265,0.14919780460065368
2014-07-01,2.8731117354858338,-0.250891301165046,-3.631673024297155,-4.329984609303517,0.7864480493378068,-7.247444706015472,3.5011662169776026,-1.3879358819850807,-0.8300176574132956,,-1.3437746267226491,-0.8562649042177406,-0.13997888521404267,0.08020071248917571,-1.1982756308532072,-1.5570998002487735,-1.728225545606954
2014-08-01,7.750909805496775,1.1496944306340628,0.38090706137288155,4.337764937142707,3.086543105178796,6.1847904487445815,5.9169108664335335,4.982965310244802,7.4883205201263126,,3.946365833593646,6.9463151465144035,0.14031543958681336,3.04407454991924,3.438413004439478,4.6014675138970285,1.2258765776114622
2014-09-01,-1.7073166814412954,-0.6148983191653357,-6.17632931388793,2.7571371403871225,1.3288676156713475,2.998028798857111,2.047148326600823,1.3667028792771374,0.7580532145359697,,-1.3796067200366302,-0.07292633046033226,-0.14024729490541565,-6.040593008491468,-1.2785162860173171,-1.832888730526161,-5.439397298377857
2014-10-01,7.196040382552726,1.0640932686207583,-3.054810644807593,1.1164384685247608,1.074789557948752,-1.8283866034504603,1.2726493159748165,3.3086063571590607,5.0146926512244505,,2.3550515755889734,10.156524928024213,0.4214965214052624,9.93735511315348,1.7980007326020786,2.9999040324347526,2.8282659072507377
2014-11-01,10.597864521437938,0.6570364709743259,-0.48819726067770297,1.0901988685246389,-0.5290797988081075,7.783866737371503,2.474016212736485,4.086508715193626,3.6210246821714254,,2.7472271388169656,3.810131008520412,0.1398198436570519,2.0002504939374166,2.4679549506883447,3.0586496016257847,-5.703965069042161
2014-12-01,-7.189078804887139,0.1476343368781663,1.3112132840068735,-3.399555076412397,4.022628649607318,-5.822019027493819,-2.8446018682109164,-4.914081142172511,0.7297915141039724,,-0.25362815469739397,2.880593918308061,-0.24227883755467694,1.9039398362738158,0.3553295036749393,-0.9511549975092959,2.109566986374012
2015-01-01,6.14239078816845,2.0522536502840305,8.689905756357263,-4.236383405742183,-12.544253699601382,-2.4869908859281975,-13.024795250627042,-0.8248549251875237,-6.807004905967307,,-2.9629480504458683,5.104368083760913,0.617537759953235,6.851859354157219,-4.095159051932217,-1.5231235584803549,-5.440813165432779
2015-02-01,10.077688168579012,-0.8948275826438756,-5.90521949481232,3.0832669543882085,12.688506035989944,5.173702235140221,9.312073466821547,5.544885759842355,0.9965811908158706,,5.620441708279511,6.94588419636839,-0.4185770004063283,-3.674174637543437,5.306684641669102,6.245076764470081,2.0435463325001457
2015-03-01,-3.1371948553977846,0.374788741779164,-2.1522037888980217,-1.863233669230202,-1.1422611196928667,-5.5739764927101305,-7.274763518023331,-2.7472542043562753,-3.7472173692189026,,-1.5705668146380525,4.449341252654193,0.32717525587036,1.7318742353085614,-1.3268841658995223,-3.929578541753076,-3.998182199538558
2015-04-01,0.5786177785690461,-0.3228322819817442,-0.16716737223684275,-1.3916676419007068,5.1179329754913905,0.02464115811837697,19.626125465751198,-0.5229400670871187,-2.185087191273405,,0.9834314163338576,-5.824701227422812,0.04664322985463709,-5.847443194060286,1.278410234448657,2.8104212592917843,2.7882462781677164
2015-05-01,4.533965742750445,-0.43734121927492264,0.5552104050766671,1.6837025456376775,3.9835484405448263,0.9862126428019202,-3.0334221806424644,1.3771784500132167,-1.4086370253150848,,1.2855772142089439,7.908468876981911,0.055894777791021255,-0.3023887991280061,1.1796584447758107,1.4784181910654892,-1.6771718403247649
2015-06-01,-3.722815925504397,-1.0767421153060397,-1.5162101232906178,-2.6762260680680328,3.0100625081468158,-3.4334936170688946,-5.783169655470588,-2.4906764825637695,-0.19132698099508794,,-2.0311938600017343,1.9189081206294922,-0.03722306008541176,-4.668570320486043,-2.228875267761321,-1.649369209586271,-2.3473760928112597
2015-07-01,-3.292627082751154,0.8621455827843683,-6.620986259282224,2.821633356686215,1.7973701507374873,4.715809782501745,5.775732574459491,3.2247967647351494,-1.1655684449057069,,2.2589376495653957,-0.4918113732777729,0.15874077319979474,5.770472034906793,1.007665332441121,3.2694867297199615,-4.795702035120753
2015-08-01,-6.6196079582259255,-0.3358338728551846,3.707232801234017,-5.499508038411016,-6.464322353428997,-4.2843145234933155,-6.1948929163250455,-3.54957419280314,-7.8617927228530675,,-6.095057202157883,-4.695220883367568,-0.12114928670030611,-6.291162980199772,-5.843189355735056,-6.295811987551869,-4.123220313326081
2015-09-01,-2.1816337344788272,0.8114595833228488,-1.8011386601445412,-0.6703404205178565,-4.882983146175734,2.918571593255792,1.7003596257312292,2.261370302738075,1.7970593387873546,,-2.551554626762087,0.7016833103930642,0.4389023791208313,3.0597888984342125,-2.537358165892778,-2.8613033048909386,-1.1829169979876597
2015-10-01,8.340848111882938,0.06857619493900735,2.2833636790845047,8.227061267575642,6.140055937940558,5.5582935769961095,18.933590276783296,8.366896610579966,7.1260601307317595,,8.505938263268554,1.5256974520949207,-0.13021294412862705,5.758501260301729,7.648233194589116,8.973983162564014,11.284489615901627
2015-11-01,-0.5804197927854249,-0.3890751270683168,-6.752062833262484,0.9465862615195553,3.782091166423762,1.4093619711759597,3.9444189264358664,-1.986463267651284,-2.016237066385218,,0.3655157600487069,-4.30462120519085,-0.3168153400021856,-0.6258636504933413,0.5446420673148156,0.14641199401179694,-0.4449044512940703
2015-12-01,-11.022798927146427,-0.19167903502698147,-0.4513334897339294,1.461855166536008,-0.9748083758450821,0.7977269687232225,2.079112094746982,0.45919061843766595,6.106416005755766,,-1.7282606836965586,4.8248650800396975,-0.15892850418698368,1.8310217093157055,-1.1435735555021198,-2.424209581928416,-4.54325770516808
2016-01-01,-7.524216744852696,1.2405215477760079,5.410997351969926,1.674495753358829,-9.28494143503178,-0.09307088579800782,-0.7029503939269044,-0.6204990262458909,3.7677622319300275,,-4.978644258896747,-2.1080961638672457,0.8170511840958294,-3.4366159446956535,-4.759545254240205,-6.006209009815455,-0.1282749387885973
2016-02-01,-0.12878861752272375,0.887094874305383,10.930343875618398,1.4673312811354533,-5.378163268173896,0.4893132083672036,-6.978928844740928,-1.4904649328494557,-1.7137697645195016,,-0.0826111321537093,3.4213088020209392,0.14912032819134335,-0.36367650857325184,0.1030731072636959,-0.3999784896015268,3.8888289455451197
2016-03-01,12.72105491032156,0.8746991280656813,-0.8428860461434318,2.8419022695944873,5.186509100232728,8.397315972299136,8.549537442469045,5.5124892147044635,2.515856510183312,,6.726610659344656,8.67502896855925,0.2607415376233879,10.465374746406653,6.69868706403165,7.202908968502242,4.291961170260361
2016-04-01,-13.992092750526863,0.25498138266448755,5.108808370802587,3.585939713750097,7.510818972533984,-3.4274738201963473,-9.704855150662794,0.46836574867474834,-1.8632885537604116,,0.39412350844569843,2.156725644534929,-0.02775339850166203,-2.350801260078905,1.5171473660427148,-0.7891102758534219,5.754295361292194
2016-05-01,7.1773051330520365,0.013576981345697625,-6.138296703293311,1.262137338187319,3.2753071690701407,-0.44644045250648023,7.019631088840539,-1.7385398556769793,1.148255349629168,,1.7011405778945443,1.5112085309341827,-0.09290394784444711,2.248511955020116,1.0641097955178758,2.4903195968716485,1.5476541592157833
2016-06-01,-4.266006741448491,1.935140575173988,8.969501879279118,7.640404270626644,-4.795453713291565,2.4161886334274962,-3.4528284050965197,5.500026752421827,4.479297029030693,,0.34760095019621406,6.114304084357958,0.7457131992911981,6.928442128716217,1.1253749975631555,-0.6614306475215992,5.30224745676533
2016-07-01,9.006284513025232,0.5444291117873812,1.9846560311608918,3.2399079568770084,3.746355401295687,-3.750276833662236,10.768042091913777,2.8129196940660517,1.8786587608257355,,3.647112334671987,1.4164668807388647,-0.09235899360937605,4.263014782196484,2.812118447249068,4.785466717242048,-5.109925067067412
2016-08-01,2.3651986749344767,-0.2154481291351651,-3.2563165509125747,-4.067610028974444,5.51817983280658,-0.4584242139545558,2.0079801817909804,-1.299045586405645,2.0095788873541354,,0.11977956863185035,-4.9930352770381266,-0.2876072540611285,-3.764177212254838,0.6751997804725018,-0.31156769683627905,-1.199445466829907
2016-09-01,6.55039986365944,0.05165990750519711,0.6892135107908315,-1.0139007872945416,-1.3481512100191217,-1.7597128962759556,0.24360633371982576,1.8923024570345115,2.7946807391302064,,0.0058095859981843745,3.3785669614134317,0.232778187946181,-1.832555992535545,-0.468798600842224,0.6164123303310953,0.1606533754235029
2016-10-01,0.433461744583008,-0.8171606811615773,-2.944919584699579,-1.811566531123121,4.765730636218235,0.18907396455234426,4.027819223229723,-1.4434554968816071,-2.5402186779865943,,-1.7337187158577905,0.9499506324313955,-0.12082515709836983,-5.741291706549823,-1.0919152687735356,-2.5914763662843288,-4.537127984655875
2016-11-01,-2.160099803711435,-2.5655143972932004,-8.356570639157301,-3.38036612316559,15.752208814835612,-4.030412524970595,1.2468189644387229,-5.932337727348569,-5.000039513192878,,3.683853482728483,12.467578344162256,-0.5772468138221631,-1.6756620923540133,5.996496679413088,1.21592073300969,5.704582879347253
2016-12-01,4.795539686572581,0.2541280752826447,-1.9149882681417818,3.5130449078642823,7.633780160067305,2.750919826806064,3.1198289169935833,4.525467394946414,1.964623290224865,,2.027160307115361,1.086379187212061,0.0946848709179049,4.817142682596698,2.728419831284956,1.1672571151124078,3.39060543442371
2017-01-01,4.774632937819279,0.2129056105728555,5.419215772584596,-1.7012726355561059,-1.3810499417969968,0.2653126207589507,4.039244694684441,-0.8124008967894003,5.012193688699007,,1.789489154039492,1.2872097122357484,0.16932111656204896,-0.19389975723429487,0.4945769451214943,3.5253369541740076,-7.0573985921209665
2017-02-01,13.37779565375734,0.6458933119185106,3.1847686784806095,8.62577425812685,7.077885915522142,0.9381956001916825,-0.43637916051564307,6.359599909598468,3.9612036973651454,,3.929129651193719,2.023435756071601,0.0750922466940196,3.508595343700227,3.584028716291421,4.3843407224925635,-2.177134811412318
2017-03-01,4.868950586636833,-0.055351633884548335,-0.427746474772539,1.914723012802999,-3.067782778320638,2.0366972421016705,2.938412428356796,2.0369325307834973,-1.3396603737415913,,0.12498422711042512,-0.45872643455987516,0.018893519900542444,-2.4236742121824695,-0.9182665235702325,1.3056954835100498,0.8484649071289097
2017-04-01,-0.0069473527537944335,0.907020132520131,1.726748147982482,-0.8671105732156237,-0.3872058246712329,1.6729185421694437,3.9477538100259,1.2694444607393107,-2.0604106243363507,,0.9926312439924478,6.627630873306645,0.18806377201638913,0.24212892037236422,-0.031472241180663385,2.276823437266784,-0.4389575706017723
2017-05-01,6.780707793481344,0.6871320219365762,-0.12419798017191397,4.560204003251767,-5.5747030563725435,5.376618766592212,2.6005048600086456,3.877723265823696,0.8702428784961969,,1.4113001679214143,0.17154074407779163,0.08454811495068881,-0.7246851334739901,0.06297438906972541,2.8048123714668582,-0.4774236863249848
2017-06-01,-5.721393463585334,-0.018273056955087075,-2.155534773928114,3.1501020794141743,11.259894139216865,-0.5517854007440648,-1.302953566726317,-1.1807987416895593,-1.0670654976562943,,0.6374941927409283,6.282529925603564,-0.08435110106844723,2.2325943544474924,1.801077564843423,-0.42440584094081135,0.2856933433110109
2017-07-01,3.2703746543964574,0.3339877296148597,2.313170169958645,0.3250363609993423,0.9900937341877691,2.2073513795145328,5.4693463810878695,0.9697872151699816,5.0286833319050706,,2.0554136726402605,3.4462231407381028,0.2822799646358787,1.2375328099384797,1.5430661525622336,2.5425118291501514,-0.8546737965854145
2017-08-01,10.70000186989657,0.9412701911400534,4.198757511241591,0.37071030674036276,-0.991277124310741,-0.6326669788015771,3.3952709914666146,-0.06016707935112553,1.596563143858476,,0.2917588113878766,3.6963669564567425,0.18786582959051668,-0.26105418095804245,-0.4691541830890489,1.1744951617533417,-3.710820624847
2017-09-01,-6.02442260823397,-0.5715789116278125,-3.369891808976022,-1.782852587715933,5.08305654214154,-0.3992443802970147,-0.37447425993000216,-3.7155223597597264,-1.398053625246387,,2.014968364799463,-1.1597501493277762,-0.19703310722597456,-0.11409019011546784,2.98174794872208,1.034802971763793,7.402083548783933
2017-10-01,9.680779566676012,0.09791120651485574,-0.7484813689786707,7.2302112754078385,5.955518988243047,2.1550778813568927,11.665965353950437,-1.0769075796804306,-4.388868565160298,,2.356384809986456,7.337275143945776,-0.0750987993650698,-1.0711435555816884,1.8333450238043003,2.8926265811493934,1.6711304468675303
2017-11-01,2.02776059252594,-0.1483115917065736,0.3563440057186007,0.5546386622188537,3.8862890059027766,0.3594021130616909,1.698425143082849,6.439599723392941,4.227463057707159,,3.056602130299968,8.905106831399067,-0.2638302463232933,2.664262157120456,3.521853050043622,2.423362141941987,0.8528248817870621
2017-12-01,-1.5245820681548339,0.4751429414862285,2.1057003170010358,0.27990460912139525,2.315350869514332,0.24031831773709822,1.6276215940712158,2.917944143827511,2.1002083272631866,,1.2127781065779164,-3.3790366520911275,-0.06613775520180054,-0.14742845756061662,1.651852396878284,0.8743758073450181,0.4202030229046194
2018-01-01,-1.0636258751672845,-1.1250531432273614,3.234937283169237,-1.0950431068122768,8.726908759690065,3.72712808746698,11.070847278258377,0.31688663238362835,-5.313221925109845,,5.635919583201554,7.4026630174757635,-0.4453179144718211,-4.254046155153834,4.712198447470972,6.825452391746412,4.3759261941300975
2018-02-01,6.8184749171736,-1.0087049339726262,-2.0759902030566435,-5.411622013635897,-0.14696537173467528,-9.182564863454735,-0.8415228104556305,-8.786370570077562,-9.057202532978026,,-3.6360547940137877,-4.485152082423061,-0.08568295811361981,-7.677757635772197,-4.43726820137883,-2.9218096832507756,-12.354564893793352
2018-03-01,-5.805048567948045,0.6711607402583919,0.6320007324218668,-1.3320261414644374,-4.78785490273923,1.3728452641285527,-2.666130048692583,0.20657121796938682,0.967896356789888,,-2.7410047196285703,-5.0634263100919,0.2870051103014193,3.8907783798535434,-2.4617605947007792,-2.4907161584676984,-1.4919047122154971
2018-04-01,-1.501958112591406,-0.9411245710074567,-0.9539745360543916,-1.2953330687362818,-0.5805374375380312,-0.5065162657585831,2.4652673149069493,-7.52174454284652,-7.909429035236892,,0.5167820454700989,10.467277187638068,-0.29540586189196194,0.8214909965491568,0.4167572446376777,0.274887592060824,4.208519811179046
2018-05-01,13.512405760484935,0.6618867218515456,-1.1959209467577336,-4.729912932761648,-1.6271167191334368,-0.48598526853954604,6.146724108673074,0.2298156299911147,1.1473519168077706,,2.430894656933802,2.1615971903564235,0.3644439218947193,3.6798603271123165,0.6080516620540877,4.38601654546249,5.547867328302658
2018-06-01,-0.9418644922887576,0.10261846467651825,-3.614944763120931,1.4379229767010004,-2.625900001558923,2.9083813343209197,-0.23269792066775707,8.598513042653998,6.683080518558526,,0.5751023639142927,1.9451922357118123,0.09612452860467968,4.202114734021434,0.2047914922316707,1.1528856300810464,1.8340401815550411
2018-07-01,2.7983345572713203,-0.02918628081994834,-2.2418909632539674,9.21376475028226,10.916155119889481,6.3155673730851625,7.575266908333345,5.630562009149087,4.552953061234155,,3.704687700811915,3.211859959026442,-0.09549399792910807,0.6016344327775203,4.651841949784674,2.509835116475867,-1.4746644724280333
2018-08-01,20.042225370527934,0.5679857361756024,-2.1381117106768266,2.3148344200682347,-0.3218539155043998,-4.4177508898374125,6.299291753838476,-2.6000022332951622,2.5593453673139255,,3.1919879117374483,6.018488229539232,0.3749936813306709,2.5750581637134395,1.8958361999172446,4.668849737508962,-0.6294727027818081
2018-09-01,-0.8302965267719786,-0.6196809001802972,-0.6607347245927042,2.583704831860567,-1.5185957730470379,4.516260591511911,1.8160985941626073,0.6381171038983169,0.33756673364095935,,0.5945387210632092,-0.5670443342418174,-0.20097381916033275,-2.664369964518609,0.6237700726918316,0.4772436384456791,6.049667409317094
2018-10-01,-3.0477421374353164,-0.6440959821193637,2.119545356837582,1.317196258097808,-2.708772980546803,3.6588168747215377,-6.610125804595068,0.5187941171728383,7.489575129383974,,-6.910428959521264,-1.7629166490366277,0.09638112504453122,-2.925139381514097,-4.978283991791588,-9.0660767194651,-6.28087659246086
2018-11-01,-18.119762484819603,0.7715205380097734,0.3386881324189961,5.604337276620441,1.9904654906672814,6.095503528673496,4.26836438404532,8.506860732923304,6.57421745019211,,1.8549196914447341,8.000397029151497,0.38574772802772994,4.673145507106713,3.2708866544467474,0.573608235868095,0.7854899468528798
2018-12-01,-11.669823006768299,1.9811801191694123,4.942010593064916,-12.151111215608335,-12.204334731818756,-6.051586348466353,-8.40476747062585,-8.678683429277346,-2.7404522752683125,,-8.804850362468898,-11.45862458017307,0.8756204855017824,-7.951885627757338,-9.142900167385903,-8.41742228247282,-14.22639685094822
2019-01-01,5.515420835467522,0.9109239963676075,2.8865979381443196,3.1228395931111486,6.884387428402561,1.6472970841236778,2.8158176801396095,1.9822702965971217,5.780056503510722,,8.006549776059458,8.461806806963246,0.29681693666137043,11.854629102453762,6.952525484284555,9.201202083568582,7.464431910799374
2019-02-01,4.477626081638242,-0.11383602069144905,-0.6092201492829408,3.356016183930133,0.8309099250075835,-5.796779955169629,7.735756942754479,3.4683037353378854,2.1560913077275146,,3.241589128045641,-10.355301538235405,-0.009296970099437196,0.6953665527312136,2.863676546461158,3.6880616306055547,9.0439397687752
2019-03-01,9.702544974429216,2.122619965345085,-1.5968995577486211,2.3053009771871302,-2.9992292114626506,4.254661090966616,5.2753665469915,5.975438671968725,5.580911279921508,,1.8100257059810776,2.470385793228558,0.7842937287231733,4.216445494320786,0.5672303014977009,3.127837294397162,2.2396478332348035
2019-04-01,5.643604369709032,-0.20034849123293785,-0.6638842503124187,1.0086635647028608,15.517123193201222,4.694865441309437,10.734275201025124,4.487959833513977,3.057874427533114,,4.085278136331683,-5.738910180937773,0.15301340352740223,-0.16106845386183455,3.3633459710528335,4.705295782301544,-0.6435333102527308
2019-05-01,-12.421294272408435,1.910844979500359,1.7574298155486723,-6.482018773295661,-8.694510444411607,0.14268835754454035,-4.948051425594413,-0.039040914200416665,-3.3527445111414145,,-6.377114030735576,3.7456608389646373,0.8771335062010666,0.13827809634454624,-6.328066147816125,-6.337774308090927,-10.835597769725124
2019-06-01,13.051919522474552,1.0985964823640781,8.00291491984899,6.199015868080027,5.511499504128881,4.452461855091672,8.311772307138199,3.195366530594046,6.549396977313848,,6.9586151581654265,1.3608710958312953,0.4738543269386941,1.5543066724982957,7.116237022777594,6.784129335508515,8.28031650799086
2019-07-01,7.639450214488552,0.18180997317149838,0.0075148392299828615,-6.504868446552714,4.491265204244921,3.358207642038158,1.7243983019457954,-2.5318170567321996,8.348797183008095,,1.5119506812406813,2.0490862035493995,-0.09426009183729489,1.704791645047421,0.8294432115365069,2.295134839775459,-2.9622755626341646
2019-08-01,-1.646121613647511,2.7828064417968257,7.91231345612986,-0.6897293372033042,-5.293098477324576,4.579148479832784,1.503692560992076,6.979080895417211,1.8552787161151274,,-1.6743458751882878,-6.027873132382355,0.928512469280407,3.7462203336678934,-2.968515118763748,-0.5743819800385408,-6.762393522787836
2019-09-01,7.296165161180235,-0.6121175602001427,-3.39478600543478,0.7946480307531756,7.127263509262627,-0.36697404920262855,0.8486493014675522,0.9635472213602059,3.4517077275596053,,1.9458191758884746,-6.690245464027944,-0.2159328053860432,1.9270717126254056,3.4582095663029166,0.28915943126630594,3.11039532778139
2019-10-01,11.06844581109716,0.2080878907100292,2.563546974700759,2.0559607038460825,6.993527863655435,-0.01836898702690659,3.121630426130073,0.051051566589044306,0.7439937705196353,,2.2104565401813048,16.280135469931324,0.255264397620647,1.1260350765676552,1.8992812413215043,2.592026257258273,-4.305337474506987
2019-11-01,7.755413191296356,-0.03451706463710735,-3.208588289288572,4.848949382751733,5.4755076296098215,-1.1594887012985167,5.946231789456458,-0.9768860574489224,-1.9677168566342607,,3.619837581757057,10.751900905045764,-0.04679330090088252,-1.304399499993092,3.4376894621551246,3.9920135257692557,2.0447420198939747
2019-12-01,9.878356797045761,-0.04676574394383293,3.655877893383952,6.094992373240582,5.7984084832848115,3.6516755421793112,4.174965930462671,1.3231861835654835,2.326725627943227,,2.9055379571875317,5.445432023245145,0.14185335185425973,0.7690391462847224,2.6425180562755113,2.9762136083564483,2.4218532456663944
2020-01-01,5.4010053057503615,2.0289709632365094,4.499655849690343,2.0566294152797093,-4.440646568137585,5.510385289810693,7.94542662866462,3.9145288058736183,0.36861881029846,,-0.04038059280832007,-7.323608056113318,0.6046517000469098,1.228574632516377,-2.503138587616882,3.128968537159915,-10.977361311453382
2020-02-01,-11.470144513138269,1.584698280314667,-0.6361728631845698,-9.09013059328474,-12.277124004535656,-8.407534365114987,-4.568822625583813,-7.034247902876267,-9.139787121399523,,-7.916607134476427,-6.419502993094762,1.0342849870155213,-7.026510018572307,-9.713305014370643,-6.467258516108377,-16.003710100365055
2020-03-01,-6.976138032942625,-0.5267796749134024,-0.22240316767432322,-2.4910839680016394,-22.461461988751864,-16.548763539660115,-2.6541295081400906,-8.421591041766629,-2.852600342545808,,-12.487093012467444,-1.7649205624874487,1.0152383308914992,-19.39182645986731,-14.827695051491785,-10.594263892980294,-26.185856693650898
2020-04-01,15.537345983561002,1.719053800409065,7.261060302877431,14.420818645983458,7.469828237269338,3.706214522229656,13.632603922887277,10.149887931666468,7.86913047624076,,12.698374983212645,17.278826944535265,0.31405083227555863,8.962074047923618,10.666982880851506,15.080691319739925,22.386088487783407
2020-05-01,8.509436129757564,0.6725750464229518,2.588161543682088,-0.17252852762608129,1.6186156931613516,1.7215473588646057,2.5391073232711836,-0.5593683135569849,-1.654363211296317,,4.764489980374176,4.232930061109763,0.2857082098711716,1.7343184325997907,2.8814855955459295,7.0596763005293495,-0.25471072505246495
2020-06-01,14.738650530755649,0.6590540936573408,2.737702630176453,-5.458812761410736,-3.3398468099680723,-3.414941751740541,11.055959661121829,1.3200852011838737,3.1487396207362295,,1.773417322517723,-2.8308159112395037,0.09195105452541874,2.4249089477073715,-1.0091993204790595,4.90347354160745,-1.649410224309511
2020-07-01,16.51313844917648,1.3332332512582479,10.790463097013703,3.647832086655489,3.7441337723275625,5.729648477179916,0.7370585609113522,4.082902792236243,10.35161572121648,,5.889238381825623,2.654702484308613,0.1836593845149892,3.641933111288931,3.7353028232294916,7.560937577066373,-5.903418040442965
2020-08-01,21.656951231287724,-0.8236412203492027,-0.32356731296194763,5.9488754919761355,3.6734243588651294,4.84756592527309,10.275204108707147,1.7434081908316967,5.498778764644219,,6.979688090225,3.226769471185742,0.18335425719484544,0.4423016986360162,4.181582254801897,10.093391411013819,-3.2130749795676095
2020-09-01,-10.252640645240053,-0.09726616820754375,-4.17140433776253,-2.9528531148530157,-3.9125736795371124,0.48382860002709194,-6.739680218825805,-0.3308490645628659,0.47711646383328254,,-3.7443462212498835,0.16146959402254524,0.054974914741623415,-2.6642965885586567,-2.2156058148875557,-4.711866133938281,-14.046071174492358
2020-10-01,-6.001198968634103,-0.558312318663734,-0.5194208414112778,-7.905682598596442,2.7835921103893657,-2.6534451199041964,-3.737000596928397,-3.831170761443292,-0.8121062545648261,6.631580152009664,-2.4933795861316166,-2.126560526775445,-0.0640759213078379,-3.0015204391495853,-1.8180314043397483,-3.0051851989518097,-4.981071002736204
2020-11-01,9.549316169880239,1.2067622940442613,-5.408625961608992,6.254282191928429,20.23660897020281,8.207628060891814,6.006054410447814,8.20767642543132,1.2910538131740479,167.62093093863487,10.877662058422665,10.224791472236472,0.11000188517646947,9.674914998122809,12.75704683837633,10.372810562180934,19.711659586655085
2020-12-01,11.457355728750485,0.08571661709189105,7.013861264675048,8.77803656011411,7.796056624181391,6.279081249555363,3.900597138418327,3.5544070853594123,0.1943946147670017,-13.131690494804637,3.704846609335277,4.638684831169182,0.07433806235732643,2.7340387891562123,3.5106362460939566,4.160104524868924,8.103856705695378
2021-01-01,-0.5501215687881755,-0.7445690400769478,-3.223816988295236,3.6535781981668736,1.9883976567900863,-12.199110894662047,4.289166952607282,-7.909659276777181,-7.299599463817397,49.384294882749494,-1.0190277766667477,-4.876249333994743,0.018575952004429297,0.03530050088995651,-0.7901900488064384,-1.0144610017757016,8.782123826466371
2021-02-01,-7.971230959877995,-1.5181472271305951,-6.256881416817583,-2.2570268902704305,14.377844595922063,1.7445416817412518,0.4118124231012432,-5.4038179996477975,-3.650265814383158,-32.06367421488044,2.7805437338808803,-0.4076842244402856,-0.2692174300206074,3.4251781572188778,4.999170689974153,0.8454020849896438,23.3125193044464
2021-03-01,0.7339526602896163,-1.146307369759525,-1.1433105943016053,3.717056225782267,3.4382062086869114,8.488931832783564,1.4588237492765943,10.364153692958421,9.633277392038009,-2.5522958692015263,4.539935040219012,12.392933313333842,0.07463768093094458,5.152039153416932,6.666574543761894,1.7951925913758604,2.6852758262405407
2021-04-01,7.6217945139381404,0.7320420924203042,3.5633887903232075,-0.985726417802979,1.632995758518252,2.4094249625465247,6.9601780219303855,1.9158892874195477,-0.8538334604708542,-1.073422027361648,5.291048892854877,7.184115805728797,0.168003811642925,7.8597579166097775,3.4382879942919997,6.913316983971596,2.5255497796722315
2021-05-01,-5.049701081983294,0.20379006857271786,7.678377966625938,4.655539656847663,6.781109512748751,2.426810821091796,-0.7627460427705568,2.622102552598027,1.0717934853444078,-0.39062564675176326,0.6565897978788371,3.2899045551795902,0.13050405408621124,0.8074254496058364,2.919589186637972,-1.4300666241109705,3.459686890198599
2021-06-01,9.910937404718357,0.8279256239861699,-7.147662098325524,-2.6647096548811477,-5.297136225205112,-1.3967832108766398,8.498882036651946,0.8871519297733554,0.05931798238587582,14.858386640747788,2.2427453288584864,-2.43091334894614,-0.335174391302806,2.6375482326271404,-1.2432225582910128,6.021151222633869,8.069225228874455
2021-07-01,6.49823471561608,1.1165998577032932,2.5297363508325565,4.528333704202914,-1.8550535230720477,5.396423379954007,5.171680184516703,5.925595789720117,6.073192378725789,-17.64036956832563,2.4412506228186137,2.941764486287979,0.12146441839480104,4.420838172038866,1.0112179775865648,3.183299077326729,-8.73493837095316
2021-08-01,4.248899857610944,-0.20040642825855937,-0.07655451490135023,1.1375285832447624,5.382801448820973,-1.2625090532357053,6.159079396566858,-0.3567929432493844,0.11249081738733402,21.326583433283908,2.975979236619941,0.9824803411796257,0.009370016932130909,2.1545110529131772,2.088558946589436,3.673027603641721,-3.8645158011892167
2021-09-01,-6.803617088623248,-0.9171795585413589,-3.223525924924131,-6.717486993256905,2.3382207485104223,-6.116135027929359,-6.611878327627396,-3.164535099263077,-1.8189595565471173,-8.731963643647035,-4.660548715330004,-5.803562889192038,-0.17742610340759635,-5.681496345871173,-3.9423572258210915,-5.324789684940634,7.887014101935486
2021-10-01,5.865689768495264,-0.0087684476679728,1.4797178527087285,0.8544854319864736,4.413046059556569,7.432816027073863,17.629069248207664,7.439679691526524,2.915897688632141,7.653902558925485,7.016377856033751,17.845624890978804,-0.3647846349646877,7.133057746483451,5.444373932453717,8.264131206439028,9.605593500740017
2021-11-01,10.508157064108591,0.27084441219416,-0.6900653696985448,-3.639915832325613,-6.5100742778486325,-6.232500130046869,-0.12821105355522722,-1.1262551762765582,1.1119753510723696,-20.208654218833477,-0.8034915842206614,-3.529009198518629,0.009325215191990921,-2.1093110599047282,-3.04051482652804,0.7130341697827669,-5.934247869166109
2021-12-01,7.422900243089181,-0.35872275320825153,3.2990977123064535,9.709509855662102,-0.30220585927650534,12.888467040096408,1.7332872354898665,9.452876843129165,13.141498880097702,-11.815983434053345,4.624771793917537,13.40727845126004,-0.2252926462767313,9.70560006638963,6.954995987591395,1.5740399047997844,2.256022036296179
2022-01-01,-1.5712336117048475,-1.9985834633834854,-1.6787612677039987,0.7131526423197476,-5.594745814502411,3.040005814715241,-7.534481219336476,-0.10936020993712603,-1.383814735208766,-24.711692875167437,-5.274125215796821,-5.888791838947882,-0.7250296774600096,-8.421689396064036,-1.0740015018674054,-9.414132864830504,24.13793103448276
2022-02-01,-5.406567304620835,-1.1456580097512603,6.121725723782601,-3.867648143462321,-4.57605687261119,2.0160884400124868,-3.721220286393745,-5.636223991966405,-2.841996593571916,-13.566737064200929,-2.9516983607058456,0.698311445336075,-0.24653332150592622,-3.4826798276367144,-1.1544252618129747,-4.585644839633152,4.383023749886328
2022-03-01,5.747331263475952,-2.8121837454048393,1.27255799503041,7.692782099443285,-3.864578062912838,0.376912961352005,3.186172189732628,2.8953377288050364,-1.982159835359476,15.864971310097363,3.7590386469008807,7.482939694966606,-1.522300694766332,6.263899342526136,3.282149149879099,3.8015177817117163,5.317527130119237
2022-04-01,-9.713072034530567,-3.8058848383713872,-2.0702963524693363,1.8224638183952813,-11.792314070148635,4.209686049204864,-9.986704899626153,2.586929756055656,5.661443458748083,-24.25345983051408,-8.776903262193148,-0.27845172842381194,-0.754460905389942,-4.087826240316184,-4.790934759834309,-12.875518887602444,3.220735392188545
2022-05-01,-5.449626847762412,0.7605657301945401,-3.261547766106776,0.12393498025227156,10.782508623251674,-1.9037298956674498,-1.8076972110880773,-2.3062043663514498,-7.891612583578533,-16.538455542727824,0.22572915232790258,-2.314419177993321,0.643858884727222,-4.685411774769166,2.409387984955602,-2.689863679076654,13.763473312512154
2022-06-01,-8.142959416716034,-1.5530018184259475,-1.5659651077124859,-1.1251632703181302,-14.837775036318357,-0.02443082553614806,-5.532071416167417,0.041273904821736984,-2.765768966972393,4.4930803679336995,-8.246056992293106,3.760554971728003,-0.6502453709019584,-7.448881844320354,-7.885900628614073,-8.456072409791037,-10.791683270340002
2022-07-01,18.863362870458445,2.538094335071195,-2.58815174913124,-1.6844005666471595,3.348210638054816,2.002868969860816,9.309687674355116,4.980179816671737,-2.7666721425517182,14.11246670025732,9.20875114429447,5.5896424402891,0.5973040644619454,8.615971786381937,5.057622709275766,13.042318661496166,13.18314257402573
2022-08-01,-3.1207943578742126,-3.042289121708397,-2.943328245830701,-6.930985970075632,-1.4129525373453244,-3.8335698264718165,-6.6663391076030365,-1.5375221500443792,-0.6982916261545458,-25.41063279559618,-4.080192901566793,-4.242738987893857,-1.140050502889678,-6.012541598203757,-2.6777267325215903,-5.000809057129841,-0.4242827176708319
2022-09-01,-12.097709110914966,-4.145010364257162,-2.888181063677542,1.2520107335185493,-8.115721152584687,-8.558686438615116,-10.926679549887663,-4.59325174335119,-8.47471244063257,5.310885173470825,-9.244576573678975,-2.446474855822811,-1.5018248590096372,-12.871323137529977,-7.811721486278234,-10.444234764966144,-8.6619970707128
2022-10-01,10.955150502993693,-1.278516439178956,-1.7844407703562548,6.494881263221686,21.537063997624784,6.83683501953416,-0.3306068787352734,11.22136205585682,7.426330744255782,8.118079189688876,8.127544357125217,9.921987199533389,-0.19071589832574398,3.5050955838273445,11.73470187228296,4.108431272444912,26.91559411858464
2022-11-01,-3.3027541737291166,3.808466822889134,8.491865963730461,2.976889302198349,9.77120760418384,7.036140200553764,10.222309616888726,2.164322549879838,10.759659967832903,-14.675767547797369,5.559150717499772,-1.3311686088262276,0.748299220919213,6.146029208673287,5.994032908887714,4.62421713979726,1.2871679972873418
2022-12-01,-12.22726590754335,-0.8704739353071034,2.930648566594085,-0.758452762090589,-2.9526569076620657,0.0,-6.004549201560339,-2.0069278634592957,1.6089875077495597,-14.399998982747398,-5.762824262137323,-2.9110729235018784,-0.03973545039850368,-5.034335671620815,-3.302053201355537,-8.363882327799299,-0.9340618975837822
2023-01-01,11.052116730220307,3.3302562140630876,5.759257431981046,-7.4893732483250925,5.140822538067402,-3.600042726214492,3.3316621951098746,-5.335971588786914,-5.467506352653684,21.183802450972667,6.288747499871894,-5.8451879637529185,0.9781047520212249,10.402504359017705,2.7855002063617462,10.38431112252618,5.17679084775593
2023-02-01,2.3183055387609786,-2.6656900281378904,-5.367596391642193,-5.542578801302667,2.422123982597668,-2.9517475864134,0.9017808096282609,1.4676545431494104,-3.3852979139908035,0.771207469941948,-2.514280859627971,-4.65753462314874,-1.2392827901903325,-5.864256873678142,-3.2367410486665027,-1.4240964020183489,-4.529123341884866
2023-03-01,11.86483916773673,2.6412624401013884,7.916128247166143,1.135329328139778,-9.096622263884202,5.034130129579029,15.588135611338206,5.7637855991843345,8.090992525673869,7.7806077143492525,3.707777991932959,-0.3502081141271818,1.687310600161096,-2.155449899257944,-0.4618277282122274,7.762156482633076,-0.22745946289558505
2023-04-01,2.8987407160878886,0.5754911757060555,0.8623522653246951,5.612888857506837,6.918025843058095,3.417691009229351,6.576518275710197,4.712015242076162,5.830329783426169,-8.284021598410106,1.5974920274512527,4.126199998029723,0.24198654113283258,0.31310080395638984,1.7739563881338682,1.0383057322167044,7.915337842454062
2023-05-01,4.605850414505874,-1.1442837399882388,-1.341989007892208,-4.563274811293749,-1.8301303835526195,-6.999228756037946,7.110544058308155,-4.4737708800755005,-8.875839616142688,89.80645210512223,0.4616354139720835,-0.985590056621688,-0.48004356789639324,-3.961579274404292,-4.119222480206053,5.170031736746217,-12.906311079520172
2023-06-01,9.432981760013526,-0.3682437377647174,-2.221370606110007,6.745778127315005,7.1697067711008255,1.7074079586707258,3.699880406442735,2.283424240871157,6.484234741639505,4.214819061531316,6.479963464098937,-0.949629396702456,-0.696742143227258,5.629428368231704,6.133757915121096,6.910929147832623,4.96183329768034
2023-07-01,1.2785711924809817,-0.015316939161469367,2.288664235862692,1.2143675418481603,9.354241629115624,2.8395760317799112,-1.3566593075642563,1.2093901915105176,3.654114869422753,29.41944064792621,3.2733260596089053,5.353262706381856,0.33821484273495184,2.0344819927645252,3.4552923159329563,3.357361861554975,-0.009331520427602324
2023-08-01,-4.238399831368023,-0.6313306507562122,-1.2777635059315506,-2.7912387961062435,-7.362625819015445,-3.390917627786061,-2.2225901496469747,-4.421390184998286,-1.2539822480612361,-24.49597062990765,-1.6251806261762813,-5.883047501399263,0.3489064329602831,-3.377903246968794,-2.3808027890995898,-1.087309887608101,4.533270410272183
2023-09-01,-8.867828355509644,-2.5895926859323515,-4.760586113112197,-3.667729705230338,-0.8952370280077782,-5.692576388315295,-3.6642648109959652,-4.766179495817591,-5.4943697006980985,6.809082035601977,-4.743460636152319,6.2052213044198945,-0.468647278787937,-7.263732588158622,-3.280890034702477,-5.73919163179164,5.746916676920755
2023-10-01,-0.2570030206797469,-1.5706575319514804,7.372411557093361,-4.7576037002055145,-3.402236476666931,0.9110418257464836,7.081548333236065,-3.635508988820313,3.508126438818082,-7.4999988079071045,-2.1708589051735117,6.221858619961584,0.15578323639260372,-3.6215053386138063,-2.639016268212624,-1.7626920551084169,-9.976183434812713
2023-11-01,11.378022655739528,4.592893062529679,2.531372564947043,5.095379653520493,12.23932238130898,4.275682871918685,12.294540901715312,3.8542683220833096,2.3262060890826275,35.472966072070065,9.134370365539656,3.2507896494484045,1.280514331396243,12.08176835783792,6.679573318384713,11.610765627474784,-2.0505669434402463
2023-12-01,1.3582577496684012,3.6976778909740604,1.2821182352028115,1.3448888882256815,8.982596291604384,0.8384768922505836,-0.7574241999980913,0.9210233276106594,-4.5466477806427985,-14.364086136438313,4.565553730440053,-4.467505593501042,1.3816589140768887,9.44533489641055,5.090008649793143,4.3212103445746,-2.686368968760511
2024-01-01,-4.2227252927439896,-0.15115298776573471,-1.4228180398366375,1.378081716056756,3.1364632172074414,0.9502784071240056,5.728085802674765,-0.7713186200978828,7.91074485146126,-6.290040296488842,1.5926386571696538,-2.7978665301694683,0.35659266753582664,-5.05885157523519,0.8695580864089614,2.158400026103724,2.830549401616844
2024-02-01,-1.8542995770515103,-1.474575348478513,0.45635480195191924,2.3318727767975167,6.710249770623333,0.8909024687717704,4.231856085001207,-1.1441575419773087,1.1454873418818234,55.87321122350784,5.218689396855836,-3.544774511700166,-0.5860165778041271,1.9787762247466478,3.335541252574825,7.065696820244649,2.6080859501959264
2024-03-01,-5.128645611850391,0.9024936684622009,8.668323846462611,-1.976708691778195,7.653469123806755,2.7480111270151486,1.7116317747296161,5.84857482239407,2.082546786539141,-8.253587325044688,3.270183452575459,0.6179507584000321,0.39916695405413094,1.9510407892550763,5.168954801148651,1.363245192676077,11.21316059502686
2024-04-01,-0.6706263965199022,-2.4782568019109497,2.989497307015121,-8.59726508526183,-3.7152220543444026,0.9643635846105836,-7.461026812860593,0.5142506246194278,1.2349954609130576,-4.519777945164682,-4.031963117930681,-2.223568418840871,-0.509453461826348,-7.944045743468209,-3.9113226304961946,-4.177809469676374,1.7463962070435102
2024-05-01,13.022217066322828,1.669569022588746,1.6189210429127243,2.25853431075973,5.679587096791416,1.8779364370375307,6.819106600607316,-1.7110919559599091,0.8210759641199772,-1.3199773201742149,5.057972835043567,2.4126376662731763,0.837272845253545,4.559720708312787,2.996976931934725,6.324641869093961,-0.04867474207943534
2024-06-01,9.555269701245027,0.8854863396663193,-0.13469974027457976,-0.3477338708347766,-0.1826197447410749,1.9289564853801622,7.665061037185916,-3.8574680641388692,0.2309510436958817,16.835791361399988,3.528021556863159,3.240090061256118,0.5762982919191195,1.8756140042428093,0.15308568302749848,6.782135142780321,-1.8250029317667171
2024-07-01,5.441079358907941,2.4191738129847096,5.367196334938273,7.998094591961191,5.7941078661778445,4.854673282887068,-6.398913893439651,4.692924349141081,-1.936167041954906,6.1587030029257805,1.2109114980911162,13.13670464991521,1.2931347967367612,7.939344162243178,4.737876036803579,-1.7940691805409026,3.014244827954382
2024-08-01,3.2353486291833766,1.461458747610478,2.092249026936499,5.871955365321213,5.6391014521514515,8.585557148462453,-0.10951650389884326,0.12160857436200878,6.705636703896611,17.06954353578325,2.3365508999098505,2.4368278857869408,0.9755479273622969,5.2206529817910186,2.880764760299881,2.246127849396684,0.2525713314529332
2024-09-01,1.7467296439848345,1.3328059624834632,5.088851491253266,-2.2910801495915956,-6.20106871686783,-0.16195493140230832,3.154803007905005,-0.8879609279890954,0.9677259753938516,18.170270978017868,2.1004777672464447,-0.5840040869467211,0.848103089599106,3.2696746013869404,1.5304550575647502,2.3525978746716802,-0.6104844500408491
2024-10-01,-3.042914541512065,-2.5187588648379,4.299348742370923,-1.3575181864957986,5.890128086751978,-9.114935586144213,-5.565877170579925,-2.3346094455579003,-4.069766306602163,11.720431507881091,-0.8923646360100457,-3.4514565399506814,-0.8622671748608979,-3.356597463622968,-1.380552700344162,-0.2630677969595485,-0.37535920948549295
2024-11-01,5.170694988434121,1.1110032759324096,-3.124136460320792,-2.255869929892229,12.527039566834276,-1.1391459831184947,4.419239030936883,-1.5835788307652976,8.524033925504003,61.40519637750632,5.963341895369512,8.095662869079035,0.33685284825251127,4.259173406508965,5.640104859749817,6.844758114931371,1.840458021009761
2024-12-01,5.515516526784792,-1.6933585887835112,-1.4088486936242095,-6.70279294722147,-4.0084799392482,-2.840211593944031,-0.4628386943113738,-6.176349932997471,-6.476620700317481,12.745967783210554,-2.406017042926545,-16.781349818788804,0.04186837521049647,-8.372182335084888,-6.372708751249389,0.4486013480034634,-8.808075184354669
2025-01-01,-5.758317353334053,0.5159457512687426,6.785607873643396,5.206748402201589,12.085640185172242,1.9595320712764819,-1.5278763670863893,-0.9009727839225601,-0.38643017364146104,9.070475815786882,2.6856345883270905,7.24114761282586,0.4497004286613926,1.6501956293989872,4.370932438972797,1.9271879120220214,-0.6879124133096659
2025-02-01,2.587237501111206,2.2373743268462087,1.8216241876358952,9.326921784367626,-0.9914009104918353,12.177057689774639,-4.161813312319584,1.8448701377055121,4.729191560966561,2.9458120597710247,-1.2694839644185052,-12.448171346897109,0.9282979733466812,3.6996133696838296,0.809282713814663,-3.0166110248468603,5.1444428567932965
2025-03-01,-8.150022437940475,-0.0262530147389195,9.446585889998316,0.49692164103833925,-7.31153187109983,1.3179707194370671,-5.440947869790325,-1.4363243189797537,-1.9673273459984042,-0.6123370869979161,-5.57191077762873,10.743727868220866,0.44657488220805064,-2.5877983643638913,-2.458779480279971,-8.484774651207038,6.826547751141621
2025-04-01,-4.335288520911407,0.43105378279797435,5.424437277239913,-5.746513370233219,0.33702984064836183,1.298520485596777,5.293166159650231,-9.577171354397274,-4.011636034130451,40.33175391008723,-0.8670166230189347,-21.443447811791884,0.8406579619698817,-2.4409021142169474,-3.623952622907256,2.0144511126048537,-11.183046169101807
2025-05-01,-5.358418803597875,-0.6068954275002092,-0.055957769465042606,0.14753618226499565,7.9224922854021385,-0.6202723212652139,16.68398481439819,-3.046169569458479,4.502674488680669,11.263083470882297,6.284493303163585,-26.62112747840807,-0.26003405164714,1.1208073574698663,2.949294422242499,9.212513389856646,-2.26052458178444
2025-06-01,2.1508683514060323,1.4553480492089044,0.40513189855819753,-1.5849533881914013,9.814391336021089,-1.1746995279635075,8.048051413440493,1.551027725873677,-6.221670058680617,3.445142348593744,5.1386124993305415,4.0656500433624565,0.6285766722565755,0.6884744192805714,3.6873169281991247,6.236834447480177,5.376345002146654
2025-07-01,1.1697550949276492,-0.2639505794247099,-0.6134551059805871,7.849433610363898,2.675709917036695,-4.042404764098794,7.255587936941144,4.453211825254799,-4.908977367852573,16.160502931093234,2.3031548697107995,-20.00512656045459,-0.0695158163764309,0.08982882336876497,0.16973517329152976,3.8275573178784716,3.5621428469050143
2025-08-01,11.963892122819564,1.1903537599244451,4.987462468746839,8.334609388349378,1.7485825680117584,1.6202635563079326,-4.869169832836628,7.779843047268331,4.3663025871598204,-1.035680029324626,2.051948404438786,24.166528968580224,0.9331647427464285,3.4776784348980128,3.4907359046518316,0.7557501643034037,3.3263366902741343
2025-09-01,9.688126050055379,1.126776445653488,11.758415768627128,4.656552636137512,4.647999633494182,-3.1328867593134357,2.2222678333202905,-4.5988301373899425,-2.1586811700328057,16.406094284726393,3.562043418529992,12.136839257860398,0.3134878461239943,0.05763228232600337,2.3018227673497593,4.688174293637237,-1.3474460791458753
2025-10-01,6.181523353611795,0.6154623003800319,3.5586670754335525,1.860630632738114,-0.8868578599891541,3.8902241468511622,-0.0270291399078193,4.023069006804736,-1.4503548423008827,9.894750155101462,2.383730119762495,-1.083100433719919,0.3131519459435017,-2.4502194655718346,-0.39145211264632884,4.0115973769452085,1.427930158207169
2025-11-01,3.236410427333425,0.6057154686337052,5.367817567023114,10.252442195527811,0.6299815132071229,6.124824071882062,-4.804685731303826,1.8139571278903421,-1.4697080251840244,-15.972466741898806,0.19500953167395085,-3.451812764191553,0.5044472357393248,2.4220589199663856,2.540913494703445,-1.605703299923411,2.2506936474674166
2025-12-01,-2.506718205833014,-0.2789870031128294,2.173350667644791,0.014498676237151287,2.9193898748310465,-3.718496416604311,-1.70525388427748,-2.5657039943946747,-3.2734997284278644,5.520928002518954,0.07975029584423865,0.7761430232629429,0.20160311908179462,-2.2362570361350365,0.78722878316273,-0.505504996947026,3.812975321148393
2026-01-01,-4.553807543927224,0.2503071566318349,12.273224230545976,9.809131433435514,-4.639747628251545,7.009011436043622,-11.027248002775835,7.044307284494833,6.655218462281276,-17.53024116011779,1.473772883957447,-13.0804912223234,0.20212887777246724,2.610468704123381,4.586623287242686,-1.2934015353541994,17.500413567711213
2026-02-01,1.906584775625153,1.5981178045372912,8.720077925273873,9.90129015558252,-1.8274626056834276,9.022843278304403,-8.518351769513588,10.486239596874869,10.166688897023569,-6.412438864393821,-0.8641958340223965,2.2095899708169275,0.7868660624262169,5.385468864330467,3.7597022669769276,-4.294460583903426,8.5689348550968
2026-03-01,-3.9329296870931563,-1.7945549273462147,-11.051161024305555,-1.6060835714468369,-2.0446181140362008,-6.114605399749495,-5.746798756249527,-7.695671642648227,-13.61243367152879,6.62584457768558,-4.937956664344334,-7.01617019014652,-0.7001866912106358,-6.313944980977471,-4.8130007149217775,-5.120093907808565,11.252462106599047
2026-04-01,6.919111547343992,0.1687965067908026,-1.5408224107347213,-5.96874531344056,7.027816638364426,3.563449898738713,10.160193378338178,2.0606592789027323,2.601489632312237,-4.9015574437918925,10.505268686597248,36.915629038311714,0.20366921335466248,8.602041093464363,5.392454043805173,14.247119450086988,-9.035711580980909
2026-05-01,15.108715221843582,0.2936197432868992,-1.5436926989543909,-1.4027084349572339,-4.4440192642512315,0.31741222026810956,10.651617603697684,-9.022643333887581,-2.399892227042677,12.529647472724005,5.262575303750272,2.6533131703182278,0.01112230496307376,-0.6540106099049425,2.4518886976398147,7.731159236754426,-5.23816708634921
2026-06-01,-7.274245453871875,0.2542376321976292,-11.684884638695337,12.710251067166634,9.361524528603349,3.5244926753956296,-17.150856157139238,-5.108161560951318,2.145442026591682,-25.46952652815746,-1.0292566443839024,9.91135179037168,0.1124593617638503,1.6509252817094922,3.3772445797239925,-3.754994654353805,-5.8791158949492495
2026-07-01,6.7562963011440935,-1.296514454593023,0.8578108529844419,0.9371173771967722,7.9567452087246915,7.776547257140076,24.583136341252132,3.072377317839714,-0.7306119410964929,5.476985934631906,0.034817917005858234,-0.2959389293068271,0.03134762026055782,2.613291128374229,0.926905125659383,-1.0912496494853818,13.692228319054657
2026-08-01,2.658785297995059,0.389563725552855,9.92625397928133,4.21734373436351,1.202416318259325,1.2330196097833257,9.36585239403942,0.5589020157844571,0.4360091356306661,51.45458197662451,2.67994025821654,-6.030403137654828,-0.2042850272449881,-2.5366291907505945,2.227783234035008,3.5680763197375454,4.215235888311275
2026-09-01,4.866650659024607,-1.1259513066791405,-2.362769721560176,-0.10156837504260441,0.05899162382374534,-0.4285522287865051,-2.2984887274941967,-1.8267807180728735,0.10336904652752388,-10.274712229626836,-0.35982136882191096,-2.650164923131615,-0.6141291382337655,-1.700538519422834,-0.391374186757798,-0.2493214256903964,3.1314126377663953
