Date,US_LC_Blend,US_LC_Value,US_LC_Growth,US_MC_Blend,US_MC_Value,US_MC_Growth,US_SC_Blend,US_SC_Value,US_SC_Growth,Intl_LC_Blend,Intl_LC_Value,Intl_LC_Growth,Intl_MidSmall_Blend,Intl_Small_Value,EM_Broad,EM_Value,EM_Small,US_IG_Short,US_IG_Intermediate,US_IG_Long,US_HY_Short,US_HY_Broad,EM_Debt_USD_Broad,EM_Debt_USD_Short,EM_Debt_Local_Broad,EM_Debt_Local_Alt,UST_Short_1_3Y,UST_Intermediate_7_10Y,UST_Long_20Y_Plus,UST_TIPS,US_REIT,Intl_REIT,Broad_Commodities,Gold
2000-05-01,,,,,,,,,,,,,,,,,,,,,,,,,,,,,,,,,,
2000-06-01,1.9754396156298704,,,2.442630195255191,,,5.884998461170521,,,,,,,,,,,,,,,,,,,,,,,,,,,
2000-07-01,-1.7507027229481498,,,0.8695230548409372,,,-2.818972183577473,,,,,,,,,,,,,,,,,,,,,,,,,,,
2000-08-01,6.526084964842549,,,11.254840603114435,7.84649700834672,15.09190266209468,9.312953007238868,7.38084779500674,12.948590033580288,,,,,,,,,,,,,,,,,,,,,,,,,
2000-09-01,-5.444470155253056,,,-1.1022038063215334,1.3343839753516384,-2.5350502683263887,-2.8150621655885,-0.1823769051395585,-4.388944898459657,,,,,,,,,,,,,,,,,,,,,,,,,
2000-10-01,-0.3914018754638038,,,-3.2417780306134847,-1.3061370795229066,-5.554907820480571,0.5321437733905254,-0.8865076953341156,-0.6978233357367247,,,,,,,,,,,,,,,,,,,,,,,,,
2000-11-01,-7.564697418368082,,,-6.971151292340949,0.12029287488906082,-14.23391524410581,-10.042943243620906,-4.101186901155984,-13.443067115165174,,,,,,,,,,,,,,,,,,,,,,,,,
2000-12-01,-0.4028137706422519,,,7.266655826984758,10.130459912284827,5.128258546426823,11.282299771954607,12.852900818494994,8.014393346118865,,,,,,,,,,,,,,,,,,,,,,,,,
2001-01-01,4.217918234866569,,,1.6641191205142736,3.9181368047693343,-0.14129261992082975,4.751653229694552,7.8571957650738655,-0.13546408076747785,,,,,,,,,,,,,,,,,,,,,,,,,
2001-02-01,-9.37179810714418,,,-5.666676862030484,-3.2076436431093813,-8.367010131040143,-5.943600718219944,-4.214332664996546,-8.237638597471852,,,,,,,,,,,,,,,,,,,,,,,,,
2001-03-01,-5.738553158444526,,,-7.240651037945489,-4.272793396307895,-10.663754357327914,-4.587735749679178,-4.947859646321151,-5.58970073397872,,,,,,,,,,,,,,,,,,,,,,,,,
2001-04-01,7.265297631706624,,,11.311072499979936,9.208284936324374,13.728374429244706,7.852310135938856,6.821220638717795,10.1282776983868,,,,,,,,,,,,,,,,,,,,,,,,,
2001-05-01,0.4232638752140083,,,2.2048153444039764,1.4945512542458905,2.970024187703091,2.0370390540037198,2.9137463171793776,1.5395078367858916,,,,,,,,,,,,,,,,,,,,,,,,,
2001-06-01,-2.1469815754523003,,,-0.3843314981526236,0.798313636740211,-1.3323309074847356,2.1644242743474207,2.0065200847337428,1.6610875860437524,,,,,,,,,,,,,,,,,,,,,,,,,
2001-07-01,-1.1328890896172172,,,-1.9471075678637706,-0.24044263204874294,-3.163230192757771,-0.6665851309600734,-0.22482024877843454,-1.945533722642545,,,,,,,,,,,,,,,,,,,,,,,,,
2001-08-01,-5.828525587180344,,,-2.752707842011337,-1.9062530343545325,-4.3523918853132,-1.8013543946674426,-0.9601557167249308,-2.2222273911339907,,,,,,,,,,,,,,,,,,,,,,,,,
2001-09-01,-8.60550692578268,,,-12.403943369637826,-11.134649328626434,-13.688418786742462,-14.126414924076848,-14.531973913909656,-12.90584377982592,-9.61983644042439,,,,,,,,,,,,,,,,,,,,,,,,
2001-10-01,1.7807766907780076,,,4.318866880158367,1.5221370556429914,7.624506706053968,5.736771072511515,4.5042625743661135,6.833494221329661,1.8240630913009648,,,,,,,,,,,,,,,,,,,,,,,,
2001-11-01,7.764966350722546,,,7.287076184056773,5.704699895682008,9.175867248195813,6.589915721479178,7.551671113925185,5.861776479436864,3.3443932165399426,,,,,,,,,,,,,,,,,,,,,,,,
2001-12-01,0.5217396416927311,,,4.783576824315716,6.738479720388035,3.787893465337655,6.6613511015849225,6.834500402827737,5.761237336671421,0.6095525792533918,,,,,,,,,,,,,,,,,,,,,,,,
2002-01-01,-1.0409042142520475,,,0.05937262097845952,-0.2762735027130647,-1.1846632294648884,1.5296363482112385,2.1441810940283856,0.06499686733849597,-5.783724039816496,,,,,,,,,,,,,,,,,,,,,,,,
2002-02-01,-1.8560255366181222,,,-0.4051458762320048,2.305157392549839,-2.255834910603749,-2.0662290599943955,-0.424467106238946,-3.3246739145709414,1.20108694137262,,,,,,,,,,,,,,,,,,,,,,,,
2002-03-01,3.365952044633458,,,7.26188841223232,7.129648469568206,6.80172112655586,7.78070190156257,8.719746282111075,7.3889151240221995,5.582409427450186,,,,,,,,,,,,,,,,,,,,,,,,
2002-04-01,-5.712219812002894,,,-0.2594115719995682,1.7738742603514934,-2.6382908444076425,3.183947041096147,4.032212955724979,1.1137428174873953,1.5237286888079238,,,,,,,,,,,,,,,,,,,,,,,,
2002-05-01,-0.8059540097982931,,,-1.820351062816361,-1.6533789980305413,-1.6957985611814386,-4.264574253667153,-3.6312101330619795,-4.405912307154026,0.5330761313804055,,,,,,,,,,,,,,,,,,,,,,,,
2002-06-01,-7.185899776167504,,,-7.335169141541109,-5.901334979410466,-9.568912868676648,-5.244335902242325,-4.616098430595239,-6.104546190637883,-3.287641821977727,,,,,,,,,,,,,,,,,,,,,,,,
2002-07-01,-7.766082282059061,,,-9.565201125891853,-10.114376053930718,-8.862873032722952,-13.973803141594864,-15.777162876649598,-11.724179732854411,-9.531853088250742,,,,,,,,,,,,,,,,,,,,,,,,
2002-08-01,0.4707775216272747,,,0.6561365864830249,0.9007080935205414,0.582840253284056,0.5887999134922106,-0.4224195383582985,1.8906453774962362,-0.9790379931093107,,,,,,,,,,,,,,,,,0.4307864879498968,2.5205724148816167,5.513178951893516,,,,,
2002-09-01,-10.361704806493055,,,-8.251643050155078,-9.699313461980886,-6.004562398932622,-5.8313769210276085,-7.908957327538935,-5.0805202918306485,-10.357773456012643,,,,,,,,,,,,,,,,,0.7400755168831319,3.8548122500710935,4.259134413640364,,,,,
2002-10-01,8.316060899675737,,,4.333922551524938,3.3364079568408256,4.443899806028195,2.9095475744326027,2.5829589957019783,4.681659515590164,3.8340140320952454,,,,,,,,,,,,,,,,,0.24408880587512005,-1.2507547475615666,-3.6942594840353116,,,,,
2002-11-01,5.727197484499746,,,5.895529370624963,6.610524062367129,5.055441168041086,5.38342812065542,5.500028409946767,5.648401692646354,5.614549679487002,,,,,,,,,,,,,,,,,-0.3864627482044525,-2.0893754989025903,-0.9161761729622908,,,,,
2002-12-01,-5.341956056741903,,,-4.140914164790455,-3.878147846591329,-4.44724519736649,-3.331464176838017,-2.732645945161871,-4.607238972997719,-3.348383165695168,,,,,,,,,,,,,,,,,1.0529306512178982,3.5478464673306176,4.525353411866173,,,,,
2003-01-01,-2.4674679487712736,,,-3.2512784654568194,-3.625473597687634,-2.296416653351363,-3.0579836006649375,-4.054977771042445,-2.9045754729030815,-4.302590447882149,,,,,,,,,,,,,,,,,-0.07286969854202185,-0.7662172828125202,-0.5757924699384076,,,,,
2003-02-01,-1.3926450464379903,,,-2.256338217344789,-2.30900251216295,-2.5852630037142332,-3.493174011840705,-4.054454356441473,-2.817349153559223,-2.1108468046210582,,,,,,,,,,,,,,,,,0.3919638916875856,2.2039426002482765,3.097338709771069,,,,,
2003-03-01,0.21406134256976017,,,1.0072886045802587,0.4203264383935146,2.348674268910278,0.5047523116999519,-0.1548955720454548,1.7731327747930958,-2.318032490359334,,,,,,,,,,,,,,,,,0.17859894615230854,-0.3798854363361803,-1.3646065484105852,,,,,
2003-04-01,8.48953902668066,,,6.885144015175437,7.3400721256475565,5.3483525578064794,8.570148332209481,8.812906140008492,7.575297488365629,10.165595477799517,,,,,,,,,,,,,,,,,0.16016786774462055,0.13781070140130858,1.0482036450121468,,,,,
2003-05-01,5.412480956300025,,,8.311488099106645,10.115011001372842,6.911233296163077,7.662100150790829,9.421530250882215,6.6398150810636825,6.452211538260566,,,,,,,,,,,,,,,,,0.3641903846305361,3.7910652035929138,6.319722102800673,,,,,
2003-06-01,1.1874081196008301,,,1.2875921882651076,0.09535928850208375,2.103849333241703,2.7394808242102497,2.8582128132149,2.0229145462162146,1.938852443227912,,,,,,,,,,,,,,,,,0.1659018405464785,-0.69175046618003,-1.8068335653659062,,,,,
2003-07-01,1.718174057879751,,,3.6458596990200487,3.0951029935917473,4.361834084828242,4.979448965397948,4.9079483602800344,5.630108503342379,1.5141806561368432,,,,,,,,,,,,,,,,,-0.505986791119517,-5.020077914294275,-9.980791822889657,,,,,
2003-08-01,1.8801774070150712,,,4.522584276544928,4.945447421465987,3.7765762849944595,4.995307215339162,4.959045905128634,4.966936125462729,3.2923841167728174,,,,,,,,,,,,,,,,,-0.04628727678208655,0.7100822687935437,1.3055650811396147,,,,,
2003-09-01,-1.0049049328817783,,,-1.6345050975316688,-0.8712027313120818,-2.0378851616450255,-2.708485599719479,-3.510104632247224,-2.600428864132387,3.0201819174242583,,,,,,,,,,,,,,,,,0.955472470364005,4.975479965229823,5.934393193722665,,,,,
2003-10-01,5.405339696274414,,,7.877690099025858,8.254369075693546,7.0405860243206275,8.638622570721722,9.085687637204408,8.494143893567173,6.495701663705011,,,,,,,,,,,,,,,,,-0.40779050873912537,-1.466438689608851,-3.031250107968131,,,,,
2003-11-01,1.215579414047574,,,3.2879469240249204,4.133425237934185,3.0172779150995366,3.866011025224081,4.2970717709237105,3.4289323975896346,2.528098204400764,,,,,,,,,,,,,,,,,-0.05959591309426804,0.022472655922389784,0.33940783415218334,,,,,
2003-12-01,5.232707493935407,,,1.6611054509285905,3.841244027277102,-0.48211534817912405,1.3581576566078502,2.706859686619345,0.5811197590069428,8.73753181156911,,,,,,,,,,,,,,,,,1.0865951593081125,2.0402275932748903,1.3433459346592347,,,,,
2004-01-01,2.1489228083543477,,,2.0684328797542895,2.1650667670634505,1.844958490409887,2.9625924378050117,2.16804549038645,3.133416101022024,1.1259371085089676,,,,,,,,,,,,,,,,,0.12136299940126438,1.0154202234071708,1.8608063408914743,,,,,
2004-02-01,1.2587237665715234,2.5989208164439503,0.9685032594307641,2.5716002180959707,2.535874712510977,2.0763074841428475,1.826522435008071,2.501697778817036,1.5847168266117873,2.2989740123083413,,,,,,,,,,,,,,,,,0.4838181589578827,1.6118810970089603,2.2819519101131114,,,,,
2004-03-01,-1.2287520076084024,-1.69349313062237,-1.5554840604848352,0.6143694106652609,0.2452745557265601,0.6045693430102084,1.5175043072147787,1.8285834427743008,0.860315099156117,0.07069541659450174,,,,,,,,,,,,,,,,,0.2815696077792307,1.297028818419621,1.4110330132714566,,,,,
2004-04-01,-1.8723148417944202,-1.7003934785147279,-0.9152035231754008,-3.588235952386687,-3.953308526340904,-2.6774118169685224,-3.8904434060317628,-3.934946835192543,-3.2127652647899074,-3.3898604009407363,,,,,,,,,,,,,,,,,-1.0620271447713159,-4.346230727492273,-6.235342676077227,,,,,
2004-05-01,1.6740536311918408,0.7413839044737802,1.334162811505224,2.246814809986808,2.31467528052951,2.0798632405343076,2.1627681018573375,1.5761563879396423,1.9850300795343223,1.1403531856322369,,,,,,,,,,,,,,,,,-0.004950416655313816,-0.5310878934620233,-0.25807524693417516,,,,,
2004-06-01,1.777104967720966,2.460378961973353,1.0943219007647054,2.2237156899322263,3.0493432330976677,1.3619311658175537,5.497856170935056,5.354731926077783,5.666501861584328,3.353584521198738,,,,,,,,,,,,,,,,,-0.01954584027424877,0.6532613593835723,1.0534016107657251,,,,,
2004-07-01,-3.133437233574188,-1.5042468326562197,-5.718304234982108,-4.736788209758758,-4.371704028702972,-4.882130840788701,-5.509518286680414,-4.749323447694254,-6.014316364089678,-4.26574842378924,,,,,,,,,,,,,,,,,0.27827587397688536,1.2116915889207824,1.5315898104048875,,,,,
2004-08-01,0.19819676209882342,1.4253828062738005,-0.9363696748413641,0.051773828066492555,0.7170754792667378,-1.314819041825932,-0.999314052124356,0.23927463420978512,-2.409275206916195,1.1906453177271903,,,,,,,,,,,,,,,,,0.7385416436907821,2.8297267667824144,4.165659025971302,,,,,
2004-09-01,0.957977044897107,1.2141495203443098,1.8680904975865387,2.7807618431983094,2.907882759412006,2.6703170907489193,4.957008814752584,4.689756104798248,5.521464869425308,2.0717551774759535,,,,,,,,,,,,,,,,,-0.09499668359161939,0.3223533317749272,0.9494636854195049,,,,,
2004-10-01,1.252166244443087,1.5562886757992,1.4155679100525953,1.3463327944746695,0.763439504636998,2.5566181538882793,2.0729900344326424,0.9509458401167015,2.956485662953323,3.5006940742664083,,,,,,,,,,,,,,,,,0.29541308025435864,0.9892959275735747,1.7647186842246754,,5.671688435212396,,,
2004-11-01,4.4346740181434585,4.774034916406511,4.187510104833025,6.027869250576967,6.990938411948511,4.993972345366182,8.775368928551375,9.111509353919732,8.03823666465937,6.081379858312941,,,,,,,,,,,,,,,,,-0.5754746074234873,-1.9779033412498315,-2.395722703732095,,3.954754728570986,,,
2004-12-01,3.066330008652285,3.3971040548419706,3.5110618282820916,3.8898155748430696,3.787740819064056,4.080497130019767,1.8444001876976257,1.5690435655872026,2.1186543974017313,4.806724100519744,,,,,,,,,,,,,,,,,0.23234884669953715,1.167339731510486,2.6587966999798818,,4.755406308499643,,,-2.9255313077842793
2005-01-01,-2.2396444222642753,-1.9908792540902942,-3.13228515408851,-2.3352683489136328,-2.4980324681507904,-2.2544766823290985,-2.243268509271268,-3.2512559657505546,-0.7282610632480258,-1.9033373200885606,,,,,,,,,,,,,,,,,-0.03686555890330956,0.8710968538470532,3.5686228389979924,,-8.558827840706195,,,-3.607301470043256
2005-02-01,2.0796315616011585,3.4290227629195646,1.4058967921429577,3.3119872273272843,3.2404879251064056,3.6309647342303686,2.7914883700718596,2.902298337763254,2.614740916031022,3.785005950879583,,,,,,,,,,,,,,,,,-0.25730498431114635,-1.3683235062293964,-1.4722222642789884,,3.17158753423874,,,3.102789011648288
2005-03-01,-1.8084666898591006,-1.7137284749825787,-1.8998977208385281,-1.1776784928037798,-1.2431928812272508,-1.3924908423799898,-2.543552151970918,-2.359975375382495,-3.305340851113403,-2.623312752112339,,,,,,,,,,,,,,,,,0.016011315324937492,-0.40348143146173854,-0.45456307188543876,,-1.7075208821510257,,,-1.6310569822720389
2005-04-01,-1.7993394786267825,-1.5852451857976013,-2.448393677220295,-3.597484966495923,-3.521184803215771,-4.076808180186031,-5.564964757361923,-5.119897578485199,-5.837650073195666,-1.617686787512873,,,,,,,,,,,,,,,,,0.5206568227145159,2.516369927299511,3.8651523701547674,,5.769981127356227,,,1.237736532167566
2005-05-01,3.1460857188566393,2.4910968009236534,5.3930828187551905,5.719888087202918,5.539767414218311,6.1337220090692535,6.4662047783113685,6.155602097708157,7.056423943768264,-0.8637516218844787,,,,,,,,,,,,,,,,,0.39547153132071244,1.8382690580790673,3.137498593234156,,3.5212562918426116,,,-3.921561725675826
2005-06-01,0.1252691675772466,1.3745105056984785,-0.2924510329117114,2.468399065327165,3.469755054854584,2.0007195739039974,3.5458516741389,3.915557672496872,2.845319313208017,1.4327329003516631,,,,,,,,,,,,,,,,,0.24683038481403408,0.47851394173006323,2.1648055147109213,,4.597397529305014,,,4.297711969393037
2005-07-01,3.8535930346608627,2.5566690349346777,4.370157482652948,5.48904253410909,5.317484105328041,4.637159163567328,6.14320387638243,5.841266446430082,6.422048449992301,2.9967568774514453,,,,,,,,,,,,,,,,,-0.37508655196328844,-2.1869755287087678,-3.3807919393845864,,7.138038362303489,,,-1.4272535715587287
2005-08-01,-0.9701125797465959,-0.6011471953649483,-1.4020167126100769,-0.9687005398824833,-0.810699124504366,-0.7570113694490344,-1.6266831810532234,-1.870264052823456,-1.250017553010685,3.8361972970622826,,,,,,,,,,,,,,,,,0.6590399496565924,2.000415356503793,3.476550451834526,,-4.054716761557575,,,1.354511525428137
2005-09-01,0.8246570433648959,1.726851097631532,0.5068419294917748,0.6263931903481179,0.736276761823329,0.35527102562002977,0.7224071092507334,0.04886147668725638,1.5190867954266718,3.6944257933742897,3.802089955183119,3.216003976856241,,,,,,,,,,,,,,,-0.29921159210182235,-1.7522055369958212,-3.6129463689483776,,1.336721181102063,,,7.603684610685546
2005-10-01,-2.1463169451716,-2.641243722844633,-0.8430556430297997,-3.0632502821104857,-3.699980896615007,-2.3245826415063897,-3.5665026895315144,-3.411591690958271,-3.941848562392969,-3.1841441044324403,-2.7056820095938794,-2.359898377748093,,,,,,,,,,,,,,,-0.08208010695869294,-1.2392349300840766,-2.2408874069932416,,-2.878393466156537,,,-0.6423966427397176
2005-11-01,4.162509928868308,3.5267709216511456,4.154569017039789,5.702375618707745,4.954742519448674,6.629791622862147,5.152609514893625,4.909254103464122,5.223534736682778,2.3110751494717086,2.4971384759729487,1.453950826349426,,,,,,,,,,,,,,,0.3895077422208182,0.6252819932429432,0.6902406992141064,,4.156034933573682,,,5.818958748818792
2005-12-01,-0.1553272740499767,0.6843495269038602,-0.4744609249885179,0.6442667277658964,0.17839339867293802,0.5791012984369681,-1.097978803975419,-1.0541276576720882,-1.0148374325366305,5.182590557085431,4.4161824272896055,5.772490500110816,,,,,,,,,,,,,,,0.34922478306103066,1.3658988345544687,2.981727221396824,,0.024214642571007694,,,5.050923490844328
2006-01-01,2.4704992947049087,3.026060612754078,2.1868898592083186,5.447157818839554,6.000854223728358,5.395371954461048,8.200707188943923,8.750771145848457,6.969973184980471,5.771521912985977,5.894849537613256,5.759708379864725,,,,,,,,,,,,,,,0.1745272187779312,-0.7031893556575852,-1.3384369845023003,,7.538582602649591,,,9.926325610950592
2006-02-01,0.5322689926201329,0.882806112649348,-0.274374791455001,-0.39833990315555345,0.2141734736246237,-1.3676548029505575,-0.4796887367351399,0.27355227098813106,-0.6524325761786187,-0.6999885255052574,0.10060979161043981,-1.4199867546981104,,,,,,,,,,,,,,,0.033736089339786446,-0.10355054290577259,1.1079612370080483,,1.8578927071848605,,,-1.111112979961404
2006-03-01,1.5620091154063154,1.5811092434618201,1.4647384933327956,2.546033636801015,2.799092025619898,2.519816489360771,4.994272107777253,4.856277135171405,5.050304774046377,4.005117414952952,3.31658282298557,4.439917508379554,,,,,,,,,,,,,,,0.17399754492994912,-1.3578354436458717,-4.569922563802676,,4.715107997895407,,2.790878574339506,3.6204722495910113
2006-04-01,1.293083901966341,2.433758301106681,0.0,1.4631912928746216,2.2427996326448874,0.34783761195835705,0.1073424031443615,0.17849423310078993,-0.06942246311655298,4.79053467200552,5.2367188357126615,4.786639280074367,,,,,,,,,,,,,,,0.22081125041544247,-0.6271909312931978,-2.7524189714300706,,-3.4010901907856828,,7.017541920214665,12.030977706278279
2006-05-01,-2.9255401509878043,-2.4085072451668577,-3.4076063683254776,-4.525102702028416,-3.8770784065392916,-4.679344964606669,-4.548254165682519,-4.551056716696056,-4.9440571290397255,-3.821851273107002,-3.8823167301273998,-4.428619123160926,,,,,,,,,,,,,,,0.16703187794491203,-0.10680186106828415,-0.19077867542045546,,-2.6977137458950584,,-0.39030956470196276,-1.3212367941959902
2006-06-01,0.2661305450943008,0.905060602392771,-0.382857589762331,-0.491154876360278,-0.6454403782678475,-0.28378042165304596,-0.19275164139065382,0.042230409443311245,-0.3174349128988174,-0.06114744170223618,0.35259752072280826,0.12960647331017316,,,,,,,,,,,,,,,0.23654903461627352,0.2296649515483251,1.178287499128583,,4.960967565210672,,-0.8620871705198541,-4.6707203143457665
2006-07-01,0.39201507263457724,2.5257805418048562,-2.2276907892767706,-3.0497530646452553,-2.200431138601777,-3.7148182727197,-3.7037529115737544,-3.095699165641097,-3.5563094977104193,0.8105261396598396,1.3256927345107972,0.29129070801938717,,0.41694304372443813,,,,,,,,,,,,,0.6647978860212067,1.6772811445396885,2.163226749810776,,3.891389825931091,,2.2134383367531374,3.1520501708389936
2006-08-01,2.2022550637140093,1.6693681154245743,3.070110271306681,1.2286026175918785,1.728563979153508,0.8122583698531693,1.80609537433849,2.7042865948406547,0.5412789446986199,2.5485635884962665,3.010729649407007,2.6944079156595135,,1.4534120338312917,,,,,,,,,,,,,0.7520167775613151,1.7636036925084309,3.0561851882834334,,3.484330762784782,,-3.3255865015332398,-1.3774523970655372
2006-09-01,2.673412511226081,2.1528087108040106,2.9303116265212648,0.9146805774266964,0.2572121456627219,1.3358796311538468,0.8768710686839043,1.186264085809885,0.5982798633645592,0.22186222830871127,0.7650851883472809,-0.754111204641772,,1.6186115067767348,,,,,,,,,,,,,0.43898699577102906,1.2075639195996857,1.9149092923119948,,1.9658894710654629,,-4.200016745211976,-4.527210873938614
2006-10-01,3.207484455941545,3.139678225878839,3.319341169533674,4.255047992033378,4.351335923309407,3.6079321767255257,5.139518764137341,5.519687325934686,4.276139434590309,3.7491031647291617,4.2521036558782255,3.3401846714740335,,5.291034254950744,,,,,,,,,,,,,0.4173865379300645,0.5383955765781545,0.8466597932917708,,6.027789412511275,,1.0021191197440826,1.2947712156690105
2006-11-01,1.963207473426798,2.070096075828798,2.383032742472335,3.0514819112495317,3.185671750411645,3.4310815734194255,2.622540303644949,2.3777554576069004,3.266182429471187,3.0729729576991716,2.855074379165745,2.757335201294886,,5.320830899457896,,,,,,,,,,,,,0.4835065552383,1.311520774324837,2.3081108632878156,,4.781201125034329,,6.572948139325008,6.889106234313203
2006-12-01,1.3894873412030329,2.507527704585133,0.021894834633506832,-0.7232059496990351,0.01548366026797865,-1.2362470782901425,0.028562536938858685,0.31526214639368,-0.4405409536636373,3.197245199308285,3.9634660241658404,2.74848626246611,,4.357585589176116,,,,,,,,,,,,,0.06577710452178032,-1.2756275973731745,-2.6956379195355207,,-1.8425506607943953,,-2.31994086921139,-1.8325831904969392
2007-01-01,1.429519407307045,0.7767820234646061,2.5751880608567257,3.7295534850317225,3.1423360782661724,3.8640136422027904,2.000277773398018,2.1369465615250993,2.0162915051781027,1.3930192445445577,0.7202384155735375,1.4509635506350094,,2.065151259357134,,,,,,,,,,,,,0.1625811824652823,-0.40033270641223195,-0.9950759963544331,,8.779233226516748,,-2.4003207141009786,2.562890001654794
2007-02-01,-1.8954017836051107,-1.5852020725503402,-1.8534741129314858,0.8778510046822952,1.4315701833342631,0.48313657734782023,-0.638812581200443,-0.9227189636524136,-0.07658031511391661,-0.12121774838905752,0.08246792948443105,-0.11558494565698796,,1.2295212755591312,,,,,,,,,,,,,0.7268930338731439,2.0549923383840207,3.3888593355223096,,-2.6981351820225874,,5.085444441290177,2.5451202827030173
2007-03-01,1.1854130903846238,1.6901540575845697,0.5363014844800063,1.3315320494914795,1.1859478942289226,1.6730378253024814,1.7103384701548263,0.9061058609242334,2.4400590596473037,2.8995212871265608,1.8961608737089408,3.3844359693686155,,4.76636933723702,,,,,,,,,,,,,0.4506981594431414,-0.13821884232166903,-1.7002873771176819,,-2.0749631303246363,,0.6743326841429198,-1.1131249335096238
2007-04-01,4.313623360505003,4.196456781712787,4.3984670758566935,2.813183285387133,2.4063705533745594,3.031030635917187,2.326566843431044,1.838102695687427,2.357757101490665,3.748363676045652,3.9374215616037045,3.67937628462367,,4.681535908171952,,,,,,,,,,,,,0.305647778103757,0.6065375926044947,0.9050197150760164,,-0.1260243102463643,,0.7486330070661573,2.053542010936238
2007-05-01,3.4146103178724685,3.5784800187196986,3.508163311788759,5.00116947455107,4.512505349664275,5.583748374214514,4.374770327311395,4.633857657651719,4.621609499372359,2.3623216244653245,2.0628040905353418,2.5772294884408353,,2.2009876154744257,,,,,,,,0.3730922401844472,,,,,-0.0674340502837878,-1.3934798097774759,-2.3138131264692774,,-0.3785069518127293,,-0.23464841082621035,-2.3103227112383773
2007-06-01,-1.5457607808197715,-2.0893839410737636,-1.0092673374179961,-2.0190879932940775,-2.765254227076819,-1.4292241522039562,-1.609898579699165,-2.24553354801712,-1.0467013536186842,-0.32087504546087775,-0.4195356070552436,-0.15785441659833532,,-1.9204546845220327,,,,,,,,-3.1524360099800863,,,,,0.47506319236181316,-0.46769811209812495,-1.0134276676322163,,-9.0077680587328,,0.7448086361199424,-1.937754431980876
2007-07-01,-3.1891657284644825,-4.715561935804002,-2.149175699338579,-4.917111593631985,-5.195738702055119,-4.115847489660974,-5.063325520819006,-6.259436259941675,-4.277498602632379,-2.290492176893655,-2.7060999581145273,-1.4229287152997538,,-0.8811021586406342,,,,,,,,-3.8801251991938734,,,,,0.9041144757056419,2.256868659539313,3.3189224607104606,,-8.259330231467088,,1.9066095664281857,2.3650293322754035
2007-08-01,1.3107559991182072,1.4598743448935192,1.9341283562682943,1.4371029592338491,0.9986840580060274,1.2611870376933565,1.866623531487388,1.3300726703303178,3.0578548720082033,-0.6335183235433361,-1.075818709389087,0.13368558144752907,,-3.3441303495390873,,-0.5085653731077944,,,,,,5.19400778833583,,,,,1.0489039033965364,2.2630136256095668,1.7877673439063546,,6.744512584819806,,-1.909127811672895,1.1095846137414656
2007-09-01,4.093529553220532,3.5520027220570682,4.495369928112303,2.655566342825,1.7561271141322665,3.408066820190414,1.6189741981410766,0.31590665011764774,2.70711912201711,5.317500661638297,3.567611604956844,5.9796955396079765,,2.014564970222965,,7.094640761997906,,,,,,2.922340104957266,,,,,0.5518775459921521,0.08833654724804685,0.22817202393121683,,3.917268754113268,,9.419996868173408,10.50812664749683
2007-10-01,1.4120144771343268,0.15381964374256984,2.961616161616165,2.483560531696516,1.7130428545428789,3.638144321381276,1.7203953900359892,1.0603301016314015,2.4364547830164174,4.249955790312221,4.5460175725203555,4.67256304063508,,6.310877605104581,,10.061106965027754,,,,,,0.47889830603016215,,,,,0.47797896800270134,1.0770034676443663,1.8160481524933658,,2.0990833213860194,,8.502308103278388,6.95143580717299
2007-11-01,-4.112689148547566,-5.040511660244507,-3.2210062338329015,-4.824621100188553,-5.438554409124652,-4.353378921576723,-7.117655878098217,-7.147524148646811,-7.428524609453091,-3.6237394204455153,-4.740292694613723,-2.382418950338805,,-6.326623592437097,,-7.372072507406302,,,,,,-1.124350045202438,,,,,1.7928130851134316,4.0476581296023495,5.351376531997865,,-9.470942616011191,,-0.6229454753122865,-1.6535271004099905
2007-12-01,-0.8259452801651967,-1.5617641708319363,0.06386562792346506,-0.9396369969916663,-1.1252824432686936,-0.45301193400615336,-1.054759510406167,-0.718319338515494,-0.6219007115004116,-2.9812648927949104,-3.206424344170067,-3.291196684509512,,-5.519810659383695,,-0.2736492021730652,,,,,,-0.08242578856841876,,,,,0.2996332629697118,0.05047451438164874,-0.627640553738773,,-5.4129953309678065,,6.70423507746587,6.647697115798756
2008-01-01,-6.269601385200474,-4.729661317150368,-8.01800682403685,-5.709918445802664,-4.839192233069822,-6.743734595810402,-5.398349173157612,-4.000026433540271,-6.3325097646990125,-7.847154373675669,-8.172350059977429,-7.45079058030319,-10.435473447806054,-5.556404610894205,,-4.586784137468336,,,,,,-1.8269085519931672,0.9472289345607399,,,,1.6546559070881761,3.35580198644001,2.095802740297392,,-0.7809876716670772,,2.9150785267018087,10.841623260567879
2008-02-01,-2.7555632389748452,-3.9051432771674333,-1.1465685210213739,-1.8104645380403794,-3.275633852232962,-0.38500392412005313,-2.3736108401049227,-3.3630758652043347,-2.0582473519998867,-1.022903606003367,-2.2097789786340805,0.3197762206263999,-0.3722979137344984,0.032925112351822605,,5.442950514417855,,,,,,-1.869338932338338,-0.4065959799219643,,,,1.0333171158109389,1.2393377990069565,-0.45536633964213813,,-3.1813808410716904,,11.145328725338288,5.229757876911489
2008-03-01,-0.6315123458299099,-0.44804140099522494,-0.9567701554098362,-0.9254802167170895,-0.014389950548276964,-1.4418320412452057,-0.07962730383394012,0.8253789183717775,0.10964374432840263,0.41897034677376155,1.4394410513703715,0.18019598414160676,1.9125073902718004,1.136774026838272,,-1.865055576896102,,,,,,0.9461142703754089,0.09311326149206156,,,,0.2534917221247657,1.3373339059762346,2.13888738492356,,6.485239195695458,,-0.9141178297317532,-5.999164716945737
2008-04-01,4.824865826950986,4.277654907956641,6.0407241574183645,7.486433633769929,6.66849265593803,8.060330123060044,4.421806204493661,2.6436631778319786,4.925553296446306,5.438106563379508,5.584327727031813,4.620922821444751,1.9197561597259272,2.2642126650783467,,6.62312232297082,,,,,,3.3969612118418757,1.161629056221658,,,,-0.8375116708636554,-2.4173716820684255,-2.4862171512336273,,6.379289316794257,,6.038579919368314,-4.15883418198143
2008-05-01,1.2841940885873981,-0.5746506835002996,3.499401386047074,5.361439176551741,4.505822949768512,5.846959241948113,4.154682193079595,3.9154861780609007,4.393748683582088,1.1871632574200763,-0.07221338868745875,2.644813046310679,2.1163788354749524,1.5132031460270978,,1.9625670063976974,,,,,,-0.5085064975830278,0.10460475320219764,,,,-0.3461502885533929,-1.7774712368463397,-2.688310694195317,,-0.21090476981369122,,6.907450371907475,0.9232491728512704
2008-06-01,-8.388382963089247,-9.52746904805748,-6.706488601833794,-7.050031587456496,-8.596958718891068,-4.947304271149799,-7.456899364578318,-8.417144626505667,-5.770551594944539,-8.786787867410217,-9.748427959210403,-7.861455727958133,-7.748862731744522,-11.313353126943404,,-8.193554648645208,,,,,,-3.6746702575987,-1.9811298322790938,,,,0.24555265769314882,1.145874454748741,2.6536167048269554,,-10.615399256795733,,10.431552585853488,4.51687217321981
2008-07-01,-0.7421881252056117,-0.17875494338155384,-1.6388115026402028,-1.654812609261913,-0.5673912390321334,-3.4459329593803045,1.8946022180071909,2.8733121796467476,0.36082828168086944,-3.3202209574824226,-2.9716007993005777,-3.3418164419403595,-6.615145719527538,-3.733178435951834,,1.673405397208172,,,,,,0.59018589605766,0.7878250074441873,,,,0.43416370760545053,0.7205632327960343,-0.3674154854400702,,3.1153617554870117,,-9.781132735149434,-1.4442009549096912
2008-08-01,1.4876051839095572,1.6293580913739003,1.2023381938654154,1.4458341661187424,2.0651814921992973,1.3222686242399861,4.289661442219694,4.761888574622608,3.6892435349108466,-4.247642728917567,-3.502513940220664,-4.9516765492201635,-3.6027308574590355,-2.297382853735064,,-5.769915188041286,,,,,,-0.8977004012480583,0.7152571284106068,,,,0.4664805727907728,1.5266769889026088,2.7393574243070207,,2.3737936803934323,,-6.534658014453132,-9.291743535130026
2008-09-01,-8.881593679077648,-6.852185355580764,-11.158890203653149,-10.779019194867656,-8.014336650620614,-13.326274339469869,-6.655614030007861,-4.813889223203138,-7.312425586181814,-11.436209368496918,-11.555344836791438,-12.76201124314812,-14.696976553416052,-13.807421952969479,,-12.567814739304561,,,,,,-10.655891284222662,-7.144919214671841,,,,0.7779118149339626,-0.14030011928305441,1.4759161851457092,,-0.12369582040697713,,-10.248960104638005,4.112104574714248
2008-10-01,-16.632383868319355,-16.23427281814196,-17.81269548699047,-21.296294237390413,-22.21251684943798,-21.485747483006655,-19.761358654655037,-19.861639837462874,-21.462304640122998,-20.834809994203173,-19.825529759791884,-19.151967237561962,-23.771471952450163,-23.723236625259926,,-20.757746299647696,,,,,,-11.4501051562941,-19.393693218906293,,,,1.1046368321760092,-0.8628775941446731,-1.860693789893142,,-31.726992618345662,,-25.081131645896082,-16.13965370422935
2008-11-01,-7.464831074498102,-6.649956953607972,-8.669317283265265,-9.622531880287122,-8.982045002546313,-9.614384279215471,-11.853418506959457,-11.797437305201875,-10.843829653781123,-6.372018398567336,-6.800192135089311,-8.719395306511279,-7.378627664546267,-7.66810633479138,,-6.5777905493461075,,,,,,-7.095640948780712,9.568559387490527,,,,1.1053204768227465,7.753760531610832,14.34134067668682,,-22.717399047352217,,-12.367076174970892,12.573593609702648
2008-12-01,0.9794205504983333,1.4943315332021534,1.25122973219165,4.402188592843825,4.623906484547735,4.551735320361883,5.097279894945483,6.580465870993435,4.054897328999685,8.868434306520223,8.719285368275042,9.864342108336267,8.707616172795142,10.788866476850934,,6.879738511923583,,,,,,16.766111381467084,17.703681516629,,,,0.5630254467235973,5.1561692723595565,13.652482421589962,,16.710915447493015,,-3.2621744602575276,7.732535516442862
2009-01-01,-8.127553163678735,-11.103004262851046,-4.884824091460194,-6.750441803190421,-7.836086035964773,-5.716840574913807,-11.689784323266705,-13.944890423909772,-10.390514552972752,-13.731614947589676,-15.314424953806027,-12.453258701793747,-11.551929719385367,-10.867011838591301,,-9.250086546406566,,,,,,-1.0130197857704082,-6.9631059649301825,,,,-0.43696707474474294,-3.887088822201412,-13.07083598656239,,-17.53085421194295,,-4.436069228227934,5.536293459751551
2009-02-01,-10.557994560667582,-13.555620491589748,-7.477350196588361,-9.390685182301173,-11.04881945757925,-7.899786966125699,-11.82072676752053,-13.025783659995515,-10.869020918414396,-10.387603422848436,-11.502614380169774,-9.82658701887117,-9.278818632209196,-10.659540967271875,,-5.689152171454492,,,,,,-9.715835896836388,-5.605985215718457,,,,-0.14502793882513743,-0.7349336228533732,-1.5319451886249502,,-20.5256028461842,,-5.629617102212292,1.4456244990885825
2009-03-01,8.02886307737516,8.214550057237169,7.869270473526657,8.456941098986892,7.665679457560093,9.271208939577358,6.643967628497305,7.601247347257334,6.729913291796796,8.391000250952786,8.983216917254389,7.915251830142145,9.694615114083849,9.940166028710284,,12.371047117073374,,,,,,1.9074882826983108,5.108633443647292,,,,0.49943732426327436,3.313646451390273,4.0473313796141275,,3.6413959532507034,,4.65724761323365,-2.536973490015282
2009-04-01,10.135635675786126,11.015977756405393,9.957207736771046,14.752440083728956,15.705851952376658,14.117194192209315,18.081873780132707,18.889799224931725,16.90806792362767,11.51904050486452,16.66666857876249,7.541315350311373,13.787030136096835,11.489916489491048,,17.44560847452896,,,,,,13.845971105739775,7.727421907134335,,,,-0.1651905407864751,-2.7451781091364813,-6.951986567664592,,30.683677429309284,,-0.09999936830630274,-3.3340741880035663
2009-05-01,5.83876732336408,7.102933414410528,4.625078671787608,3.2586895741975264,1.961543729235582,3.6179026055353614,1.8617960046818371,0.6701164578410967,2.297822791949855,13.19177292325433,13.095285273275259,13.448646070032888,15.922314487042023,13.486220949784112,,9.866468330239986,,,,,,2.8555220872160003,2.8997987346318865,,,,0.056074715858933644,-2.07730240557078,-3.694946439718627,,2.61584363494467,,16.266259388488802,10.232612179073875
2009-06-01,0.03776125204610903,-1.0762748392379784,1.2319906584747908,0.5417180488859197,0.8202186887882323,0.5444887842544599,1.7776440088680623,1.518599952713795,2.247175168817428,-1.4049088222084505,-1.3784097226799186,-0.5405221244234149,1.7367856686091754,0.6308543051652071,,-1.9595430205507691,,,,,,3.3516303310266338,0.9594334546973782,,,,-0.09436027711727801,-0.5571402564936045,0.7510157409878593,,-3.197030787720334,,-2.6259031722788206,-5.218291894299409
2009-07-01,7.384955406666482,7.964601178411024,7.126373816430109,8.375113414631441,9.307255934504678,7.937816103046513,9.74565632136526,11.00251118071316,8.9300497756446,10.041468722699243,10.054536399169379,8.833072815253917,8.402781571856677,8.460288546277695,,10.97130818750449,,,,,,6.919055328865853,3.111940566775795,,,,0.11011263073303912,0.8316945894226713,0.5760891813889835,,10.77067773771796,,1.8567520737047705,2.3799058583926502
2009-08-01,3.6603265995682976,5.222458492063398,1.9806182632847502,4.374905825887976,5.495061618238983,3.3575977463960127,2.3790264693110075,3.4825893727856716,1.4059260598314305,4.503089619961775,6.744249985900552,2.267768394473446,6.398018074388334,6.897400981263524,,2.268953644672833,,,,,,-1.6968793016558181,2.435711178962463,,,,0.4092139814463991,0.7633921547890887,2.2309162690629103,,14.3232119558514,,-4.036457517343372,0.053565133985156166
2009-09-01,3.6265769005694226,3.222517325100127,4.331284868270147,5.779810670185848,5.302881515776137,6.124158728186457,5.096179200499895,4.201168386998844,5.653297347204456,3.7964964730378803,3.330631567729503,3.7735436457529747,4.914713976240548,5.358103273018089,,8.845501401815902,,,,,,5.799006496179104,5.212607708517347,,,,0.23624683387160061,1.1243721054545075,2.4580151059025113,,6.592800572923441,,-0.22614569995119682,5.83511441028417
2009-10-01,-1.9243530643604068,-2.6475905745253714,-1.3189472039879968,-4.539543280028502,-5.70111758293751,-3.3898860974444833,-5.578872999954632,-6.074108519426769,-4.71698198954138,-2.5237689653679007,-3.6335049193029767,-0.9371927221982879,-2.507584579805966,-1.8792197239287822,,-4.574240883291003,,,,,,-0.5429035936157289,-0.5323163746383863,,,,0.13586287855305024,-0.13784691095659607,-2.61605186498044,,-4.463296960932239,,6.93564308035175,3.722812708124823
2009-11-01,6.088326835416735,6.063344872121901,5.963419894914379,4.178053979371699,4.664855395901379,3.6350704920244503,2.610260278955767,2.9016085562816984,2.0966586194274495,3.9211785774159624,3.7097066672052925,3.8410699464301867,0.9610345631729578,2.0519794884504616,,6.140961547381996,,,,,,1.684496034118177,0.795407734903919,,,,0.5964149187233092,2.017141290907265,1.2129544225048194,,6.565686563290263,,4.5358153249503985,12.78650225927709
2009-12-01,1.9086363847679477,1.2189221737000766,3.318654016603806,6.0844842477987715,6.787121275474184,5.530117277417168,8.238052433245002,8.099088262975629,8.818920015998955,0.7096320661940103,-0.42588315541751687,1.1549887004862036,1.5565203516444193,0.5536145438343576,,3.8165127475570992,,-0.25293731470356073,-0.8450132859585735,-1.6889090862543976,,3.6847095847701183,0.23728686934116894,,,,-0.840734720179015,-4.402904654710915,-6.345685639753718,,7.386767727392529,,-0.16219582907236463,-7.203391451937646
2010-01-01,-3.7116661275770846,-2.4502504030475603,-4.598534920048913,-3.2315757463475148,-2.57807944041315,-3.873407283049213,-3.1432553590965973,-2.535130470678726,-4.060221634522998,-5.065126704439327,-4.986087902386737,-4.590005441567646,-2.1502347021477797,-1.6972108769029437,,-3.1382347621949247,,1.0182503239788643,1.704911861375047,0.6945924910794821,,-1.8328979472463702,-0.5403653117182827,,,,0.795604188784127,2.370243926900706,2.6922011751906005,,-5.520785649733629,,-7.83916443726842,-1.2580360682460823
2010-02-01,3.14879120860303,2.6191379139516524,3.8719516754835093,5.2090403793894735,4.903471762818179,5.421698547430087,4.113203165646295,4.762751009599975,3.684773822923648,0.2667920484557884,-0.2300100249159609,0.8937183731257736,-0.5993299976730149,0.5224964475701421,,1.5784395561081022,,0.364861928310245,0.45384798884891,1.1540753779725854,,1.873430565703793,1.3289944564773615,,,,0.16046180752993244,0.3318558435234875,-0.3424591548140232,,5.583152125900281,,4.142797854635671,3.2748218673886553
2010-03-01,6.112144712565959,6.15138615015125,5.924610694665655,7.021047571925232,6.222501887627119,7.844500326017556,7.964482782614524,7.796937078073318,7.952363547739161,6.385401046299255,6.13999071032878,6.747049721638954,7.378718172574694,6.931521286484843,,7.4936720575173865,,0.35626221198923336,0.6016214635979233,0.06272667876079385,,2.1334552459213008,2.6093364699625754,,,,-0.26920132391818896,-1.056820396199798,-2.0573359407720093,,10.186740102246116,,-0.46551176315133835,-0.43863963775470083
2010-04-01,1.6192022840756604,1.7832597241858261,1.512115058665131,4.383750610789772,4.8647137813387475,3.913236115216945,5.819993264345369,6.627140810994447,5.109391110243711,-2.8045671248793647,-2.902259874588342,-2.507050758067686,0.6149519809757198,1.2096481265249093,,0.17173374725205637,,0.5669752318816501,1.6103671636049421,3.111330541008961,,1.9245332083996924,0.5097019595903918,,,,0.3001467337648389,1.6527796107959958,3.3217661262599174,,7.150182232757607,,3.911559046804003,5.883436293398447
2010-05-01,-8.00068392514185,-7.767169522898576,-8.26388631090973,-7.084618538400389,-7.5401152315699544,-6.771770665776455,-7.153065668261327,-8.540510759615994,-5.870463094340916,-11.192808719138203,-11.651081987836553,-10.974253448071913,-12.463456458995548,-12.769955147529966,,-11.219050295794652,,-0.13100901443671154,-0.2577376621458405,-1.6108881749035353,,-4.675582374960263,-1.819294187139353,,,,0.45284985570541725,2.9331708688040914,5.108473734779317,,-5.3346000455607445,,-10.147309661557568,3.0513146883171416
2010-06-01,-5.262826132249954,-5.168584236232665,-5.7029674143144415,-6.582366227147951,-6.938026624593707,-6.314174447894549,-7.097059299329633,-8.275261958305736,-5.91184557661959,-2.0619211598153497,-3.0290295563440983,-0.9302672728706218,-0.4533892218756441,-0.5334278616775379,,-0.6450730609748878,,0.7106630756377408,2.2921218646692276,4.441932483019184,,1.1111306927327202,2.3943604094101456,,,,0.4190664894584195,3.048246690943146,5.797742231379588,,-5.2122923322357355,,-1.7759504737600684,2.3553189068376224
2010-07-01,6.988224792352882,6.630855183846651,7.483485020819036,6.735066905750919,6.84761227150974,6.815864261897264,6.446250396393949,6.712133274709697,5.971172476194009,11.610408589029175,12.636401448531021,10.235099725644115,10.393573872110306,8.803349842604113,,12.988162758069045,,1.4890197960748086,2.4856481306464673,2.434215838506981,,5.153292206521676,4.0528190925543495,,,,0.19385122348385408,0.9096145241400455,-0.9463952977579404,,9.593489689097968,,6.119614323328548,-5.087115734616699
2010-08-01,-4.4267938215971085,-4.243708665604428,-4.724519659807791,-4.887354717445014,-5.343037234504311,-4.396041519324823,-7.60020667580128,-7.911538890708636,-7.159412481677075,-3.795030565785751,-3.811382441609079,-3.415742934869137,-4.512522056195767,-3.177887882267838,,-0.7184669091727658,,0.4402865009548451,1.9346666272301638,4.6773612834321465,,-0.989584853877512,2.588313159112321,,-0.11621465587217106,,0.23887683618766253,3.3560727657295786,8.391001792468966,,-1.2757622245562095,,-3.0144028379106125,5.706125282865315
2010-09-01,8.82390371469748,7.5727737757508296,10.774014424583921,11.270094450829294,10.178709634793993,12.335093054301694,11.256854698474239,10.941550288494861,11.718658297128037,9.971952066352952,8.932181516224746,10.765925232873652,11.960326389425212,11.081607693305262,,10.21450450682757,,0.8662876973991374,1.088759328482647,-1.7750153571208238,,3.658000232433656,1.6102778750926028,,5.289793776773077,,0.11868020762189069,-0.0030534146566729703,-2.5203982589441454,1.0047446739036348,4.470717874027885,,8.60358408908426,4.775558440048822
2010-10-01,3.843126450389689,2.7309606813370246,5.18464449722853,3.409062722260825,2.9109868601822964,3.8614008550267753,4.247805585335862,4.037354444354757,4.706272150071489,3.8055303303400123,4.23347794050446,3.7220202239776734,4.507549142902412,4.323108753524507,,3.10699748249057,,0.4546395823401328,0.7558672066994676,-0.4209643515052375,,1.8371334907536951,1.9437694793200455,,1.5585023776683027,,0.21944629504144775,-0.0071834322373343085,-4.469269684766209,2.1654243975173237,4.742679718033371,,4.43799766890518,3.6822698148927913
2010-11-01,-0.06732330456444835,-0.6195903496407418,0.9858235451376762,3.0310551534423524,1.407503777971475,4.57082048612889,3.814899286537843,2.473710518366401,4.617010213314265,-4.82371301449267,-6.6640118748300115,-3.3503740097833856,-3.4405490526043803,-4.790776570755362,,-2.4909005496516867,,-0.5369892543000465,-1.3825686442151541,-1.911286925818989,,-1.274726435067386,-4.4251656975544895,,-4.107112451924411,,-0.20494278320488668,-0.8980704288366725,-1.6892515926284157,-1.7179529734347887,-1.8515127899472295,,-0.4368474268452771,2.111297809416768
2010-12-01,6.780582902502252,7.9725626666322436,5.536999431999101,6.660420880198714,7.605911548407707,5.545030348978619,7.580153057866235,8.965300823891443,6.551203129606531,8.308077104175048,8.72373378567335,8.232439652946377,11.42830180032044,10.714161715498417,,7.3042374395536624,,-0.4404741050768157,-1.6502767104736638,-0.4240757372306003,,2.7928807264449684,0.3732325210198617,,2.7281483055423106,,-0.16368691819802494,-3.4309287473819228,-3.6991356965492384,-1.528063782338962,4.55072256966893,7.585293592675391,9.892292789966618,2.4368653791006833
2011-01-01,2.297005923780304,2.8501848897835025,1.8723777386613794,1.8083375581026573,2.5924768003039222,1.2510080272081892,0.116826056474717,-0.2365223092487101,0.1790457604128326,2.095507108429384,4.116582750021669,0.08188135728011137,0.6870541861352608,0.7340136434418554,,-3.7360025041100697,,0.5736247363905767,0.8800629107108549,-0.8849730397931133,,1.6502887649940234,-1.0365333828525225,,-1.8003998100469931,,0.13095419514024265,-0.02137198992968603,-3.081164750133991,0.0,3.250861455063392,-1.027669443257495,3.5571792557478554,-6.379762129208244
2011-02-01,3.461085381375262,4.02917243802936,2.7649369390053025,4.55971793593295,4.170783657320309,5.049986230271841,4.434757835508818,4.210869218769631,4.5792180041733355,3.549775074099726,3.7457394754435214,3.1899151405878845,2.282345813693687,2.1860343396824744,,1.0616860972122222,,0.1738525373261357,0.5538156579406595,1.7534162283955546,,1.435450786237702,-0.06164631041679636,,1.14290859217403,,-0.1213435757161041,-0.20831238155067933,1.650170292797637,0.7804809153004522,4.7052874528163535,1.1381643065542457,4.171041237298456,5.998312803425154
2011-03-01,-0.0025643138948816535,-0.03281230530672863,0.26818660879575074,2.485175056554878,1.8413105692387743,3.123034037635919,2.939246334286305,2.2080270239626554,4.029140297549483,-2.3882738512835067,-3.3369621765040436,-1.331661122026595,-0.29906627045720446,-0.20541823031099415,,5.552669980101732,,-0.145780927796757,-0.10414062145724934,-0.6307083277847014,,0.042476409898539735,1.5523667217487214,,2.448941515777636,,-0.13001728199163454,-0.1545730368528342,0.029330451087439258,1.0327623498971095,-1.6106562176293027,-0.11847572872279999,2.658152485680887,1.598138086384293
2011-04-01,2.9546992933968452,2.9619709356515367,3.094818397223942,2.715036798152992,1.9257690647118908,3.2895786403925875,2.623772933445223,1.0626829175937713,3.9863540344872828,5.625814742780122,6.017747483197633,6.587417063919743,5.883675980568115,4.9198590422771415,,5.7273836244850385,,1.1764969766236977,2.082851450155676,2.7158689669610547,,1.597467041246503,1.706623123553297,,4.274045352931544,,0.534163711154334,1.8412021346035479,2.339150812502133,2.498942745750443,5.746521984295039,4.467291637654669,4.555880057179862,8.94465497800807
2011-05-01,-1.1902881903362528,-1.3698770964320262,-0.724098271684881,-1.3019009980183682,-1.6275845280849577,-0.9124748242329894,-0.8610727693226683,-1.7655099041557154,0.14596928221994876,-2.2061013483554714,-3.6299066670789304,-2.230926420115653,-2.440578049738429,-2.7667689487575253,,-3.002655127431153,,0.6702013915081073,1.3026120534634922,2.741195078389058,,0.13333798958059528,1.4477997738861825,,-1.0363691112822093,,0.36398608990630965,2.5055972654774328,3.422777387311049,0.32867711855286696,1.3747192708782885,-0.4162721437155126,-5.17242684019148,-1.7916885312225905
2011-06-01,-1.6772488063213409,-2.121730859656168,-1.3959477646788399,-2.1233089438422392,-2.452200889370859,-1.6314566102015093,-1.8374361360960267,-1.5951072007231004,-2.180845769650208,-1.2107581845293591,-1.039409996570262,-1.5068810765883955,-1.257733306642972,-1.4778282128346976,,-1.2051946720514572,,-0.09023147489455319,-0.7577346491016157,-2.1192303255721634,,-0.5706107231428281,0.6221266094107003,,0.3434444470009179,,-0.0046893540788572885,-0.504351306208628,-2.323103602723875,0.7353669798580764,-3.299261370342388,-1.2920249626093172,-4.264462356272891,-2.4325042799353547
2011-07-01,-1.9710133813310993,-3.4968644295606643,-0.7265222212794908,-3.633553027180103,-4.000022931151781,-3.064435812771482,-3.164164975426731,-2.7736115289623164,-3.4950321974915433,-2.37779035520862,-3.32379312480382,-1.569936233332847,-1.6960784099104065,-1.7614269858726384,,-1.8202780069638824,,0.7115621557124419,2.5819781596095215,3.928683878870376,,0.35483261596052085,1.9730497385695767,,1.4630625580126289,,0.28608666831142493,3.16948617432129,4.414649574379204,3.8569595388264766,1.564058343579111,0.1732359423876506,4.558013804278382,8.417803620638908
2011-08-01,-5.52346545754665,-5.897591439971217,-5.6679894166224205,-6.999510533022146,-7.465222571066432,-6.843315625771885,-7.788750146533374,-7.976782595654197,-7.668545590614684,-8.754905267397206,-9.306449996824362,-8.393731772930224,-8.230351729468088,-5.340130106154484,,-4.192422420189946,,-0.09222822534155073,0.6959465002945864,1.2370277995567447,,-2.7281024419143485,0.5153709967902431,,0.5032170861318574,,0.34467179090400535,4.651409597889078,9.667500248505046,0.8894275646914362,-5.619273309067074,-7.013864029062189,-0.39629870864288375,12.274943937515781
2011-09-01,-6.784465503647907,-6.849491170040944,-7.375698603417624,-10.60120463739107,-11.077768453933922,-10.171741213091822,-10.302755922632123,-10.56071342998658,-9.854407239141949,-10.808276181855447,-9.607850313682775,-12.346112818342892,-11.229674408152535,-9.641875021562052,,-15.856195071095025,-18.746242157859804,-0.9689073269034898,-1.341841257250198,3.395706720576519,,-5.301514250297279,-4.789902702497906,,-11.018626921827613,,-0.10155489755866443,2.2370018614454645,13.206081039690854,-0.04044030120025077,-10.841932734606907,-15.271735449311564,-14.622017542127374,-11.062347246832637
2011-10-01,10.651738053489467,10.265689755075979,11.601740162853137,13.668458186730682,14.179658371288383,13.345945022529037,14.912871192725262,15.340485594941633,14.582691202546583,9.627440434683155,9.255279520424754,10.393246112506937,7.441341831693493,5.785099818939576,,11.151051684480784,9.943613468289335,0.7901105304625178,1.9492303852525428,3.3842407774690164,,8.491752715036615,5.153843774294398,,5.794413422285372,,0.03425412708708553,-1.2864805229013565,-3.8292370918423635,1.84334000698807,14.291344919914462,10.95125383674076,7.650485698883247,5.87118747477946
2011-11-01,-0.31793729561258033,-0.5589560093959611,-0.20824561048373713,-0.23689548124009585,0.49091597547950006,-1.1293640955509,0.6243526891418272,0.6298584295687304,0.5957580842629095,-2.1764020440504184,-2.0295734173013447,-1.7811648876343011,-2.557274534970022,-1.7578027671857122,,-0.45608048506764476,-4.96770862054986,-0.8462361611971336,-1.6644451931377424,-3.281848439324564,,-2.42695463973307,-1.2868447681131934,,-3.5649413186333745,-2.1197922841058703,0.045010730598726845,0.5798236085220898,1.9891003154385745,0.5610046884485742,-3.801194877067815,-3.077614619734703,-0.2885984799991692,1.6672693952307194
2011-12-01,1.0675664301718735,2.536361304067958,-0.500953499229595,-0.5267979368187126,0.8842088507327484,-1.7108211156934838,1.261055909079234,2.0200094057963636,0.46648653488055025,-2.1749516886715003,-2.179345587960013,-2.813410188560539,-3.31484316269981,-2.761314739113152,,-1.6561669656948719,-2.3161157596367055,1.085499770989462,2.5549931016338068,4.319702875028297,,4.552114693174558,1.9121098799992353,,-0.6164283259105785,0.3300505924134445,0.052094832636195854,1.9876262004370204,3.444890654634869,0.2486837971905631,4.850374551326686,-4.66957433957872,-2.894354139454025,-10.662433944055593
2012-01-01,4.612535920572869,3.467341473953156,6.282425209541365,6.608813508324007,6.330610231798017,6.857114937216391,6.588639852303602,7.89850343842462,5.304188244136121,5.269578552357723,4.894600960304141,6.094988814390079,8.832015497652668,8.003663406289707,,8.172434303965304,11.043712469921818,1.2664189772431778,2.5896190144741427,1.6551118814024157,,1.4648747206144286,1.13897647870278,,7.017472213591591,3.2135679721501997,0.08283345557860144,0.8620267851976671,-0.32994736511235967,2.139546330054176,6.379299765835822,9.484052211909134,3.6885139454337024,11.395480912860867
2012-02-01,4.211915712846559,3.8851154200060023,4.783647702102645,4.528963481617843,3.948544132738352,5.014217329083981,2.170314850486066,1.7138533286486624,2.563053222655598,4.833120934553126,5.06807905967086,5.20113966310809,5.260352755517572,3.938196536273164,,5.192898790825473,7.169385829698927,0.8934308987348372,0.6631081435946706,1.2746619347662858,,2.1022996092249446,2.4708919860546796,,2.601441595446241,1.6037376224004474,-0.14078240657298124,-1.0998809857079572,-2.5969303047714276,-0.4752683541696223,-1.1507221181533023,6.912020997986401,5.353937879933102,-2.9649780549572347
2012-03-01,3.2964041383877873,2.843249338247733,3.468580999321902,1.8935901129391697,2.073378386858171,1.6467438502939968,2.8972219507234387,2.896756609015183,2.98426112595902,0.4207791242383241,-0.12748076918486229,1.016378483789504,0.7785280503552316,1.4569299465845953,,-0.9041981786835129,-4.91535782744168,-0.08470971147991335,-0.7223450528420883,-3.733260622756074,,-0.9531165930769858,-0.12140110211456001,,-1.6356076166416766,-0.42361259849593713,-0.07697031508512309,-1.591215803451007,-4.2360362646567395,-1.043550271933602,5.200181351239785,-1.3224213117520867,-1.7735300651245622,-1.3208340481005276
2012-04-01,-0.6585957195856862,-0.9188783411778534,-0.29591110050584124,-0.36276977262066357,-0.42150919463819214,-0.14229895530301073,-1.362853212313242,-1.909107031619306,-0.8476076121479825,-2.076874973908338,-3.297846786666958,-1.1766643961537593,-0.772513813623299,-1.8566979228614056,,-1.57954044114349,-2.3165890529668665,0.41019680320009133,1.4675015031014649,2.2378626216779107,,1.1367134932885659,1.7868164164239086,,0.8974464853345854,0.028959170693720893,0.20165620411718432,2.509155603761304,4.834246108163742,1.977762284696838,2.859356065447094,1.871904982626349,-1.354162097122913,-0.14803247076433657
2012-05-01,-6.009409093324658,-5.914218531700877,-6.288849370657035,-6.402994512784577,-6.619644916258638,-6.180997132214894,-6.257417280493371,-7.175264702977035,-5.34862692243151,-11.144157075914107,-11.661186974014859,-10.905967599370637,-11.451545983460477,-10.014420946433022,,-9.153453332466388,-8.959152176187835,-0.148827911261451,0.4044316824971528,2.9496606436954176,,-3.2208525169377333,-2.7706819486167156,,-7.844250630453631,-5.943930349443605,0.056846257357112684,2.8695105174849633,9.025337398257061,1.8026719894528087,-4.505906308133511,-7.454580527659649,-11.158047940364712,-6.338034010471139
2012-06-01,4.207741025605016,4.774544590094787,2.8845327351814998,2.0943848741402205,3.2089969797411744,0.6954961246627089,4.237897032520599,4.548941391020711,4.4074731245510534,7.043269076197944,8.935787652066441,5.497079130373583,4.1458999355165504,3.5873184627609023,,1.9810812769301966,4.432427963862073,0.44112262649704803,0.7335300032926595,0.979310599899974,,4.656777077065355,4.0647749634156405,,5.729058637226414,3.265591658297029,-0.09701644098243367,-0.4141779063761786,-1.6781626022268958,-0.5890173583522507,5.517115589785804,7.852015720432548,2.0206029836338013,2.354575543588089
2012-07-01,1.2431475236758915,1.1798231258746572,1.2204197569432695,-0.22299835178113403,-0.24503284335208875,0.10391742314457275,-0.7779835348027841,-0.686086438541833,-1.4368670153625196,0.08007887746326325,-0.37680617013390316,0.42941391699979903,-1.1897984782942683,-0.7854724607231578,,-0.15439298886024133,-1.009378757785051,0.9111067274177875,2.3655949125673814,5.4213041874465295,,1.0223155546147167,3.7427822756030293,,2.4935861435829265,3.6444303214721474,0.22041148502238705,1.4010682727985113,3.817237836448939,1.8463415378161319,2.00214164896797,2.9288791649398016,5.82524127239763,0.8376847936764742
2012-08-01,2.477371686033858,1.4841183417079629,3.399193486584018,3.4908220864799278,2.812561183448592,4.189880092152576,3.8927163576297996,4.0774238645715055,3.757674863099858,3.199991873857333,4.255308010446113,2.5283375089712345,4.0044814355645775,4.320300104823027,,1.5658132274981362,2.4899452271730738,0.6462666377048842,0.5844688316132274,-0.1686770714269925,,1.244532800351772,1.233725092188176,,0.05770261161972545,0.04476727561602001,0.007139312342774318,-0.11729534814852727,-1.3188867750428268,-0.41205252714607843,-0.014991527243635172,3.1504083438782526,5.651390496180109,4.939609851235338
2012-09-01,2.331644209149042,2.8963608880844482,2.056855882443376,1.79966035531669,2.0150521685791123,1.6206760323003833,2.3034267625161364,3.131479145629612,1.479969207232168,2.7131883956658553,2.970510961071593,2.4116239767164593,4.200343194360845,3.590958163085012,,3.6162538715932557,6.15451765557411,0.473313678238263,0.7537020331214839,-0.008347972912670087,,0.5206203027862566,1.7853594504360304,,2.2950564265651563,2.0416160025524377,0.016488838268746697,-0.3482213411307722,-2.5327816380320223,0.6205616471188113,-1.8632184641905192,2.7891779778797643,-0.38208642429906625,4.6705627280061
2012-10-01,-2.0221715898476766,-0.3916890264877848,-3.135361422474081,-0.7499492588229462,-0.494092064180196,-1.16111757148335,-2.2706468436869964,-1.9620500989491307,-2.224668995211776,1.094335188786566,1.5195127346141701,0.33641351043554035,0.7751645263323503,1.5661813951378667,,-1.3042577515383735,-1.5257098285883064,0.46063378226182117,1.2775127942885156,1.312488912508858,,0.8440558306288315,0.6205733139681202,,1.214589074445005,1.0400331211906755,-0.06852569646281781,-0.3959784039529124,-0.48398727849332523,0.685324226523254,-0.90810690805323,2.8387729448088095,-3.905159414088033,-2.9437416816341377
2012-11-01,0.8694050133881914,-0.7351625460892519,2.0248684426451558,2.225900509823564,1.8323851736460783,2.620614363725049,1.3011015405079318,1.652700480078706,0.4771188557077588,2.780885974723857,1.9739566514883622,3.5115331360940694,1.4615317912685333,2.167104905815531,1.5965084400143548,0.5474646065438904,3.0544506232697666,-0.002471558741479196,0.14560524414313214,-0.7405430846724292,,0.4968113013131825,0.8963933247404965,,0.678990713838834,0.2844302765115714,0.023628714728185507,0.9791332755149318,1.1591504018808152,0.35730533908437945,-0.2640321852956484,2.6281257085015497,1.9593654150151796,-0.46754107219081353
2012-12-01,0.9440753308772143,2.114777418438152,0.07159578823603407,2.159427750535392,3.0546975399067255,1.1894645910694779,3.1412988810637144,3.5510350371110055,3.020823189276589,4.381145614615178,4.715993183861733,3.182049943181675,4.833494015403539,6.973955849644975,6.782668232818523,7.769691704527548,5.056614106585311,0.17363808315289386,-0.15847056627357192,-0.58777818206176,,1.401360304877719,0.7143557258934008,,2.9648406012392714,2.23343481091669,0.024925548957144272,-0.9404096763620418,-2.4876439738813483,-0.685837413452961,3.7227446628971927,5.803123697539925,-1.1387908413087233,-2.426979045607558
2013-01-01,5.113860983924279,6.360534690377251,4.397295190340644,7.276312551858322,7.442686310344548,7.044842988179045,5.81307281206096,5.351625968685503,6.104186535791811,3.728468174605637,4.810819713318182,3.181187741454594,4.249524336691546,4.239408090150132,-0.22990336384269838,-0.2098570761699614,3.763224475238136,-0.027174583515110484,-0.6832289213534071,-2.271523688629129,,0.3427409427667838,-2.8503751572630076,,0.291412689736803,0.11135421486934138,0.011864747713041801,-1.2931391856558672,-3.185345952313734,-0.7547454805364451,3.738571414263414,1.617280677076649,2.483805865126132,-0.5061148639644464
2013-02-01,1.3558567247035525,1.3111749527110472,0.8343347651485367,0.8524317824138095,1.5734010078209737,0.22858810610082436,1.4157709704868182,1.6307041952678736,1.199978028530313,-1.2885553165828734,-2.667693746556832,0.4196885403191519,1.3195673165187882,0.6440229388204655,-1.5361106343734998,-2.400523864569626,0.8760939348597674,0.3253835732621946,0.8020617408809105,1.7338742059618495,,0.932756351419961,0.2642365755085363,,-0.32071401617536077,-0.4725893419247673,0.060326824358925,1.132493790920619,1.2387063287020217,0.10369365919777884,1.215943394963892,-0.08939647978731813,-4.706726337717271,-5.0868468383873715
2013-03-01,3.677295065814401,4.044443252788654,3.7509579779152924,4.9024804624010265,5.265296917715823,4.5541262821959805,4.151091664200179,4.107910087553157,4.245525066789435,1.3053758059315967,0.24182980339086946,1.752129499532873,2.232537194630635,1.7943737993105335,-1.0140341239130768,-0.912796206637323,-0.12114186393541448,0.2067955928391596,0.3813445127563986,-1.0950882416666974,,0.8723453403025161,-0.9364915580345801,,-0.781536868825905,-0.22502615903793322,0.033179378623593436,0.2868128157230698,-0.41953595165344915,0.18993596494998322,2.872126011112286,2.7027133078387555,0.6634763763875062,0.9477104236877087
2013-04-01,1.9636267903686555,2.212670753616175,1.6126566990651403,0.599623349734979,-0.019789660608759974,1.178416502234203,-0.16084275071843734,0.12234301054869778,-0.5644929310056335,5.0186521295563224,6.272609873834778,4.060050602708776,3.571431473092601,4.187005590139492,1.3987377415530133,1.6527350005994368,1.294189653670741,0.44196071364404066,1.8162935536400804,4.499868224330861,,2.1180060732788997,3.5668010917215165,,2.7535082209891426,2.535100256605194,0.06870271292178654,1.5253095519121684,4.685040407378072,0.9133142624105473,6.734751565217301,6.8664980940627895,-3.808121661103092,-7.56231330952718
2013-05-01,2.3994910692065163,2.5828966069929127,1.73947280383564,2.220129273654625,2.2007785922507628,2.2059416398032994,4.325819882077342,4.28699995556221,4.46660771113554,-3.0190465218092544,-3.348478674155808,-2.73267519837167,-3.997363283064981,-3.758897378580095,-4.37147208197235,-4.9312383223614304,-2.5953070523777266,-0.6306374722879093,-3.0536188345374193,-5.80517126225627,,-2.581171956782191,-4.925239909963908,,-6.052930778079368,-6.300639859264601,-0.1337141529141772,-3.10504998040233,-6.76098840356646,-4.199509064713014,-5.97768911760671,-9.980414477850152,-1.5607186756795288,-6.198785346133606
2013-06-01,-1.5851846317812002,-1.0277189815307564,-2.14623447140988,-2.009826782994528,-1.3621480050834855,-2.445455297069332,-0.10761903046396792,-0.14024808389676569,-0.49984568837375676,-2.6779498680455482,-3.120226290986061,-2.2457223412036487,-2.7385598550215606,-3.48826794523881,-5.552996286537725,-7.384455662384437,-8.67536033845332,-0.9142542371426865,-3.008189625908675,-4.421454286771409,,-1.6886771068467366,-4.440769618571716,,-5.998130492615661,-2.1681134355643894,-0.09840302107373411,-2.546141629158505,-3.271226555883955,-3.8420011271423693,-1.981916148371421,-3.076391143963164,-2.8228965767291725,-11.058839427335087
2013-07-01,5.389139592549386,5.3838435574819155,5.579027533549397,6.510812443053227,6.457961167724213,6.178701255440311,6.854144877713919,6.560390227289292,7.382550992635761,5.3228717750809285,5.890858130481069,4.53441717640497,7.0100129378479314,5.723586751258969,1.0421196039317682,1.9036029983491076,1.9878098912218478,0.7232443606969063,1.1156704606158696,0.983436878189492,,2.854104123699397,0.15581882582096362,,1.2003282630786538,-0.33478666929113166,0.16251929846473612,-0.3527251180106328,-2.2580372197957943,0.7991375994997885,0.9022224188397487,1.1990013464179716,3.1834441727050855,7.4301053049881105
2013-08-01,-3.037470323772784,-3.6772131169406697,-1.8543092449578968,-3.966851890773182,-3.9606506662309693,-3.7283647023056976,-2.331611454025062,-3.414683801819951,-1.4807810847120573,-1.9552647370134846,-1.85435553130755,-1.6266511477728285,-0.6684700279756095,0.4888740266354663,-2.49249349424705,-1.746199419068184,-3.189351630176218,-0.3207173929925866,-1.2273752946663774,-1.460576544598713,,-1.2721488652657875,-2.4309178230704664,,-3.954330327307043,-3.559985889738526,-0.09709545652918372,-1.4225519040087509,-1.3403951107874623,-1.8103308070933744,-6.980050615976319,-2.8137883973676447,2.8152761237091095,5.2047484216675155
2013-09-01,3.2391325215953115,2.2864731149509376,4.822395128012991,5.462059538271635,4.7388896801308755,5.880837054113752,6.151900997931659,6.5957720924780805,5.911456740572318,7.824902495231267,8.21399818822075,7.2913524194663015,8.815615352561013,8.865018932533708,7.205794214485262,8.391871429082421,5.742388251937558,0.6820454802948239,1.4339726009015008,0.5718817342770466,,0.7813520201145563,3.1514374468200934,,4.32313292669233,5.131236068934952,0.22303487486039497,1.8462261832465687,0.6517851771485672,1.7523311670390118,3.48181882454508,8.206312763190837,-3.3758397457112843,-4.783837969835158
2013-10-01,4.6122015678921935,4.5851330343504415,4.25481746434011,3.5443761095047766,4.212198397043254,3.141419190160777,3.577131460298455,3.482675542783076,3.5806621652149984,3.260207976380425,3.9882233010802404,2.6126494161391234,2.9890694005568985,3.478116338142434,4.0904593270677525,3.3082067578374064,5.603648352626678,0.7688589394204692,1.2498865798389547,2.5024381080378966,,2.5182134516736454,2.5349939557942625,,2.3310165870160438,1.0766458212498886,0.06865085942364679,0.7777953603695043,1.4304147229891928,0.5202054736908712,4.520687804580392,1.99224640461384,-0.038824009965854334,-0.3432632525768975
2013-11-01,2.982636057956767,3.178535518679282,2.380655183440883,1.470364649393785,0.9683031268935327,1.5960279984038817,4.479049063620799,4.25412952308124,4.9180292667933445,0.5464423323151113,0.4418847430271322,0.5578756574476484,0.30025504264201697,-0.4342398426910643,-0.5726757658318871,-3.1086015234186637,-1.2702224668256323,0.27348055405236327,-0.11403675336603136,-0.9287512272425524,0.477780798794436,0.4732262977988233,-2.0222526133339302,,-3.286058501922895,-1.3551269076887085,0.0935159931821472,-0.8763253246828473,-2.7032507831942554,-1.0523332400406815,-5.250951279608862,-2.679358665590248,-0.9320329963161122,-5.511195422936577
2013-12-01,2.563783321429036,2.0952561500546363,3.4225747818517727,2.967489186165717,2.7301477307714705,3.2953661941669488,1.3745474353216602,1.2975271839614333,0.9836780447100901,2.1761372486807984,1.9687240146606388,2.3636345655892343,3.1064548676133397,2.5523991404199586,-0.12883606222996447,-0.8847624105602803,0.4604533450704329,-0.1389879259372062,-0.4849695828516576,0.8464581240324343,0.8963541354626514,0.40671103896050553,0.2862326717362418,,-0.29675242312469097,-0.9275802916359766,-0.17740928109828413,-2.0906254098751798,-1.869717871585752,-1.713543279777352,0.10187234955052471,-0.35975651148104637,0.5880054077960883,-3.794527189279151
2014-01-01,-3.4904233806858698,-3.691588415003788,-3.0521384724806033,-2.1896933945619868,-1.6690959799389504,-2.583434771672022,-3.7020281058396276,-3.5142559856696343,-3.911982404471759,-5.201175686063508,-4.860126851636515,-5.791868120364629,-2.7657714757121643,-2.285341125291307,-7.9903847214807255,-8.896687838331907,-5.498438856471399,0.46380418517588673,2.031522158910115,3.650967078796641,0.27730659364766375,0.39834095367339284,-0.8134983688248609,,-4.373642427771173,-3.215891613310129,0.20147047573220167,3.0633359734663967,6.302774247316534,2.349812574774468,4.275088900981672,-5.32306864026385,-3.039766510369779,3.4188714238774454
2014-02-01,4.559935904566204,3.969023164153662,5.609167393443326,4.981667473516427,4.418586784471068,5.433691435017818,4.405752305254529,4.62967934405607,4.325713776067941,6.131097860093959,6.17418004264596,5.969725410008198,6.394991131585526,5.4247040209057795,3.3820713308793104,2.193986745682386,4.1084061875459765,0.38099673548308566,1.2393296112228835,1.3808039386058013,0.8263479664902373,2.3084851287701547,3.444686225931548,,2.989711698893771,2.992986625419203,0.03905723393853311,0.35747186731618363,0.5240901696155875,0.4073678905209155,5.06534232854523,3.974406520227536,5.024125581422334,6.27030280482701
2014-03-01,0.8743786867510428,2.6885645755851284,-1.5899633479592667,0.37341950586635697,1.2686002463383916,-0.6650537609881213,0.6668389764797,1.3404631850157722,0.21052648299975107,-0.4592077589709809,-0.3460923131689886,-0.5745315874059909,-1.0238842431416484,0.5384403548782446,3.5880620041599087,3.6837490660021066,3.1356396581103674,-0.30042373842118497,0.004695905536911127,0.8389725207280652,0.2542885804007078,-0.08149009839328869,1.1906022852355536,,2.5149822239652897,2.7077318756505653,-0.10882366744363603,-0.5610881314952021,0.7321971990312814,-0.5163118879588313,0.4968996635517975,0.8204669862011293,-0.038256997054531006,-3.1421423365686874
2014-04-01,0.7441063466606446,0.8577751014308133,0.04278115797522464,-1.5785578244332577,-0.22421348793993934,-2.779197887295226,-2.7328994490586345,-2.2917614248729845,-3.4795857629820515,1.6666816633730264,2.4834719752466983,0.8456378442884827,-0.3448560997344807,-0.7996090808216949,0.9779717060414805,0.9781815878066702,-0.041364568764112875,0.4233129193363494,1.0843851252869685,2.587407438164413,0.2702440309217513,0.42045230708140924,1.058603909749789,,1.3465597937591278,1.6938862493395268,0.10780123184468415,0.7583654324609945,2.0951941468809743,1.3530591755464005,3.285206994320178,2.2563068502557293,1.110240284738917,0.49348807324613997
2014-05-01,2.2844737643466173,1.3835652616503769,3.571443697498511,1.722103603822167,1.6146471328787104,1.8968187910060053,0.15871200680726005,0.6224460400774179,-0.17415161275561308,1.5954472306782597,1.1862396584070511,1.9426938499430335,1.1342127215131503,1.441601860533015,2.804701586993552,1.9576715375238862,2.3587561088472153,0.5220006269490263,1.4243251658167644,1.8616616831580446,0.0611724018034554,1.2062808623577004,3.4673899958368226,,2.1564859246431256,1.5915257858750476,0.17867443015819884,1.8253037270458572,2.949578193199387,1.930935728020966,2.3992226256840388,4.66628532359441,-1.438840009721254,-3.051039187154414
2014-06-01,2.0859998257746204,1.9171803439798296,2.3917454051458176,4.243683309790591,4.327757402831356,3.8853575565831466,4.763677134009692,3.8439303084983667,5.5409584018509594,0.9207523657587702,1.1132630425355172,0.8175996059429647,1.7071522743594914,0.5081137308406092,2.3477622662386954,3.481095235472398,1.1242215193258742,0.0025624916957900368,0.15504133232611128,0.07426009155766522,0.6311285732301108,0.6120333773591113,0.043420387148840334,,1.039573020842255,0.9677461926499653,-0.07917255422840164,-0.21678955336946748,-0.25138403237369156,0.40017845342601444,1.13413731080092,0.9246306080348043,2.1129463237148594,6.319017654797743
2014-07-01,-1.3959586339971186,-1.1982755545135726,-1.5571891789384895,-4.4170729201037044,-4.443738675339636,-4.2462769905937,-5.558026117591652,-5.068021646236486,-5.985602510742782,-2.6034964539315975,-2.356165676115496,-3.078000985515017,-3.3068855923202745,-1.6517631116504283,1.0057776603551227,-0.3665729514279126,0.6632990159016305,-0.16328384711182808,-0.24556063335934297,0.09570022413605273,-1.0951979093382747,-2.431831361313097,-0.25162070464150865,,-0.7442172420514925,-1.243679338702397,-0.07686872148540136,-0.22052347796585048,0.6642050763699503,-0.06664852971357549,0.08016778277395442,1.0335819062287088,-4.740410497367131,-3.631673024297155
2014-08-01,3.9691356055639337,3.438348302172134,4.601488950651311,5.045313947428087,5.310025728542933,4.933221253936559,4.2508777086869065,4.462493407467671,3.962691331505308,0.18021545845987585,-0.34971837387584026,0.6123438464128661,0.19541652469341475,0.07847202451540802,3.3320644455846926,2.0910210525119544,3.1749468347902265,0.30125088594468163,1.4658372898598504,3.256354313197818,1.1312633863979293,2.380264266475507,1.2699581319911557,,0.3640208540438117,1.4669777155282393,0.18586243431639726,1.8803292572731056,4.723786965089061,0.6539580019539804,3.044058852599485,0.2557626407677649,-1.1453280537745192,0.38090706137288155
2014-09-01,-1.3720840537391754,-1.2784608998410385,-1.8328703078438147,-4.509640410669324,-5.427982111647378,-3.8267954325526543,-5.212076234707741,-5.942188425964501,-4.49082620516722,-3.882458377621667,-4.070899268845252,-3.6234848389907426,-5.402778575966149,-6.631358714950297,-7.264629620135565,-7.094742170723977,-4.741639358885418,-0.31947540935294283,-1.326507113015707,-2.964603573706226,-1.6494215686354452,-1.9827493891667936,-2.1588444979269705,,-4.522574970155979,-5.50798433730767,-0.07326145384846106,-1.0495039075064216,-2.112345685968986,-2.608279326926266,-6.040563494132279,-6.580015955720453,-7.231335049120213,-6.17632931388793
2014-10-01,2.385744515364574,1.7980259903877638,2.9998912877381656,3.5395715826537666,4.164256568224989,3.1231249429070296,6.912753066783162,7.130238090828334,6.876357213716622,-0.2651399075544236,-0.7865150069760518,0.39652806788261774,0.08250035856680604,-0.4393525345638083,0.7793597510538541,-0.5651388053489192,-3.0272046648499473,0.4790265837712582,1.1468532694600464,2.2973875069291827,0.8924650813392221,1.060572562679929,1.9740676406895474,,0.9250634582317119,0.30991661221091427,0.260319053763447,1.5363036268685848,2.8185799618592355,0.9330779176626391,9.937364451603848,4.426090955080486,-3.875964322555181,-3.054810644807593
2014-11-01,2.7538146991648693,2.467917120849372,3.058656166840379,1.8929117754453717,1.1969202146634217,2.4714876657721874,-0.18829939506216364,0.4785123176170636,-0.8977604316988241,0.06255171014750704,-0.7559055295604744,0.8777181795035505,-1.3391006918149317,-2.9701153515734657,-1.2889224770168517,-3.767586067107731,-0.5237965988454052,0.21867462227644907,0.7254208509642757,0.6026865124556746,-0.5045152503936001,-1.0811383861935586,-0.4156793858091645,,-1.3590766332996718,-1.3062534755475586,0.10522403849504425,1.288629887962034,2.9673668560439515,0.18298468350426145,2.0002350408876213,-1.1256015416587384,-8.512531887413456,-0.48819726067770297
2014-12-01,-0.2969275029334084,0.35534770725635934,-0.9511910734311568,0.8343615046359387,1.377690522966124,0.08138262850221345,2.8915037864969406,2.5618303883457205,2.978018225642387,-3.9927601126919177,-3.9007588351520406,-3.8930018315652015,-1.0939085949582261,-2.1383442488743354,-4.176776969748763,-6.811781271121998,-3.213658238818473,-0.19261276851413323,-0.25140585534780824,1.7764157316648932,-0.7283363549822619,-0.8031096966099605,-2.717654479642062,,-5.058091401791276,-3.0305883933316347,-0.29268098517549745,0.12942112405820438,3.2514000250980057,-0.8952898460644176,1.9039476997279259,-2.3880611046650513,-9.647408974455718,1.3112132840068735
2015-01-01,-2.900374480023249,-4.095140708651835,-1.5230939007393474,-1.1256695584861087,-2.910162785249082,0.7390051850819868,-3.5858209040920297,-5.316275809093119,-1.797547028781954,0.6245695271728247,-0.03919940561551982,1.2915886634779827,0.27829709295184024,0.3242169514906301,-0.021264917707730646,-1.5891972374157737,1.2444388222444758,0.929360365212184,3.019702981840333,5.637342461735995,0.226519106196732,0.7031808910567205,1.8686204740083534,,0.047200640612632405,-0.9319394578589324,0.627614292919465,4.3023077998730175,9.815716460937551,3.0973838549119392,6.85187473044353,2.6532094873248813,-5.691069635545398,8.689905756357263
2015-02-01,5.64544160788929,5.306651858300837,6.245151387491732,5.084847857718966,5.736888236421311,4.420280271003274,6.010721500310212,5.856539844604325,6.240101350829463,6.337799089495144,6.430088575506954,5.850574630461325,6.959869446762501,7.307000612671644,4.210964726236699,6.194337955576157,3.6655187377913956,-0.20434237633464303,-0.989949717023797,-3.190748128444898,1.8662109219399037,2.231079425176774,0.9596778457567234,,-1.7730461406053721,-0.46031539163300383,-0.2907784662588342,-2.4717251792182204,-6.138318540663623,-1.323325193372793,-3.674167425132424,3.676758010131387,4.425292229674094,-5.90521949481232
2015-03-01,-1.5970663401221774,-1.326836463508685,-3.929605229239763,1.3354746343243962,0.10386462200366875,2.3666033562326216,1.600148706166471,1.020834757083633,2.1540633721315317,-1.4285627213674212,-1.8603849312819443,-0.6944529606570216,-1.2574934034933816,-0.7127674444198262,-1.367342381899883,-3.540635271365189,0.08468077532250984,0.30506163325836333,0.3650878913968869,0.18426179946249288,-0.36565113627249346,-0.9477553994744481,0.023233147268975074,,-2.43425731506437,-2.9355490559601183,0.24920502895593444,0.8560853817581648,1.0921437162324077,-0.4712341933487241,1.731881207311159,-1.1766784441141875,-6.053940555281089,-2.1522037888980217
2015-04-01,0.9719314960534131,1.2783673216396174,2.810390263476914,-1.4212449002513283,-0.30547245204246565,-2.553797686200998,-2.3045256881924048,-1.8249081674312606,-2.888972262262046,3.646570916807512,3.94146752027571,3.3109997240932554,4.285441019877512,5.2987158793402545,7.262597300043372,11.552892581378016,8.10236962544144,0.06744809314205291,0.03657043948244176,-2.0392357794169924,0.7079599137192361,0.8713292083075697,1.2331909213346481,,2.5512931785844906,3.2334455861332323,0.03182843905951138,-0.6329925248445223,-3.4252097833799344,0.6737107233754536,-5.847456147113805,5.082624269156066,7.147063280196342,-0.16716737223684275
2015-05-01,1.3009424367276923,1.1796703980073486,1.478394731557553,1.668670875995737,0.9574778664074524,2.5309494633267704,1.4569891373534594,0.7538229726940404,2.1757963989827545,0.19542924052267097,-0.21665685707082938,0.5387564036610115,1.705776204313758,0.68908093616451,-3.64583852332937,-4.998933122447924,-0.2739515110897983,0.0924853989650698,-0.7493616281516124,-2.855288690010116,0.5097203560336716,0.3554505642218597,-0.3087307558175989,,-2.3627042844945545,-2.534698366682353,0.04122748862753767,-0.4164220873421831,-2.372443423601611,-1.0670987920115116,-0.3023812362124234,-2.333833939779484,-3.171148430550552,0.5552104050766671
2015-06-01,-1.9816600792983419,-2.2288513767112494,-1.6493695908831096,-1.234769530253843,-1.7889784067622427,-0.87451259089254,1.0573005224988163,0.41797467080286754,1.6858009525378748,-3.1181941676438063,-3.2341771606243075,-2.7675563914076773,-1.6403718811230705,-2.689524973033419,-2.9463279231725426,-2.7750555991028825,-4.475662613976306,-0.46524409255177535,-1.2548252024726092,-3.68075522494562,-0.995460751309829,-1.8871563902381094,-1.8142598481858951,,-1.6656930542223947,-1.1267468498162625,0.0318495116666595,-1.630871374031917,-4.071975393336258,-0.8957519204050302,-4.6685923032720344,-3.2977955419469906,1.6375018288201426,-1.5162101232906178
2015-07-01,2.190889082870462,1.0076347592093526,3.2695227563687146,0.020000847429990642,-2.2022245270768237,2.2300768968271933,-0.831352273544006,-2.700392036282573,0.9618228292153086,2.0317867350216012,1.4141193368800042,2.0463650234359587,0.8623837910095578,-0.033168933131411116,-6.557032046021094,-7.920791465588128,-7.471018285540431,0.3750301915341092,0.20216798871313113,2.770103515849942,-0.9866785477525619,-0.4920611234855432,0.14795223398298418,,-2.5706444769545977,-3.0537625123387313,0.04478553608806557,1.5183731462237393,4.5460391231656905,0.4242695532575613,5.770496292780347,-0.6491051361489975,-12.611106491085067,-6.620986259282224
2015-08-01,-6.143742867387836,-5.843224894165,-6.295851103226113,-5.599634763234174,-4.519494549802793,-6.573174604709708,-5.192453607782033,-4.616879235463356,-5.821886879044746,-7.425119597985363,-7.593756939949092,-7.37622804386997,-4.6637937833520215,-5.172428021207464,-9.356228726008265,-8.852245179274277,-10.512188552477298,-0.32526919204813876,-0.9304558772598726,-2.118239914809461,-1.444429422596405,-1.5232943966418167,-1.1267937464139233,,-4.681226715666343,-3.2585639374811515,-0.04949220948786692,0.07911557983164563,-0.6895445907424969,-1.028645399398731,-6.291147035373301,-7.441039029704455,-0.254303882741691,3.707232801234017
2015-09-01,-2.498134766285731,-2.5373335617697057,-2.8613041736734734,-3.162886142341792,-3.776282625023464,-2.709415852949304,-3.5271989391088887,-3.7734126874019225,-3.3167546644903845,-4.418873829213499,-5.607676835069785,-3.3913717053994596,-2.629395833920234,-2.9914243082395653,-1.9660955453493334,-5.512567266954038,-0.3999042433957878,0.6032119218523979,1.7265488377098848,1.4110304021464293,-2.3193213375432675,-2.98984811090669,-1.068406398297339,,-3.1301991617363023,-3.1242392228600924,0.2950181819712183,1.5791721550533877,1.9668933382607445,-0.38979890147226026,3.0597238860726517,0.43052243021861614,-3.441682641622079,-1.8011386601445412
2015-10-01,8.479047054369637,7.648253246774828,8.973979716101432,5.563261392232666,6.06851115875835,5.130816463811838,6.080484030656508,6.565485762763301,5.768741121048548,6.612005269277765,6.243247591827017,7.412611248818912,4.919372320543336,5.383396754350733,6.1419236958145,5.01797247785738,6.624846859824052,0.12826768800666688,0.27818548767504225,0.9580168824876445,2.405367849915807,3.230728309191333,2.426130036332008,,4.0301781673284465,4.03126231553832,-0.14128891711845393,-0.6369311218518359,-0.408824777472494,0.3167975519385191,5.758534115063663,5.061779424950297,0.3300383848505506,2.2833636790845047
2015-11-01,0.39223222242033007,0.5446420013607511,0.14643499120505776,1.3522105449796928,1.4957129220805054,1.2292267749253405,2.697939598253818,2.471572230523811,2.715270293096883,-0.7527532671885329,-1.7080139927257099,-0.029166845556649612,0.6783583538512161,0.3611656162349153,-2.2909774803799743,-4.5221791809583305,-1.765137240826009,-0.17571197828634144,-0.2809392960633095,-0.26109768850490767,-1.8125911153904273,-2.4959754114592947,0.3054040362389765,,-1.6521843599803576,-2.0101730526054795,-0.25827377883090863,-0.4276864279087689,-0.8676101276254067,-0.1300882709652451,-0.6258489633403475,-2.3342489722559367,-6.644739454177162,-6.752062833262484
2015-12-01,-1.7328310725280294,-1.143555351744019,-2.42419840303848,-4.212730291933675,-5.06736136174627,-3.3743354790418234,-4.735604768389412,-5.0820112382515825,-4.380809385951901,-2.3318819730304474,-2.7401962310405925,-1.6231233661384348,-0.1505005015491001,0.19093990399285943,-3.459685150987657,-4.903815351663798,-0.6081454835276001,-0.2349110232055973,-0.6988568202505707,-1.2809639399877115,-1.4961073785783374,-1.992345776434612,-1.5168857307526706,,-2.2575774497648915,-0.3460313294012307,-0.14908377284054142,-0.45304515959063707,-0.297210738655751,-0.9186308069514815,1.831021438697067,-0.7538867278030437,-5.849192584069618,-0.4513334897339294
2016-01-01,-5.003194337627425,-4.759568171242212,-6.006156174173515,-5.591442805643898,-5.580224906895448,-5.784036159279504,-6.157479027251734,-5.852439891696926,-6.435543997660231,-5.51770770317045,-6.74976600186069,-4.736378193884727,-6.246259580004376,-5.5937977990878185,-5.204389828467493,-3.8558379129322917,-6.823179093766996,0.20250748669750074,0.4756492343044316,-0.4039169565240641,-1.100272474935582,-1.6008515273773782,0.03783598443625191,,-0.11761266989828156,-1.438475249418436,0.6519870393148608,3.333700441745613,5.573039950696246,1.5621911045637926,-3.4366299598073913,-4.774953692755357,-4.341315570436777,5.410997351969926
2016-02-01,-0.056514704904586655,0.10305391238050188,-0.400009493550324,1.315296339897909,2.204941093751933,0.573708152739183,1.0935894367427368,2.0819038359880526,0.043013422302573545,-3.3345342611128537,-3.5500243616123472,-3.5803597985401447,-1.7083088510958078,-1.0938808863726335,-0.9640891707610844,1.8737630968410635,-1.049838039195572,0.2290766306055625,1.078560483584412,1.0437763941035794,1.3208762860980716,1.4968774765805382,1.7542878721180433,,1.6929346828176817,0.07547044530133995,0.11191353501818213,1.4859728568077823,3.0860218824660945,1.0749150869813873,-0.36366899335361635,0.9453791202202355,-0.23474031295707132,10.930343875618398
2016-03-01,6.241311040276898,6.698713478107332,7.2028820784074465,8.60277277323176,10.135789582030696,6.87549178803597,8.172149166275556,9.407621307877868,7.124496416739379,6.582136527483984,7.217938652961098,6.7131641857420155,8.190297566672221,8.695201793460283,12.547290713633608,12.391053124193263,9.416416059934573,1.1948785486841418,2.3331287270187184,6.3867453839610455,1.3961128957272528,2.547013806291276,3.3133384837703783,,8.66886826597073,9.253202797215865,0.13783750160740738,-0.06616368218848034,-0.09332291111487923,1.8151614512458059,10.465411670289647,9.09972677060611,4.235294055195871,-0.8428860461434318
2016-04-01,0.3919810513258737,1.5171352076008615,-0.7891219748686451,1.1373547093941339,1.7010289289027147,0.602687412678482,1.1992602549385722,2.126719403762589,0.2979378379229569,2.221834897805941,3.232277054104138,1.154841372434734,1.18476067789135,1.001742836756847,0.6727937809365647,3.445304408126404,0.5575904570120027,0.3755484190512748,0.9838259970373464,2.3221779347822658,1.5767098973911375,3.122610407538473,1.5547066352249006,,2.332983910037356,1.518997329825278,0.03642290536383097,-0.15610381193453815,-0.7365486504266383,0.23412963994671188,-2.3508822337713675,2.093066488821571,9.706536235686336,5.108808370802587
2016-05-01,1.6919116562805092,1.0641097955178758,2.4903080984628234,2.3246213737400323,1.371418620303655,3.33761277122413,1.6063619603220225,0.4406591466468823,2.7855463633687405,-0.08557584510395788,-1.0796806964147643,0.4206018542415313,1.7662301821627757,1.4624183820845627,-3.4128925041462033,-6.466816476785919,-2.338484518273698,-0.06624851259195985,0.050376836832199956,-0.3289455464141944,0.9799414729448674,0.17011179370700624,-0.21576551084009354,,-5.254232031539329,-3.854000472037067,-0.11882083793220977,-0.0992332916957106,0.8053934311029742,-0.7904998277824427,2.248631770010512,-1.702371813346959,0.8916423280013852,-6.138296703293311
2016-06-01,0.2535700215944292,1.1253866710932758,-0.6613962830875009,0.5211176685303576,0.5380504139431252,0.27755935585978,0.7054875143150507,0.8327183456504184,0.5262838756241006,-2.4193957070853145,-4.025157737784523,-0.646359601149693,-4.625297853461086,-5.35887316142849,4.3417544639677175,5.971176899196107,2.952600801870786,1.2322300607915393,2.613240735351252,4.7372090856639515,1.3250454576289261,1.7930367582313922,4.17425694707898,,6.112570868740419,5.847665465486718,0.6024649688178618,3.0876299766575466,6.934199303459487,2.2817459750506863,6.928368530043083,1.581285241381103,4.350785096610954,8.969501879279118
2016-07-01,3.7387138356901106,2.8120719481497636,4.785431416533936,4.143536932759728,3.959388992886992,4.4704632914718045,4.990926370290105,5.0585974470952255,4.8983679279960946,3.9770689897531852,4.122023788770868,3.943741169856829,5.180261124139651,6.326878560061,5.090867483714012,6.606457014550937,4.194938536682846,0.28992988488776295,0.9969811350772906,2.5504949842404256,1.292443609840066,1.31316385988125,1.3688916217950098,,0.6968792226323517,1.0247319727572979,-0.046886112942001734,0.24644624767216072,2.1024443130874593,0.7259149553082489,4.26302730068111,4.032569232988714,-6.970691426080855,1.9846560311608918
2016-08-01,0.1282418737883928,0.6752449194388221,-0.31154565930107125,0.4949240681442868,0.4281952227703778,0.6395962347996775,1.4015653641683556,1.132461313216715,1.5738444451821376,0.5341046442704167,2.0577133012373627,-1.0735310491978844,0.17731541421650565,0.20108978409230094,1.000655878703971,-0.2913124206083362,0.6050981579521331,-0.09532427227699758,-0.19370907190016107,0.15888051505967837,1.3703532863261314,1.9676298871739606,1.3233188490407999,,-0.6044050750203867,-0.1764096793914649,-0.23358769362599174,-1.01138938261075,-1.0133435134128344,-0.4218131725897689,-3.764182653630632,-0.5512203857896525,0.770303316163079,-3.2563165509125747
2016-09-01,0.006648883515514292,-0.46880970113548637,0.6164234180803252,-0.5947203338280249,-0.016160138320897577,-1.4062816455740923,0.6320410526420295,0.8652115531722515,0.4286846685054746,1.336765510586102,1.1615206809238554,1.6500687084366694,3.067828673677808,3.305973609330004,2.702054250598973,1.9270632971167378,2.590753959470682,-0.024723787367642025,0.18673369435626697,-0.4473649026423887,0.8382076229809243,1.0784431616267964,0.4128826585308998,,2.196051158158263,1.3695628861387865,0.12947222011814308,0.23736407044763208,-1.508479041985522,0.7590261610701088,-1.8325557589214392,1.1105006468320022,4.308567954349729,0.6892135107908315
2016-10-01,-1.7788127863222258,-1.0919937045226757,-2.5914871005287554,-2.676000650943322,-2.1127680714687402,-3.3251088747561663,-4.4140329424889995,-3.7416923205613184,-5.199773473525582,-2.2154609676716897,0.12997846397702073,-4.4749840613225285,-2.8811134610786437,-2.0693970076585577,-1.0304280636178276,0.9582251019689236,-2.0067327912923427,-0.11195055527614128,-0.8808253392384224,-2.488049248201607,-0.10409561174387072,-0.9830550104401592,-1.7290891580541312,,-1.252056446809402,-1.8958461456696218,-0.04821795304155163,-1.494660056760655,-4.3806203350667765,-0.6001919552753088,-5.741303946954924,-4.842438144853601,-0.33311664643838057,-2.944919584699579
2016-11-01,3.6688492137808337,5.996569407639951,1.21592073300969,7.9365244232485255,10.000756138787793,5.766051992156096,12.522104592842553,13.342743318295081,11.831636582501194,-1.7813829878642218,-0.5841623357164871,-3.444582456687939,-2.5343915045002774,-1.364425106984779,-4.14269439537569,-2.4519171683493934,-4.693998031844837,-0.9515140044396353,-2.98440903985443,-4.895034718189962,0.3548324364783806,0.018701098976880992,-4.3129800443985395,,-7.320270127033002,-6.397156094893141,-0.4699843780952895,-4.227173522005034,-8.213745283140684,-2.0010304622284925,-1.675620761523311,-3.8915107359949186,1.671119950318678,-8.356570639157301
2016-12-01,2.1433914527133835,2.728452186623298,1.1672571151124078,2.217303990923547,1.8915965360944975,2.3818112091408716,3.385801677124345,3.199309367297065,3.5323143835217286,2.7062429337972205,3.8715551419932437,1.6108315614437263,1.9572034180969755,2.0705739312228744,-0.527041148586227,1.6680532941334647,-1.0186738975697995,0.31354814520530017,0.5913407843229912,2.1434992697657806,1.6927655980532696,1.8388412918267427,1.4869898358750522,,2.5377490596657726,1.6848606288332402,0.07239493669657371,-0.11852734688881927,-0.46262367167461127,-0.011540426539835558,4.817084610794153,-0.28014734922965356,4.142015388894049,-1.9149882681417818
2017-01-01,1.751176743503624,0.4945352260501412,3.52534800230464,1.711590758430881,1.3704121055416074,1.9209632777278163,-0.5817009006144902,-1.2070515386282676,0.1599877588488896,3.29121904872296,2.8571824602510842,3.6740427508975104,3.8322729660551724,4.48181680542834,6.572444585563986,4.90091306144258,5.3165120188725545,0.31498006044223814,0.3616524274310029,0.14549534440031486,0.7816178527954465,0.9128197869420429,1.7329314941462837,,2.159102327031781,2.9871665565709415,0.10647098676623834,0.21940269223923448,0.8142522451477285,0.8752342527605483,-0.1938930992597787,3.3488201248204508,-0.5681782170363192,5.419215772584596
2017-02-01,3.975025244051822,3.584039811230433,4.384329582691016,2.545066585737432,1.888549362234615,3.193323207705201,1.6090967038239423,1.3519278500365495,1.7305357137511912,1.1906537063331335,0.34975003084389833,1.7719101466258547,2.028985033921593,2.296291723710153,2.0335739877714865,1.9657745856824338,4.578511784952721,0.3509530769072011,0.9427749092838722,1.8159626643960314,1.0951825562104611,1.5317300473354,1.6760753523120675,,1.5642406307111223,1.5635643852860648,0.0367323661540242,0.7236219011886424,1.584609558726946,0.3615363578967967,3.508582184907816,2.674210307357505,-0.19048213839619743,3.1847686784806095
2017-03-01,0.11756600071919365,-0.9182666153475738,1.3057159308487387,-0.39923067623223174,-0.6938278832538836,-0.16767167611567713,-0.10226703307398832,-0.6511596747424853,0.32606114540092435,3.2317025375536046,3.137196155392097,3.4077421509690398,2.537888698262414,2.1898479009965888,3.531201960284913,2.2784020731904553,3.6596769010622365,0.12555965262626145,-0.007005499100387613,-0.6520305665912773,0.018848385786718325,-0.14338409195974178,0.5136298252248928,,2.2425588222566795,1.3833135240818972,0.06391438200059607,0.08059049722159983,-0.6551175746742577,0.017988337576713143,-2.4236811524872004,1.2547460904210217,-3.2442758499147684,-0.427746474772539
2017-04-01,0.965128475142385,-0.03145206983973248,2.2768229777173854,0.8001238077915973,-0.14821128726789645,1.5347251738265788,0.9109247598205528,0.5121088379981265,1.2542752842594984,2.4241372676232276,2.166987429955336,2.9932318469400254,4.211281145357715,3.6047029033042355,1.904150454799458,0.7343984686086324,0.9313237377620354,0.4146512928906221,1.1608486238702254,1.1899589196374905,0.7065774216321152,0.8157818360397417,1.7101182715100638,,1.3022528824283564,0.8142570692736495,0.18709281568642933,1.1087499011817492,1.5731628855109037,0.4128445209857112,0.2421621375035654,2.253099268513603,-2.6955928432372267,1.726748147982482
2017-05-01,1.3942192565721268,0.06294411142095946,2.8048019507135313,-0.440334096769035,-1.5246546181767129,0.4901342082427318,-2.0919790446997544,-2.260340198497335,-2.0129413641438387,3.5423031155962903,2.140504288391565,4.82045870577934,3.278997618664148,2.6831768812986434,2.3408614952207696,-0.2186753502062877,-0.8583678926507798,0.4726103183781971,1.048185326212292,2.4698486325438918,0.763594298688397,1.0314031459614403,0.7616914099052963,,1.5709138744693707,0.9823288902878868,0.07334155235523276,0.8267546177156859,1.8879531854493425,0.0935101969380625,-0.7246850855392228,3.635707072676375,-1.418925186293618,-0.12419798017191397
2017-06-01,0.6670556764242441,1.8010779280877687,-0.4244249962711666,1.5833618172019337,2.1872545280090305,1.1684166874580182,2.90693565187079,2.958082227812864,2.9046266427047662,0.2960417291605788,0.7455756755277099,-0.24722338387586085,0.5977599910459652,1.2476260483646362,1.1256184486954313,0.8829340432275012,1.948707935263183,0.04995284548503509,-0.061647492487793,1.150246867125393,0.11505441751926693,0.13247428112683757,-0.7171616660694657,,0.5268429783813255,0.7349700300899098,-0.07805600323668171,-0.5094881252812877,0.7918369192745134,-0.937370352574074,2.232620857090284,0.15572308874762797,-0.9595553341256613,-2.155534773928114
2017-07-01,2.074701217507968,1.5431060809652175,2.5425120742214036,0.8852927987976766,0.9222846046790911,0.7679730929135431,0.9984516297117274,0.7509454586850373,1.282463753498675,2.653366538511648,3.0754445953185883,2.312085114165341,3.405964603958256,3.8256451792749724,5.49562334900382,4.391299104028468,3.5920217248574637,0.43685050244932633,0.9553477580966474,0.7807682560686979,0.7158581452332058,1.019256412531977,1.178903952168664,,2.254614261980814,2.96136739199091,0.18592959752588012,0.37475257770300807,-0.6583080375237027,0.5240363741018106,1.2375128546419756,4.088888583742167,4.0830425840549855,2.313170169958645
2017-08-01,0.2736621255376548,-0.4691931121276638,1.1744576723642597,-1.5271770688947583,-2.067790572929862,-1.0094530403828794,-2.4572602937691257,-2.7188314340991226,-2.38684786666602,-0.044810026951602744,-0.5254288569886967,0.6078985616116306,0.7189389561238713,0.27705987630193274,2.3110496729027874,3.5522232401183906,1.8369493831226213,0.3509179512532379,0.7668990565047329,1.166123765170446,0.05440032672674455,0.06544385263567154,1.9895202001532608,,1.3947450691058627,1.2088520374052614,0.20238120656776992,1.4576012764825785,3.408676062703697,1.040462082410265,-0.26109921106940437,1.2638587470945373,0.3989336568603452,4.198757511241591
2017-09-01,2.0414092669094552,2.9817583343412224,1.0348591974580268,3.895897096625256,4.452345345634456,3.416425947117574,7.793752566564116,8.580531940206715,6.928965084044014,2.3617238506653093,2.9994534274700113,1.6550614641768213,2.9216537533091502,2.8802697598189875,0.018501234912093878,-0.797873305402752,0.08107447001444168,-0.11100120057860874,-0.3680450983766126,0.011672458673128716,0.5423549824265406,0.6007436660790066,-0.18778019928237244,,-0.6467610642262089,-0.6795712659646846,-0.1867395572713093,-1.441605699112103,-2.3228754065548918,-0.7382570301130653,-0.11408377240793577,0.5009646892289998,1.9867574405168842,-3.369891808976022
2017-10-01,2.324747913180758,1.8333071289101444,2.8926630978276524,2.2694255259440244,0.9166743034624725,3.3455165906722595,0.8622801568494376,0.5933203267853848,1.1794051195346489,1.6793190237008648,0.7142571906180395,2.3775747454057417,1.677421825177916,1.3522805044594577,3.2580541878911795,1.2790898460510514,3.300937618743327,0.07758323015580881,0.2017225666745004,0.7085818844597247,0.19314530565635035,0.0848602505431506,0.24316810323670168,,-2.778603111138356,-2.7783698885336605,-0.09130561445229723,-0.18892003623265374,-0.0385521731378069,0.2682216535793369,-1.071072751553026,0.42078452991407556,3.961043308375678,-0.7484813689786707
2017-11-01,3.1219789504484563,3.5218733878143116,2.423316373309281,3.7275868923795974,3.7825089966897263,3.7106326161382652,3.4998599530479346,3.7603323216087947,3.286669973594636,0.6893813929855774,0.7456094475650321,0.8835136034820001,0.9200438644472175,0.3469031290398217,0.12549571289572903,-0.3444698563006332,1.6075478253644748,-0.32177669349621185,-0.2542411570767844,0.16985355712546557,-0.4757563952715982,-0.36778157772598963,-0.2720273774140525,,1.5794441736879383,1.1516499046112294,-0.21607923628552683,-0.2792757482088071,0.7431742461309065,0.11594816891284943,2.664208684056124,1.3912180146542275,0.9369014415955057,0.3563440057186007
2017-12-01,1.2089780982486475,1.651879928411204,0.8743670816491189,0.2593399843138222,0.5504490496537562,-0.16451495227840507,-0.5256636963348216,-0.3724219122286043,-0.7266032753435514,1.3488520324212994,1.077939294363106,1.4824985820738101,2.5893158580784004,2.8624721263592168,3.668501414365699,5.160113221061424,4.441677075274453,-0.004659089698133556,0.45077946211438125,2.203844955908596,0.49454284869983045,0.24575584080361867,1.2450777110177613,,1.977020845784483,1.6234408291039282,-0.02026114362899678,0.1847844064654769,1.812591769239158,0.9662963144277947,-0.14741574223253728,3.1776717898091666,2.784664087055022,2.1057003170010358
2018-01-01,5.690879765542989,4.712198447470972,6.825478932340068,2.7716148699178156,1.2553397768679586,4.313572808769117,2.51273136044583,1.3283829423840654,3.5674513174411393,5.020595818436657,5.705498818490762,4.483521522772782,5.193764392490907,4.335923806222652,7.978918481235242,8.842329837262675,5.968735053295671,-0.34043299334437505,-1.155743545042387,-1.0966413375754103,0.2970388006975355,0.04582725411381716,-0.6373640207614439,,3.7407989828415866,4.419097788899351,-0.2862178179323882,-2.1502386200522583,-3.25553628248324,-0.9020419156689163,-4.254052255843732,5.487581474224612,2.950025052873184,3.234937283169237
2018-02-01,-3.8042951381324075,-4.437242756381876,-2.9218011126930676,-4.399115256280373,-5.0394536983346505,-3.886475197013395,-3.810009159004235,-4.042186733697117,-3.5864420273735265,-4.834757635730447,-5.329000774470538,-4.551929239084506,-3.8172113606965596,-4.068375001879321,-5.712910793855153,-4.051831668239425,-5.703621699198158,-0.5413435483635376,-1.5252109189563545,-3.808409162316706,-0.4016199711677326,-0.8673089576821225,-2.1816354167787266,,-0.7295253958769621,-1.2119988691075,-0.10051555391450417,-0.9327711715142906,-3.041462366440939,-0.9102620438983022,-7.6777642906198595,-7.05106771012185,-2.9239780741059374,-2.0759902030566435
2018-03-01,-2.477626148212164,-2.4617688147134387,-2.4907238762969963,0.9621376254735026,0.8219687354233285,1.0995993720095187,1.984033544536623,1.3627320245591212,2.514972351897171,-0.8395944129786503,-1.2669520750685392,-0.1862923938207972,-0.10728498789329688,-0.36774318221814983,0.8113391708183038,0.9712854505800284,0.5275979012542509,0.14304537502560777,0.2564411097532915,0.9424569753769374,0.25498946177939796,-0.2318847241054356,0.5526090539907269,,1.1717321965999616,1.2670829761775915,0.2471256154984669,1.155706604577511,2.859655005353212,0.8267334806672855,3.8907354106162195,2.828730859054529,2.2891559060374655,0.6320007324218668
2018-04-01,0.3542012612100853,0.4167298702875133,0.2748533284403498,-0.32523318323572914,0.5954767870410826,-1.218338203120406,1.0517931186047713,1.7634506868121624,0.3451174055904671,1.5211911723419957,2.3464737098190636,0.5847867113739191,0.6596145682692178,-0.13084999904372507,-2.6541203724158025,-3.136776115898632,-1.5370135156044462,-0.11120054454872852,-1.0641816398387793,-2.4704865328087244,0.4829997725340984,0.47955489019155806,-2.050814201096185,,-3.525299251397318,-3.2572030936800056,-0.23481315041636863,-1.2765019185561721,-2.088136833060217,-0.007280941962828358,0.8215191488555762,0.5252867113476611,3.41578187380156,-0.9539745360543916
2018-05-01,2.4107316513051202,0.6080607788926828,4.38604288588158,4.1773919402849025,4.233675103806633,4.098853474003539,6.450786596318281,5.8696991700410095,7.108068936058576,-1.894238099474732,-4.119655191943283,0.11134600502700209,-0.9753223515201137,-1.244582260308924,-2.321897627085523,-1.899830213112419,-1.4658114503246167,0.3691918721672849,0.5837109394325468,0.5078093959152818,0.1030415155460096,0.050435250655556096,-0.810198958091124,,-5.3924553059477525,-6.179423152744223,0.3522879921535882,0.9861502021468738,2.0044221178974198,0.2530149236785739,3.6798679686289137,-1.3879839023364093,2.676540179097664,-1.1959209467577336
2018-06-01,0.5874107582215959,0.2047914922316707,1.15283650229141,0.43887320887003867,0.42823090862935675,0.3489603066338498,1.0440734262010976,0.7996691791877897,1.2977292273476104,-1.5841097817276495,-1.4390157584024066,-1.470517516109826,-2.298194039001633,-3.025060329068674,-4.6611488546207,-4.7362396629689885,-6.854557554478957,-0.0204272590658916,-0.17337672253494585,-1.107839220754292,0.3939917786231595,0.09877131950288831,-1.492744530920287,,-3.427120769569758,-2.9540593397949455,0.04322084743404453,0.1974629188664201,0.6458055542140295,0.6378015526184999,4.202208217450143,-2.6070761366126516,-1.9412094637691668,-3.614944763120931
2018-07-01,3.746579975089648,4.651868915473267,2.509844209462253,1.7044639004575757,2.086065137407167,1.379111600619476,3.2350976631210004,2.6153224483250526,3.699221324221469,2.852029916884935,3.0379647339324523,2.373107652646711,1.1794441565152525,1.1257895828961972,3.0279910226652884,5.644973393339248,2.2831975252088466,0.28869284289592123,0.7925366818887225,2.171495717782035,1.1681580709081985,1.6777816091212427,2.5732690090148447,,2.888145853399937,2.5028287326753773,-0.0600591498615799,-0.5278262556101421,-1.4368845465813074,-0.5222304904349495,0.601602123560907,1.583992979548543,-2.432124250115708,-2.2418909632539674
2018-08-01,3.2335265665387247,1.895801355363469,4.6688984972619085,3.154974816154721,2.533075960335851,3.8046462120620017,4.816565316174115,3.1395542102514717,6.69556865953822,-2.2357738002174776,-3.8366968397319012,-0.5578340349522759,-1.1814743802969985,-1.8554182063287628,-3.3086854703517354,-3.378206584487131,-3.0104646950091407,0.5385921719719633,0.5819470992712406,-0.3242505569066245,0.6401120996511356,0.7077680381927909,-2.319143260394463,,-6.73512212830355,-7.083152157529193,0.34675910939048205,1.0140097875448006,1.312051135310277,0.681771446817736,2.5750253635087983,-2.0338801764289816,0.7536184573843085,-2.1381117106768266
2018-09-01,0.5355941930538677,0.6237954129070689,0.47722097730229507,-1.0876129247975763,-0.9584707289132188,-1.243163866449104,-3.082944377204888,-3.0545927209705392,-3.3633594227614694,0.9652522556705234,2.0440393325370065,-0.18703095140347736,-0.7173508898063563,0.21426220829576792,-1.0132137279653342,2.4585751414325285,-3.3783741729891847,-0.0843889674271181,-0.46709352335192467,-0.2753913294786803,0.6326772245846435,0.5245567680246976,2.030987719704913,,2.4014029525547986,2.083335853729751,-0.14300088993661753,-1.2050558621170548,-2.8642994231000363,-0.9617160475287045,-2.6643696355848956,-2.39720303566745,3.394711369150505,-0.6607347245927042
2018-10-01,-6.8219502645349035,-4.978333419476377,-9.066062410887032,-9.558342895344873,-8.88667904330317,-10.238707011869408,-10.53413914365331,-9.938306840793764,-11.118255145638312,-8.1335452547859,-7.068576611171363,-9.291845170874513,-9.682081658440067,-8.729269629990178,-8.729212351989702,-7.625366509054777,-10.139861391141658,-0.07175164633805853,-0.8789298193329187,-3.5837981326661383,-1.3933863860953855,-1.9767669885836447,-2.5148852865698457,,-1.5022394374335835,0.5102073796864337,0.1530531901781096,-0.303050693861473,-2.9306021159203,-1.4795913874946165,-2.9251136433324,-5.768206271292664,-5.620480957759966,2.119545356837582
2018-11-01,1.9211137043793736,3.27090543954891,0.5735752240292546,3.152954896052429,2.938474101934685,3.3717523826924722,1.6015314304314687,0.5720617749027657,2.649053206929386,0.49631160384093764,0.4352319411019545,0.7435178996187286,-0.035554527573156136,0.33882075086950625,4.676250162022155,2.55331527413043,6.4931775507180545,-0.07729603428539011,-0.2126811275682483,-0.8219511190164508,-0.24140283629446868,-0.399164217693615,-0.48853452066061065,,2.7024434063489755,2.007381285714893,0.3810135301520079,1.3301142716756864,1.7872526993327753,0.41512540642560936,4.67309794515236,4.024180139427136,-9.846696411219213,0.3386881324189961
2018-12-01,-8.875358963956437,-9.142910264988458,-8.417432545821645,-11.333596453210859,-11.403222281319714,-11.293008272574944,-12.19566187881782,-12.391136667234214,-12.067897549779882,-5.349752067339231,-5.385486115574345,-5.049014199355428,-6.636323395311372,-6.707549828441373,-2.9418384420040633,-2.3941309327207394,-2.704586683089827,0.8306713378955388,1.5606434387359425,2.827479536028954,-1.871212923866583,-2.0887529679218364,1.9073862819181553,,1.2517085559826446,4.377387881292605,0.759876380469171,2.8042825890472134,5.853491406916689,0.5708993660577422,-7.951886124052643,-2.2843991225217297,-4.001255655799807,4.942010593064916
2019-01-01,7.924950759208427,6.952536839639656,9.201232218413669,10.291468267932169,11.616316102898882,9.182633319774425,10.631857672035494,12.256343889221345,9.05596889219018,6.634917694382003,6.501562365701696,6.167651198690782,8.08568422399234,7.509936218582491,9.607634860911428,10.460784370735855,6.673041941960989,1.3343845706327517,2.7757139046959978,4.026787449251135,4.062854142721628,4.944507013499133,4.7829963036580825,,5.363631014382997,5.478178606337036,0.2511509914347787,0.6525707258263624,0.3786067787411751,1.52112496566017,11.854629906244728,9.463834392338178,7.108359597559644,2.8865979381443196
2019-02-01,3.229613905447626,2.8637034042369613,3.6880537394016644,4.3734791019968355,3.92461823156256,4.559615145046525,4.342106731230544,4.134871086217018,4.529968910983739,2.536662642570575,1.7441803706000902,3.3410558742747787,2.0353643275047295,1.8966926399291317,-1.0836029314370998,-2.051912208363227,-0.04484406495595117,0.25240141834328433,0.1402270443592979,-0.47909072989505974,0.9815937153033971,1.2145818338029413,0.39837432898606195,,-1.31843527786778,-1.3864390094636247,0.08599808804350406,-0.5255183290325816,-1.3764118359777533,-0.166536549950691,0.6953423477062071,-0.7495323091224693,2.8350448706795373,-0.6092201492829408
2019-03-01,1.9158687935556307,0.567221712745325,3.127837788717591,-0.5542178997755554,-1.792755387727829,0.6378199457584222,-3.2641706952727056,-3.9133590522495654,-2.7771287093371178,0.9180183642416573,-0.2448910837043461,2.203757479970636,0.5074299254670178,-0.11144231367909985,1.154163035067235,1.163305632894418,0.9421375620744854,1.1721621063346843,2.4313274424143883,4.514943786654491,0.6724453475318359,1.2908849991853266,1.5060939715138666,,-1.8043858086329245,-2.1647090615070863,0.6268884253182838,2.6551451091292533,5.571655585886925,1.9085073483704917,4.216488903002302,4.618915487855602,-0.37594533170746125,-1.5968995577486211
2019-04-01,3.9991547684854245,3.3633459710528335,4.705304165656843,3.9545579224940397,4.676066659686207,3.249660449801084,3.862618578961463,4.317481094283959,3.395694861731724,2.929405015825348,2.47544275712297,3.499003364665798,3.2555598379509387,2.659172583605063,2.185261210489209,1.5055083998974483,0.24442954993679766,0.23248808484379602,0.4666110299630821,0.17762374440810635,0.7699253873920897,0.9861670073184836,0.17697157610983005,,0.3702290348361226,-0.09124136333175104,0.18345104328534312,-0.5185360226311997,-1.9910940279393108,0.27270595450692436,-0.16109154075324428,-1.79621086859042,1.194976706621076,-0.6638842503124187
2019-05-01,-6.2985821132576785,-6.328082579443429,-6.337774771886484,-7.999393498890872,-9.64637784784701,-6.3654779717653875,-8.685888583973366,-9.979867201003279,-7.495104244287032,-5.032984231980608,-6.208828857579995,-4.204082031675938,-5.665150518491425,-5.3137911008174665,-7.040129845711496,-4.112400092791169,-4.832639251847503,0.730488938196272,1.5356219576988073,2.3813245416383078,-1.4124028485994145,-1.9336021467353692,0.49294205939107716,,-0.3623061356665458,-0.4566333479583573,0.7217582390297572,3.048612654251759,6.839220481009245,1.6457275629459422,0.13831282651570742,-1.777788976698702,-5.966442584219167,1.7574298155486723
2019-06-01,6.945726843529676,7.116290896122823,6.784145491832572,7.7393718724413585,7.886535900367098,7.110766417113057,7.338033069092176,7.658859172719779,7.155564715431262,5.911666881674371,5.333088254017815,6.485806288534035,4.29603933335847,3.4925345306961786,5.771011482862387,5.907714241295237,4.188678837652549,0.9597593738703614,2.335968769690777,4.304877122628392,1.9895592958366848,3.1544795228871214,3.526375772634327,,5.760418797496891,6.055078998688446,0.4609889251089738,1.2170821609411853,0.9501614289761484,0.8380615475175546,1.5542832024702635,3.3984770082139626,3.965630203945736,8.00291491984899
2019-07-01,1.5199066878868184,0.829410187283397,2.295120038333942,1.029515820861926,1.3545001599893691,1.0297427759838218,1.1879999722026469,1.29862880208238,1.0302361927580161,-1.94737312401021,-2.7667870276962714,-1.1390384778417917,-1.498256077959681,-2.7222317099948046,-2.4494699252506913,-2.4853956337577254,-2.6819981974176677,0.12675218933202448,0.269016492468932,0.8606173673395334,0.17205706605265547,0.1567295175378458,0.733752748738814,,0.2027187168823552,0.19462126841855998,-0.06388374681136622,0.03829203175753637,0.25649613827427586,0.3656329429621463,1.7048485378104772,-2.067801755310128,-1.144312791477875,0.0075148392299828615
2019-08-01,-1.6575985786270175,-2.96852323955632,-0.5743677159309568,-4.122050632360286,-5.326995274057955,-3.0227434113663576,-4.582740855942447,-5.1411266090381496,-3.932494853820201,-1.9239737415142177,-3.4660130665732924,-0.5509992854181411,-1.680214434620686,-3.0355708869146625,-3.806269954799113,-4.661301706915388,-4.3538445099533085,1.115938595460353,2.6062791763941995,5.697015986474008,0.2458619805672635,0.6896104338551146,1.5521384641131286,,-4.20706909484585,-5.309729956977227,0.7819013838402444,3.951662417154722,11.049132449974785,2.242752518520419,3.74618467461465,0.20768010513831925,-4.630221221187247,7.91231345612986
2019-09-01,1.945927098450917,3.458226594199143,0.2891522165495042,3.1427597730525614,4.98115254966176,1.2666582244719171,3.361569273646836,5.570495618757976,0.9768588316940718,3.1640519442304615,4.9867133970593835,1.3852052533617654,2.9501518365762314,4.185427011645171,1.5537547261353923,2.206826400936124,1.9612568021383447,-0.04196306578801989,-0.4246080181519618,-1.076893551071123,0.46463363734325913,0.43904227575419785,-1.0968291274115916,,0.674228488350681,0.7750063468387136,-0.13426077759095545,-1.1860838919382277,-2.6799190776574555,-1.0649442475445303,1.9270605131660457,1.926325976790233,1.416046686950545,-3.39478600543478
2019-10-01,2.1606462289344375,1.899289177162089,2.592033430431795,1.0763944170682604,1.350822120689954,0.9470366316252754,2.029820150988515,2.004120539130283,2.1246857097854344,3.389065264555602,3.462104177223191,3.2666797043096274,4.106245820159726,4.549720093430665,4.385958183721961,3.9457848913517557,3.4196174072032237,0.5057948396534728,0.666044202140248,0.2826730950731271,0.0,-0.011511905101879716,0.5754917128653947,,3.428239915929887,3.2119455355904325,0.31293218901740083,0.18787167371827618,-1.113240574952623,-0.05996224202600153,1.1260032175752555,3.9426709717508945,1.9281925133183053,2.563546974700759
2019-11-01,3.6364571597454765,3.437680977635482,3.992020238590177,2.964547347757107,2.7212430230610263,3.172830454686526,3.0093029768310187,2.708868108100315,3.282649547307237,1.1272630517538351,0.4693075453884754,1.8041681429338263,2.400128838314619,2.635179269729093,0.0,0.20957876484974935,-0.2296280895101921,0.01236374672917151,0.041538348301295436,1.0210005959960133,0.08028482559085948,0.5679670389763469,-0.9496707682271954,,-2.3963555259906455,-3.0900722083595733,-0.04720379617897397,-0.6872102531760182,-0.40712260790822796,0.24230216026452922,-1.3043683864834899,-0.7225090114422628,-0.13046747029960004,-3.208588289288572
2019-12-01,2.929458167261645,2.642479479134452,2.9762266552133543,2.8083666825022613,3.078314913989466,2.4579143952039972,3.00546207660779,2.839068818800783,3.032399327700541,2.9954001326347957,3.3002716328507375,2.751750426865973,4.171016200200239,5.26814960751949,7.482085201773381,7.318295732903501,6.191449277914618,0.41596041878080303,0.49133302993997763,0.18125742609436113,1.5713418282158331,1.91133444423357,2.945919314898404,,4.220097660480593,3.6543058376386384,0.15500812586575208,-0.9280189882615031,-3.197473833182729,0.5150290875127528,0.7690178639290224,3.9197009983936937,5.849154053888328,3.655877893383952
2020-01-01,0.0,-2.5031094271610432,3.128915486283246,-2.6042280945871354,-4.141051764107417,-1.2809268356810843,-4.01909540930665,-6.305968027833064,-1.7278971144288446,-2.8225828253583662,-4.245943642687378,-1.295255070767598,-3.805397838710023,-4.626635456408168,-5.896574044665481,-8.12758765181465,-4.90499180127284,0.9132634891029889,2.2007666659981995,3.8378008657644402,-0.1077191391015142,-0.4663014193630688,1.2395737360509473,,-1.264335434081243,-0.7746747807933052,0.5790300158202921,3.4657849596427592,7.691136320044034,2.118995680324254,1.228574761756529,-2.6738992965457453,-8.589329212084685,4.499655849690343
2020-02-01,-8.455007525601232,-9.713328022121804,-6.467247491675221,-9.48317655094929,-10.47291432944043,-8.265977766648847,-9.555135098853572,-10.148662913145245,-8.880821076705558,-7.765268692401673,-8.115462541782946,-7.147032381006735,-8.930060650711336,-9.908564821927236,-3.716158067310793,-5.493454291209787,-5.343834913400791,0.6447821320616942,1.1309973273055496,1.3561653047958755,-1.1040682128233392,-1.2894988804820984,-1.2537973573741978,,-3.00185154399476,-2.3650928243148517,0.8766004585083254,2.9617170536661463,6.62648164785935,0.9337562225897988,-7.02648996505949,-5.8598498058903825,-6.652951838914245,-0.6361728631845698
2020-03-01,-12.129038739775266,-14.82768184136749,-10.594299171584364,-20.24272187880739,-24.36885042849767,-16.985094826145406,-22.54962822248856,-25.75876658447275,-20.129814598077278,-14.10666263516035,-18.75712035516419,-10.271279816565649,-17.833567614895074,-20.818772742232404,-16.916431551913867,-18.755831221852915,-21.25675298956392,-3.4753394256833325,-7.301769907961253,-8.423210831868778,-10.160051401529591,-10.028013484055931,-14.971420642345157,,-11.756473727711702,-11.947320902554548,1.2441200347849124,3.722647742787877,6.376668716155942,-1.4733429721813351,-19.391829881008494,-20.742524163560983,-17.340193461940213,-0.22240316767432322
2020-04-01,12.678010035437781,10.66697397156744,15.08075987975186,14.124816882335157,14.432829766421595,14.025553926864042,12.903228940775824,13.88829874839117,12.360323525317462,5.817414622659012,4.931383356311625,6.9188402429047,9.569475816368422,8.407899249151685,7.882369521999344,7.6899220698402715,8.603487164888723,2.765504371553673,5.199545624643731,5.592698051810352,3.8264574274482044,4.883613202165482,4.392727485273085,,2.4306501568970296,2.483976074339256,0.27261502880180366,0.27525008169446696,1.2189706649719412,2.712551069269087,8.962038761313007,4.055007852753967,-3.1111108946165755,7.261060302877431
2020-05-01,4.815217763933544,2.88151315037104,7.059656099597689,7.27254565815223,5.279076169156216,8.8161383825752,4.40409926959906,2.5478945488344173,5.7714864604493155,5.426900429544168,4.566081557402923,6.365928453231273,8.08224969161422,6.10485303756978,3.16080049902836,3.2536953092496157,4.448886040864086,1.4571775369325302,2.675198341220808,2.0442357599793404,2.1539707368208427,2.946510289876514,6.271435811086956,,6.715142278286312,5.811838171580175,-0.07843199447936655,0.3274768419368135,-1.761899317184501,0.4909699580139648,1.7343570508962847,2.418810124294968,8.073393628277614,2.588161543682088
2020-06-01,1.8986234739160723,-1.0092167509220817,4.9034618542206365,1.3389906592833123,0.9950422738637332,1.3560691338123432,3.614772804514188,3.584288062976637,3.8254350220557676,3.5111936673493105,3.3533553779351744,3.408676987903392,2.031135161159514,1.802705328464116,6.6591396537607705,2.0179443432092325,8.068549713373518,0.9082589331566471,1.9251827511762354,2.525275717560249,0.34624840601094053,-0.5834601232331815,2.976502254362212,,0.14006318033676912,0.4433559665408593,0.023085143789214335,0.04270785386877307,0.33666031118111395,1.1118453114122628,2.4248898813557407,2.033696553143449,4.499159854635315,2.737702630176453
2020-07-01,5.854251944827826,3.735312002480473,7.560962779792391,4.560802981161793,2.738084906092708,6.195902041393508,4.275854793078859,2.5753906742707944,5.583395855997209,1.938547829574122,-0.2001365300121405,3.9826707785710402,2.6855607534591153,2.031263984973175,8.63446401086614,2.3249283615283334,8.580942861576869,0.7175285860661074,1.9831870658223005,5.717895237631021,4.0442941548065825,5.0604922102995165,3.8571402829622015,,3.2262435698466874,3.7763627292804802,0.09358056640857981,0.8541075205470428,4.435158996712163,2.249266466954314,3.6419028023148226,1.5859221761929332,5.11778431719605,10.790463097013703
2020-08-01,7.000765564854317,4.181582254801897,10.093413195045397,3.5712566920306443,3.843923106088032,3.249275335363344,3.875902572679113,5.070069834063817,2.9117895294759943,4.7220119135804595,5.289502592433992,4.246708227296936,7.355605108114416,6.465812553442163,3.0748498388899925,1.0549060178828729,4.5057646948160945,0.17840516627254388,-0.2400753990036586,-3.837542104624181,0.27116768880182107,-0.022344378377536778,0.7254477930737968,,0.23229573998231334,-0.07088945660640444,-0.023048075460296857,-0.9698190368607529,-5.046596744590315,0.9124889077547271,0.44237255541499376,4.852317559800023,4.636789587051449,-0.32356731296194763
2020-09-01,-3.7583296472747607,-2.215622190331956,-4.711904775331566,-3.330989150599062,-4.373794690705923,-2.413916910067304,-4.66052878496428,-5.193738832320205,-4.1504853816934695,-2.046787327567001,-3.9285679983676935,-0.2331112808282798,-0.2030065764757838,-0.35432855665653573,-0.9381018136972452,-3.2101958748123716,-1.151237455615639,-0.11576290566216452,-0.4085635699444534,-0.3180131425933208,-0.47999512367027375,-0.93161234694632,-2.0813263426243456,,-1.705207693421662,-1.0877329428897742,-0.0011892621218034805,0.32775945398026973,0.7733952664334742,-0.31379093785711687,-2.6643308453935144,-2.19315186005119,-3.5450533128001283,-4.17140433776253
2020-10-01,-2.511464157428134,-1.8180065890712749,-3.005144292381279,2.2449168731672797,3.4109515923947287,1.3295500147141537,2.5487836689358057,3.6595293304208187,1.6209610123943063,-3.5506785890976222,-3.742235387801307,-3.983073829896666,-3.4582161658909705,-2.5208676650869233,1.2689486510927717,-1.47558780569097,-0.5709178593158004,0.08590732450728389,-0.1516916764168985,-0.8714624259884118,0.32912144690939726,0.4033745817254797,-0.45602276905498673,,0.03254447904916802,-0.3825059520837004,-0.046239467789721544,-1.3807944922954118,-3.385167117663901,-0.6541793510159155,-3.0015144128350824,-3.3532204628551554,-3.139361968173937,-0.5194208414112778
2020-11-01,10.896788295995051,12.75705427870526,10.3727762285041,14.276635896912326,16.592570770670513,12.328798950310782,18.217125845249548,19.211968816891623,17.289454835173213,14.269451656385645,17.893921295219116,11.413684055721074,12.941197068254894,10.03596548468828,9.631552393925634,13.392845958509136,14.83693777592061,0.6412980976330251,2.0061098966046575,6.107658060397658,3.1113841966444067,3.3512326267210346,4.2199270236738196,,5.687866614872106,4.823622096682323,0.02200670431602436,0.33835886311954777,1.663901565428727,1.0955576992321303,9.674883333078599,12.62240223977702,10.197633273386696,-5.408625961608992
2020-12-01,3.7766400250096366,3.5106054613771365,4.160114626674827,6.461169052837468,6.6055433873957625,6.345200005876039,8.240164097253944,7.496044676089442,8.83304888266434,5.0153955668090555,4.489869543697855,5.3284948841197055,7.069421588124114,6.7287463360953925,7.1034285669581365,5.237547608241355,7.3535348553473545,0.4098098380660442,0.5557135216377906,-0.18916322814446218,1.670052909136066,1.95789671742026,2.1554928242049076,,3.6323276403164018,3.5943155336515042,0.04053670310224522,-0.23846605485332573,-1.2276423062730912,1.2544629910721028,2.7340620676036265,3.6108377959580107,5.4519257387626086,7.013861264675048
2021-01-01,-1.030951452837181,-0.7901463228789374,-1.0144423797826985,1.488093903903076,1.1355934569371895,1.9108202124290319,6.169745935380644,6.2477113485164715,6.218227026762357,-0.7812413241335081,-0.5720475935536928,-1.4072087130665323,-0.3804072137828185,-0.9249631857909724,2.885244328528902,-1.2882765863628798,-0.13253838944703444,-0.16810915614311472,-0.8750478509228388,-2.808977782848676,-0.15400859688012858,-0.37799126265619654,-1.7772593163521977,,-1.8635518959548625,-1.060760842900177,0.023131214354199514,-1.0920961128137119,-3.6327976347296675,0.28993770744956127,0.03533358477083581,-2.301585090099323,3.3333422803019763,-3.223816988295236
2021-02-01,2.7589542224200514,4.999132391720562,0.845373706687913,6.846721654347965,9.578373503267535,4.103261379336298,7.707303528404541,10.799848607819374,4.477259822541568,2.2378596943208207,4.922255788909169,-0.060322531088286,3.098854453373101,3.5121318886666586,1.4099931572786772,4.506284182007736,6.617337880480023,-0.271150421581845,-1.5919126304663633,-3.3547000107928437,0.6242156259694376,-0.2446381648124052,-3.0469978147108057,,-2.475012430389212,-2.389998725472531,-0.05794675239088054,-2.3633246548679154,-5.732969777623486,-1.606167517741952,3.4251329281768994,2.9965878769587118,10.138242197883262,-6.256881416817583
2021-03-01,4.555373694892739,6.666596054689022,1.7952207415228738,4.715780369952682,6.982557545477919,2.4074414724950977,3.5378170667596853,5.616199910562236,1.3315304971268649,2.513168109185937,3.513369751867157,1.0359147491865395,2.3361904121610655,3.7415181869134173,-0.5716122799246048,4.949011783191071,2.2408070593167295,-0.1826943798267311,-1.4689589152804827,-2.4678718380071296,1.2085020660244306,1.2155487294982725,-0.7284890280512268,,-2.917516286364652,-2.562936355516343,-0.05557085634934067,-2.3856970628422847,-5.245240492557645,-0.16323000663889253,5.152029043590978,2.0311078056715948,-0.7172567441892208,-1.1433105943016053
2021-04-01,5.293849998283018,3.4383006941598904,6.913288227820291,4.410641055878095,4.709104371645312,3.9683746528117236,1.8520127536991726,1.6875346012169112,1.8326691980860232,2.9524215383534225,1.8049989831259827,4.081224840137332,3.786183499059126,3.37807743132994,1.7246747014299846,1.7132034803742702,4.383352836711074,0.4199877029094079,1.041399605568194,1.6430246250469738,0.6949393844263962,0.6376154293149083,2.4029557541155766,,2.2470283049172313,1.9023087606504063,0.05684277449298225,1.0012544756112796,2.4951108639393427,1.3821353543244541,7.859789920255333,2.4748871730379207,7.826599455680228,3.5633887903232075
2021-05-01,0.6612982179631244,2.9195502994994182,-1.430083887798661,0.2796542179199113,1.9581886760643874,-1.6077571182133266,2.089739323524431,3.894956536557248,0.007624073814804788,3.48227650266828,3.892838908861118,3.2995427818882206,2.1056681910387454,2.5311265470742583,1.8023473715490512,3.3244752605801953,2.2496293665593026,0.2868074060983883,0.5722940182228964,0.7092559651131758,0.2492135998331646,0.03898495608407604,0.9639677648070721,,2.4429732954738714,1.7515609916611163,0.06023659715379548,0.42487185144819417,0.0021593322554691596,1.0545867523537478,0.8074347717886621,3.0451559685234164,3.8526085129183985,7.678377966625938
2021-06-01,2.2573051374048303,-1.243173295040223,6.021187572857878,-1.1233024995450758,-2.8901055161834277,1.0514460552601967,0.33508725620796653,-0.7147258327203421,1.6657177742497753,-1.0780188009579028,-2.4145645166212426,0.1430665636746653,-1.6801100883068631,-1.0520258441482078,1.2192516577149703,-0.6458816753985297,2.7808191783752267,-0.04831696978995215,1.1221949716002433,4.014095027694342,0.8407274089173633,1.3246682459389314,0.8591803835334755,,-1.134227897249529,-1.1324997845957196,-0.17145664895168444,1.0225555195476632,4.419109704152202,0.637511422488779,2.6375011268922055,-0.8831466330084359,3.4946127896527956,-7.147662098325524
2021-07-01,2.437671286243104,1.011192578628961,3.1832742129545677,0.3646799168180559,-0.2088359295005615,0.8896354722244038,-2.4074882573719925,-4.3630854285631955,-0.263924894729739,0.7733535950027903,-0.2704890970901985,1.771062027859327,1.7260132790315907,1.3792342959684678,-5.642627283255186,-2.451851199036359,-0.7976942997312109,0.3183850338087657,1.2539211412980977,2.197497791630365,-0.06332557372077385,0.10487808167993773,0.5575026700001873,,-0.4639136432421309,-0.45819651340615053,0.1659904676343027,1.9902376206598849,3.716645375044103,2.730274250860898,4.42088479280085,0.06854460252199157,1.298693017210617,2.5297363508325565
2021-08-01,3.022246787712679,2.088546303435157,3.67305203179078,1.987314991291722,2.416276687257324,1.3839727943357305,1.913645669644115,1.824865609351578,2.1772004964223823,1.4466875645381183,0.6586599754824674,1.932603072645711,2.810138823268993,2.403906196846628,1.3921842232893944,2.1544162544786083,-0.2734138127821195,-0.07487403544624849,-0.34510945978732943,-0.41663232290664043,0.4796135905124954,0.6087427608362006,0.8987589413913311,,0.6035455347460417,0.5293419025111712,-0.03245416484276564,-0.3944456980733202,-0.3401617750074193,-0.10862233064091731,2.154493280762093,1.4725952033513012,-1.6410265518399636,-0.07655451490135023
2021-09-01,-4.683699705988209,-3.9423390291224214,-5.324796943213861,-4.014937973284816,-3.77637865565853,-4.1991435023209345,-2.3891734910912676,-1.4539987667125942,-3.5253081502117145,-3.261416202623557,-2.136258782536593,-4.3310260491806085,-4.06135377238801,-3.633466801456664,-3.635512454131462,-2.0057098490377956,-2.241558669361865,-0.22282057502160946,-1.0429309528779518,-2.2470638747293603,-0.03717975449063493,-0.37011917006216644,-2.6379777550301853,,-3.456501936106071,-3.02198222722444,-0.10090077856329538,-1.5970454854793759,-2.9070079504552426,-0.7501894916868812,-5.681462285061389,-3.9882940003787115,5.213765851338259,-3.223525924924131
2021-10-01,7.0029049170070135,5.4443286995598195,8.26411501107236,5.922375980360806,4.38665338936588,7.576684116486643,3.544294302097173,2.8608304990308753,4.206388872021716,3.179087221636401,2.222243923252476,4.207741275913701,2.4727873196851435,1.3335299310158755,1.0848443733707525,-0.8709414436475105,0.808318028426025,-0.512724303930423,-0.3681878176600373,1.7350027338558727,0.06367905936346396,-0.31072549877049216,0.15952138110209013,,-1.3636163486161035,-1.1803655732344986,-0.33551573895012066,-0.44297133405778455,2.464997963681226,1.1158462486432041,7.133028086158721,2.11329812240304,5.797826545533469,1.4797178527087285
2021-11-01,-0.7288697816341339,-3.040491600956652,0.7130641947008298,-3.0181213334318335,-2.407939199643516,-3.6154095733638814,-2.432336695223092,-2.6171121120520002,-2.1621868374872455,-4.534703574959698,-5.867648193532505,-3.2356874101646116,-5.678698500826673,-6.300671991459206,-3.700147119170061,-2.982662191028096,-2.110950293835734,-0.28003268911854784,-0.33831372333135157,0.3621201210316283,-1.0093026104549763,-1.1690484757720276,-1.8825426692331004,,-2.776831639122712,-3.2011421716380606,-0.0570365398308903,1.0921360058433915,2.7714363839463685,0.7881465809639998,-2.109336163242359,-4.0174104047119075,-8.758777782021475,-0.6900653696985448
2021-12-01,4.561830514452447,6.954995987591395,1.5740545242185044,5.116944701963844,5.9341732022807125,4.003889576846298,4.484868102792805,4.113967191015688,4.85684013867731,4.390925773391663,5.424193342832728,3.486749118521515,3.6842848744715884,5.39597177426856,1.816341822319445,5.01453890772785,3.63709865568842,0.11179110280032933,0.31654560317690983,-0.8167668857077981,1.6402024581243513,2.2841213542676098,2.162825462883289,,1.211741322432891,0.595188375537381,-0.21231090692763743,-0.5240433369738118,-2.0137549287520318,0.41251640514998744,9.705610346039627,3.167869606912177,6.673513500253692,3.2990977123064535
2022-01-01,-5.287332893180141,-1.0740361496850426,-9.414152046125157,-7.2559014514649744,-4.0567351006792425,-10.38000548070055,-7.2133249910866,-4.402351466826793,-10.223349838246943,-3.6349788177509335,2.083738486964659,-9.456885983019447,-6.088379263332023,-3.896827077337617,-0.46774697238339824,4.155110427469189,-2.939225939593204,-1.1937133032217995,-2.479514426862317,-5.016972424714905,-1.4348915755350466,-2.6548731086582955,-3.374285744444283,,0.3496430946543949,0.6629240178858131,-0.6897357925287562,-2.1130549774972307,-3.9139130540134404,-2.0034688587103777,-8.421682209901194,-2.020396484384701,7.892184904540622,-1.6787612677039987
2022-02-01,-2.888632542531133,-1.154402316813452,-4.5856363981378045,1.2112401373236548,1.3372196320323715,0.9291781535546662,1.3741007681073558,2.282526032898091,0.44137713045824256,-3.4291660418105607,-2.8965695836074667,-3.895447179645972,-2.9574449174046946,-1.9638307872781091,-3.9442733420984033,-1.8395402650492998,-3.6099287943179625,-0.69956590013035,-1.4554009185263506,-3.1363818551707334,-0.32599655498394275,-0.8590267970354781,-5.530122099705281,,-4.878552456304086,-4.229987209797681,-0.43215008634549523,-0.3040713814691509,-1.6329615675761966,0.8079542962019515,-3.4826712589993147,-2.1377199565495775,6.467457979356417,6.121725723782601
2022-03-01,3.755659938530398,3.2821613485432444,3.801508679266541,1.3084074643734178,2.2703390812139457,0.3889780427011047,0.31551697222647057,0.4975695993680196,0.129065575181464,0.5189734235861554,0.620617078058272,0.3125821063949319,-0.40534934223432906,-0.7492698672848519,-2.935520896671595,-0.3572170092493998,1.1714605915536414,-1.8205256552782045,-3.1201270636914136,-3.289400638648099,-0.4326400765104377,-1.2871410530096217,-1.0966718246712692,,-0.29919412027321624,-2.38032306566055,-1.4017480286333206,-4.060957987051916,-5.444398696580954,-1.8986988473288169,6.263907664251045,0.4252848864318759,9.174683210457268,1.27255799503041
2022-04-01,-8.845241385458602,-4.790900452818303,-12.87550968883494,-7.106661227703759,-6.740220868809255,-7.441438176678139,-7.842017990398431,-6.37757973711115,-9.40848353427831,-6.739125285843118,-5.272585589556,-8.341119752282678,-6.99425991768644,-5.696393720739712,-5.940600364787063,-6.741292336826222,-4.368422219594392,-1.5182032648985877,-4.995380437921981,-9.969694336722101,-2.455173824187651,-4.180289292237815,-6.67200138119286,,-5.547133185296705,-4.714165360514288,-0.4969452111893813,-4.2282609789850545,-9.423889032589095,-2.1807504567788127,-4.087858975298319,-6.3330176775952545,5.640835328023441,-2.0702963524693363
2022-05-01,0.3167543043751886,2.409375105660261,-2.689863175865914,0.7662471063095921,2.063579227509438,-0.7410145915152322,1.870846815576055,2.315855485501195,1.4647661063685424,1.9959136945853384,3.801738488450823,0.3173137114715008,0.4699977200656402,0.463457248595911,0.6124385305273483,2.082787014921794,-2.274807785716959,0.9231496229619607,1.3097907764195282,1.820442125510069,0.9664151839256618,1.6298809827359761,0.8109049093284693,,1.38334591658551,0.4833664409350735,0.5962081696441857,0.618426367756042,-2.253291810389857,-0.9125694059075706,-4.685395169861117,-1.6646045599180037,4.613143793594299,-3.261547766106776
2022-06-01,-8.325082088655044,-7.885916371606216,-8.456099621310143,-9.649665185980593,-9.21767817609438,-10.037868662219863,-8.487064066249307,-8.966179746653346,-8.239232211878223,-8.766631156502724,-9.63987711822416,-8.14066308386291,-10.284165070053064,-7.787176595052603,-5.596906953036562,-9.281566778629635,-9.759620213222785,-1.3250061912157163,-2.7206666069814367,-4.641490350913102,-5.161728668381793,-7.049868507063895,-6.1540747767302335,,-4.157857258696507,-3.310697650016714,-0.5943423874518294,-0.8634548709238299,-1.274581323914592,-3.1165897391138286,-7.448890983088341,-7.481725083106205,-7.50000589863048,-1.5659651077124859
2022-07-01,9.265455612622219,5.0576160209864,13.042299030359338,10.9181000149545,9.151569364879975,12.772622967670632,9.93398653256261,8.525216181203099,11.878071768360975,5.168826687505712,2.142863409730711,8.174924009461115,6.631247823429232,5.190150587912767,0.0,-0.648120139634023,3.2056578949559267,1.639050027765232,3.9182083584732075,5.457793008770628,4.729803029725099,6.698872204583317,3.602894789606026,,-0.07798184946533615,-0.2048683569660703,0.4098914201901449,2.9614755367263657,2.4310388741137334,4.427527490273753,8.615952888561583,3.7271321780799616,-1.9894770482679403,-2.58815174913124
2022-08-01,-4.127637356616976,-2.6777509718138193,-5.0007918730142205,-3.168211603725901,-2.833576585958708,-3.4645992930772307,-4.321300086400859,-4.16063445394067,-4.693196553246537,-6.116864649954801,-4.624425049080649,-7.534157905783589,-5.89245640310242,-5.0806058220771995,-1.2230002813113594,-0.40770534709266837,0.5445592013573197,-1.5699694927032493,-3.7854950756755934,-5.470307752335712,-2.5787136868423377,-4.308811788324363,-2.7077720433520414,,-0.5285184800137288,-0.5864895768908363,-0.8100364185883446,-3.8538836964560175,-4.55309476119008,-2.6705789353145826,-6.012515964959952,-5.5966901163323595,-1.493679447134011,-2.943328245830701
2022-09-01,-9.235122515152161,-7.811704752218618,-10.444226008382119,-9.215318124733162,-9.477439017280142,-8.810917167922938,-9.836615091852396,-10.420023500662069,-9.144026130380745,-9.222041200606224,-8.869424887285149,-9.87455641169861,-10.952906188873913,-10.814913345458631,-11.308282632566913,-7.223761923508376,-9.007000533409359,-2.1523987556894997,-4.712703527448703,-8.489996395881905,-2.098243015283585,-3.740421163207741,-6.5750359352301,,-4.877158058737596,-4.690275886586348,-1.1923827355227345,-4.734945073508645,-8.235119302903326,-6.780879605089208,-12.871303792367595,-11.97231647339293,-7.037331192234497,-2.888181063677542
2022-10-01,8.1249182771721,11.73471617320585,4.108453108670607,10.612976526033346,11.444475156189181,9.40970972238877,12.306442726090472,14.396574705842058,9.894769750678755,5.891809214633548,7.163247495416969,5.0027548234157,4.428049446563831,2.2939329060237545,-1.4658050918515908,-1.198886487862838,0.7054651295535397,-0.19694876078438783,-0.4094445527002444,-2.0505549442747184,2.800925798216425,3.3657532742808582,-0.1632314626828002,,-0.09698087020660884,-0.2476049713181494,-0.12571145618022195,-1.45399180962279,-5.964420438719142,1.3666660079002746,3.5050615011297914,-2.044006293784717,5.060648740613494,-1.7844407703562548
2022-11-01,5.551975331737546,5.994038591386008,4.62422665714004,5.966289385903778,6.4207403186748335,5.757781818152741,4.003278971652358,3.806193955505077,4.4124080909334396,13.168086961522718,12.59385414858638,13.965086881066146,11.896351695097751,11.611555700422205,14.663526537039306,15.619164497231996,9.413290060872859,2.245339249608569,4.841812398739176,9.91527584059666,2.7568540554614884,3.4313508258360104,10.07666229575619,,7.532601229929448,7.539565767618206,0.6937863382431075,3.612219560795804,7.151069808209787,1.8470669716159627,6.14605131896917,13.162093329183456,1.4729292797607485,8.491865963730461
2022-12-01,-5.728802336695626,-3.302075636675872,-8.3638998601389,-5.468038033193478,-5.052564414985595,-6.0805923395791055,-6.679111373558433,-6.485862034668166,-7.056679047591685,-1.81289385320067,-0.1572668773763941,-3.335418588791228,-0.9122869656163934,-0.4385240953645786,-2.4873458989049024,-2.9236744214669153,-2.6174788410513683,0.011136850126391984,-0.7985068138792961,-2.4796520810115963,-1.155882258358687,-1.75695223542095,-1.3585552986556948,,0.9269808461288109,1.0065630832103212,0.11770956380610098,-1.488055387280085,-2.6200489721850406,-1.162971542147495,-5.034325058404132,-1.713331263605955,-2.7115187951924136,2.930648566594085
2023-01-01,6.272597826943471,2.785500534924612,10.384288109375749,9.260423834469279,11.359104083553051,7.159620323286653,9.509742970439117,11.948292401410377,7.337843061178706,9.003657165967848,8.195280597471456,9.3958908554862,8.25071045248591,8.436838983797767,8.929333461348833,8.641992612755821,7.083698643502712,1.7156984523363894,4.2317036043206135,7.687220536948414,2.7390508496150323,3.666991606510539,3.924828236270783,,4.292171728503824,3.5436598826130483,0.77611882441182,3.5811249806052547,7.643648028399275,1.9694885140324248,10.402502145326809,6.82147200124108,0.8924982100713352,5.759257431981046
2023-02-01,-2.5323926777855554,-3.2367299442964015,-1.424076723970491,-1.8729472920364976,-2.841869943724251,-0.8471176643055189,-1.2061072654957483,-1.7315552301121917,-0.9655195887060986,-3.0747782926411227,-2.1957951077444138,-3.743307521976391,-3.140326357250467,-2.1797722446995405,-6.919597196349003,-4.467969942096195,-3.597688025625423,-1.3472403302911773,-3.220204305785146,-5.814833778872341,-1.0199809005672633,-1.8851535532363073,-2.691849914433586,,-2.8628200591925834,-2.782417639108481,-0.8058810506465508,-3.2708044786406654,-4.85055491817551,-1.3065750536176202,-5.864284656211827,-5.480054846451699,-4.463211010146861,-5.367596391642193
2023-03-01,3.7264507856834994,-0.46181586853404344,7.762135596835917,-3.1565615935377433,-5.330894342599768,-1.1789959079493761,-5.223242447937326,-6.487030009993255,-4.036055403526495,3.129061108114617,-0.04119757967910864,6.213143433824042,0.489687664016647,0.15939882552638007,3.0411842636611564,2.6272023310730974,1.0834718323047277,1.48304735885747,3.1808391840596473,4.59471081231746,1.384073388805085,1.9843425284245875,1.6721733079503975,,3.824009379590776,3.1768827974256952,1.6479743892272802,3.721101538646243,4.83932494477477,2.858801917619025,-2.1554296439044607,-2.8030881225636572,-0.08417372561951852,7.916128247166143
2023-04-01,1.6006696049231772,1.7739323473678903,1.0383338150022015,-0.7834886100318461,-0.9924956247548078,-0.5174254594968564,-2.7921142712426628,-2.393449315188445,-2.9743488510699634,2.9362286041107133,3.4823809606463696,2.241677688655108,2.234919000064184,2.051200955389376,-0.43041574728344134,1.0301158452656223,1.1512447309357965,0.5273878311042646,0.7252772250078587,0.7039080047698487,0.31386997078739487,0.20206439056842385,0.27001175801697475,,0.5548301592342986,0.3606015572035215,0.24393784327505497,0.8147449623444158,0.33836357618919344,0.029896924270600422,0.31310077119492963,4.091705900272746,-0.7582200931766425,0.8623522653246951
2023-05-01,0.42377563295070697,-4.119234669471982,5.170003083746799,-3.2151543832920404,-3.6855157670204863,-2.8254329369648334,-1.6702210888464908,-3.6562495511180737,0.1874877454164814,-4.0070496431697915,-5.217042184344556,-2.745879713477417,-4.355686944213277,-5.51534350047257,-2.0584620254501695,-2.483670330846599,0.7064340535894775,-0.40262434416685755,-1.30360036169056,-2.863011401269755,-0.8081033755109601,-1.231376386375882,-1.1888032187920228,,-0.5568751708319941,0.7186336893213463,-0.37689866006457295,-1.438312106451578,-3.015314133501279,-1.2348162715573041,-3.961578861176329,-6.867158181436728,-6.4091620521748,-1.341989007892208
2023-06-01,6.597614789336492,6.133783832953732,6.910938533441757,9.176908843807464,9.68750152067237,8.743125256264527,8.199753637238661,8.50128984122096,7.8324564492446624,4.470054209707497,5.636094029846661,3.4197511529852287,3.0740908171684955,3.299965220129253,4.612245006205784,4.537927917656126,5.0598670344782715,-0.12537722441575694,0.013924358803230064,1.835890936697182,1.6653701416046163,1.7801492862622448,2.5027617995504903,,2.770287958848394,1.5916576266166826,-0.4945642015697804,-1.255272794697071,0.21714106187638027,-0.2150423313788008,5.62943861797347,2.186626713915052,2.9478426456255757,-2.221370606110007
2023-07-01,3.2464998685543867,3.4552923159329563,3.357370072974053,4.176236427837754,4.471199225754385,3.786664049461841,5.529363866720227,6.025847726785116,5.1509537273309425,2.703434857580622,4.311391310724866,1.226284472023642,3.9335386212952406,3.9690446472879337,5.964696484529575,6.689320371434038,6.494976028414268,0.6121783661097169,0.40365042310412935,-0.29418176758966297,1.0890125910143267,1.1156132906694038,1.7239801523234233,,1.836193080808024,1.4856879413224444,0.3041618247642264,-0.6516556089609327,-2.5442814370599365,0.04788111797766614,2.0344610097285276,5.697936667779779,8.72247028387363,2.288664235862692
2023-08-01,-1.6276104999601304,-2.380769428792595,-1.087309801224734,-2.9735764215101046,-3.8420241590295556,-2.0683391037327747,-4.165094034226923,-5.008920676465478,-3.483653565092981,-3.9349961245568,-3.2125322106191123,-4.721487285492487,-3.458392699917978,-2.9925493620583388,-6.069310828040509,-5.24125605414164,-2.032954672651577,0.08981316748712942,-0.6988535339846669,-2.04945663515097,0.33762796616849666,0.18363963983185627,-1.8458133855892678,,-2.4645937612653768,-3.247284193308031,0.4103233282213292,-0.7309171332150477,-3.142067851266672,-0.8201029855116171,-3.3778931696617387,-4.331461714708718,-0.36467509820943267,-1.2777635059315506
2023-09-01,-4.703982107072202,-3.280911696100086,-5.739191170818647,-5.227183108716371,-5.684833975650239,-4.890136102607023,-5.944342428647397,-6.29324153671833,-5.626809808230604,-3.648816433004054,-0.9714573342791355,-6.216031384837272,-4.579247779912643,-3.411708456298479,-2.9963342714503516,-0.32691396730561983,-2.3255769063870835,-0.5821156894367796,-2.6296971027070404,-5.437147036083456,-0.8505851034634748,-1.6135288363903322,-3.3282395704609002,,-4.4855838126899865,-4.181558193573142,-0.07893749172717124,-3.1388259794304374,-7.9511414413106385,-1.9211600646560023,-7.263763119403999,-4.207668224815453,1.5046835118443846,-4.760586113112197
2023-10-01,-2.2099012135227136,-2.6390159573966954,-1.762700425967756,-5.353907396246605,-5.95461631766927,-4.831134314395403,-5.7669976466608315,-6.35508021428588,-5.123997956673487,-2.9019089145518984,-3.4743597696404227,-2.6071857357637507,-4.710475654333068,-3.7410788778373782,-3.467116135524728,-2.721441691502313,-4.725282225859129,-0.10010783477630847,-1.6720588764222,-4.129402191549425,-0.6520859573410198,-1.043151817226251,-1.189013521496296,,-0.18533029422548308,-1.1197314882935627,0.3330402366851448,-1.9277220368483894,-5.463169469645535,-0.6771115909565362,-3.6214611670838392,-3.9558194668790736,-1.8028860527933288,7.372411557093361
2023-11-01,9.163209760859514,6.679560413399099,11.610791649340445,8.499998616798642,9.544895826775758,7.592742982577039,8.268666777553047,9.072398064877607,7.457233563555632,8.218767381865,6.944728629203523,9.625229003472091,8.82736889102853,7.791014164492038,8.07575578716484,6.911676009891843,9.323337590546888,2.394370429238424,5.952122993657594,11.230378832865217,3.575794426005041,4.88762615317071,6.237939246418023,,5.577935809842693,4.616726081399913,1.0519902297659645,4.554482535368987,9.923856695086819,2.7930380975166313,12.081730530799195,9.387528380916056,-2.447976477294167,2.531372564947043
2023-12-01,4.610967192635829,5.089997310263583,4.321178250652591,8.706917459366025,10.196366267290703,7.460788175203659,12.774237506538654,13.342665664695996,12.165499158597814,5.350987153176856,5.075007373301799,5.834381172892744,7.150818584801799,7.832662752569286,3.8772306760728847,5.187283217133931,3.848136219561993,1.8342054069494074,4.120071848986928,6.819619928058729,2.2741884664231105,3.192582022973034,4.5483189156319215,,2.8791701552178806,3.302216248383072,1.103430838942976,3.772259247560994,8.685790936781746,2.4782864334724986,9.44534629105056,8.144579270724673,-3.291286635868107,1.2821182352028115
2024-01-01,1.5849253009734499,0.8695473899335004,2.1584076365931404,-1.735521389196093,-3.200637712979948,-0.40393182907196845,-3.926081987344354,-5.452603470883,-2.6130710200921947,-0.451230022057203,-1.0748445456466693,0.2891139805127452,-2.568657651490458,-1.691463926027037,-4.21116032350154,-1.2782554848270289,-1.8508947463433678,0.3231382761627044,-0.04919969962288162,-0.7985107593399432,0.4736984265234945,0.11629732200384435,-1.2126366489477958,,-1.4990240154037715,-1.851856779722627,0.31689914047907664,0.07262039461961578,-2.245154758436174,0.306499022455875,-5.058861087984557,-4.578546184296273,1.3157883578200247,-1.4228180398366375
2024-02-01,5.204035843580224,3.335563360770455,7.065704112542326,5.860300399181595,1.8661053521909166,9.581746229921517,3.221156658085844,2.370460609796732,4.135555946060077,2.9862754805965785,1.1835384085582268,4.56090155940716,1.5586088072660376,1.1629723225622834,3.90092995151059,2.863529384391139,2.608388850720633,-0.4600253270039434,-1.4439226470461808,-2.7156520121649486,0.4740452770088943,0.3035380505275853,0.7841279089609188,,-0.21734760067581016,0.36070587732595083,-0.38750406898636625,-2.082659777582707,-2.2521967546214605,-1.0886057010255468,1.9787964622695942,-1.0088451991300595,-1.5226185311103313,0.45635480195191924
2024-03-01,3.321308420892377,5.168954801148651,1.363224666677465,5.625258143498568,5.528207913822647,5.711080980079419,3.2640170977220384,3.3827255151007707,3.186747637984544,3.3786410805101363,4.314489502875274,2.1957384517163003,3.395922697096121,3.4055090945967814,2.502980453483339,1.8258961362559445,1.0821031948712312,0.6627303542615426,1.2487767514493653,1.9508982867988856,0.9298396886177729,1.0898074921563694,1.9974121379817467,,-0.6646691127012438,-0.24880946965059048,0.3435541872092607,0.7332329236824808,0.7828580856717116,0.7144077566067608,1.95104059756126,4.747694955906745,4.456566281223617,8.668323846462611
2024-04-01,-4.049599640116286,-3.911352160089765,-4.177796592231986,-5.943377906565306,-6.112085307833992,-5.928771339826011,-5.546508528469629,-6.500593123469001,-4.689059707282772,-3.2431848552961884,-1.7095636044995866,-4.730701476016841,-3.4107153131194834,-2.177567230757216,0.0969040267775334,0.047791108224859435,1.0535311998422836,-0.6384423984872933,-2.3137595193823968,-4.918367033621718,-0.7991027026079678,-1.3512524527428127,-2.4119895656551926,,-2.248475413242601,-1.9124272400824815,-0.44167864804203205,-3.129773411615633,-6.4554527367456815,-1.6396781521368586,-7.944035340703781,-3.607027602019186,1.6107970298457452,2.989497307015121
2024-05-01,5.059073819024706,2.997018828441167,6.324662906330714,4.4635021757514215,4.781193413971208,4.123953337677322,5.038802872217207,4.558696258509065,5.481555544045835,5.060173815109548,5.236580749925102,4.975737919783585,5.492895463056113,4.4207555888222005,1.819930787933588,3.989496682243465,1.3283921563323586,1.0599672529728599,2.0264458059769286,2.9597113390182006,1.1432575432818837,1.6339580748144122,2.605208108795165,,2.277539456308686,1.8932008114853849,0.7195318848884247,1.8001239202204644,2.886990211190321,1.7600621725085253,4.559709284784197,2.6588014551904626,-0.29990763859105707,1.6189210429127243
2024-06-01,3.568666295135503,0.15308566780192212,6.782114015028795,-1.6732404963003766,-2.056899560101133,-1.2671211475224098,-2.37285019860094,-2.7053650380573613,-2.0177797365940386,-1.8267363096500122,-3.057224203111164,-0.6050042386496757,-3.1141800573207368,-3.088412180962441,2.770317477763129,0.9445119549802872,1.8373258111018087,0.5307532058379305,0.7296465835249677,0.31472245586186,0.5863591271302759,0.479339559057701,-0.23342721100660935,,-1.4259653255282,-1.1647393264655137,0.5442664117280005,1.217003022186569,1.817146528387381,0.7379427412487649,1.8755937918545351,-2.7098440703517412,-0.1719002334276798,-0.13469974027457976
2024-07-01,1.1128694161594455,4.7378557051201975,-1.7940568277552305,5.895434625348739,7.782490071912007,4.244690208774826,10.950668973061429,11.791915068274816,10.176753716650545,2.591596885513203,4.072400072105942,1.0361646152940551,5.1103162111511,5.359368061869829,0.7659298072391296,-0.43869985949456236,0.2945564352905494,1.565778369380899,2.572805123428634,3.2355481675263142,1.84720723706302,2.352230893267926,2.668571796272756,,2.31594813263154,2.3007919421560885,1.1796564903406637,2.897210743253442,3.6299296312748863,1.796747611143834,7.9393449425191776,5.003698036572257,-2.7980972498845347,5.367196334938273
2024-08-01,2.4271687011131693,2.880793477570376,2.2461149884184017,-0.12909401005564147,0.44156696370121207,-0.8274369245243385,-1.554841602211554,-1.379447326214478,-1.9293016764011628,3.2603264376507513,2.9528967898505787,3.966720019675929,1.867574103105163,1.7055894947788364,0.9640389398826832,2.017620054050484,1.0442190385546946,1.2146416544003058,1.6599578871418386,2.1900347763429417,1.3534351385742882,1.5474293943789297,2.266290227650769,,2.8654511055658416,2.523319982513361,0.8919614025137967,1.3457855369398253,2.111237348410633,0.7960157870926521,5.220671667298871,4.647897935780598,-2.081496706419206,2.092249026936499
2024-09-01,2.1730972142450566,1.5304363436998925,2.3525978746716802,1.0811266645812223,1.2388287020852484,1.1678271430034304,0.8388304475599684,0.9214970486888019,0.8976302074085174,0.7833110667140541,1.2317332429982786,0.176810285380391,2.5757565823777195,2.3359236018050122,5.416819980181242,2.437711235381901,3.0033870595942425,0.9829180169215856,1.590238367896868,2.7655652799483343,1.4272667537646555,1.6970533317949954,2.0145936568520817,,3.0927917773016844,2.889232226029237,0.7731972806233722,1.3825079820585895,1.9994052434339382,1.527751187952564,3.269665665131405,5.226549190634899,0.7236571314352291,5.088851491253266
2024-10-01,-0.9673918555488381,-1.3805436233739976,-0.2630738066410232,-0.6739340052004383,0.04044736387582848,-1.3814990160747609,-2.599173465483595,-1.7555287092444694,-3.555802191723567,-5.273217451202827,-4.60628800636016,-6.326063061012066,-6.26292316418936,-6.285316701336463,-3.117933471532619,-3.9536473815492967,-3.668286686576694,-0.9335871493275527,-2.496026522663508,-4.393512357444029,-0.4655571999106378,-0.963597737487687,-2.441135648435311,,-4.458599642172967,-3.9261525753549464,-0.6238118705931051,-3.38738380603969,-5.454859632714182,-1.846673191017123,-3.3566058429665757,-6.9281554609968765,1.4369065928183655,4.299348742370923
2024-11-01,5.922224530792253,5.640095136596646,6.84476455289762,8.885278454165002,8.862295653450158,8.934489804307844,11.06916368520292,10.768645007761734,11.149936134805927,-0.31557275813671737,-0.23687834225359916,0.26775676895698375,0.8194048552793154,0.5717780793739635,-2.355259939173815,-1.868953531273665,-1.236786800585521,0.6449854460407467,1.378136597614965,2.5551047025970997,1.3695164933824833,1.644533046618113,1.8254551723088985,,-0.4871595955059371,-0.7036554839452203,0.2960669921807657,1.0209106404460044,1.9872030393653706,0.49085266538253514,4.259182446169119,-0.5726157094471662,-1.9920335207353812,-3.124136460320792
2024-12-01,-2.3671312943151612,-6.372717463884381,0.4486013480034634,-7.174224235313986,-6.719964334777828,-7.726201706453873,-8.090097182735967,-6.8652248043103,-9.249368550991022,-2.950170727234136,-2.5226610702481445,-3.5717658587268386,-3.1672943886446925,-2.06095976557632,-1.766162940837701,-1.9103961458443952,-2.176573448714081,-0.10996258288660243,-1.5736139882510325,-4.483734581551402,-0.4198648352109702,-0.7802335762140733,-2.2281878684250023,,-2.2362916918300946,-1.6353167657227052,0.2504228703181566,-2.2583724478561384,-6.381015161502967,-1.5243018973949973,-8.37219896743071,-4.066347837749207,1.7227284610399352,-1.4088486936242095
2025-01-01,2.71454971365781,4.370942151375146,1.9271766833517168,3.7554283399853006,3.7772044651587233,3.7061598180026856,2.7946562086764493,1.712560922325812,3.885652354341107,4.800954644816291,4.554991185025248,5.112051676371165,2.9794276048906276,1.8744963194306852,1.474533463918326,1.827598968592059,-2.68317653050969,0.589664378070287,0.6602536791514568,0.4145413708920742,1.3142585864403644,1.3604425652661956,1.6958780856717093,,1.947194491176929,1.4962633217242782,0.3781739972293918,0.6165567967038488,0.4924011058763167,1.2388900406520964,1.6502231570540093,1.4155628068746484,2.759587731841817,6.785607873643396
2025-02-01,-1.2602216280537704,0.809282713814663,-3.016600340802278,-4.284619742673634,-3.0922277909298357,-5.546141767564839,-5.614658674206696,-5.395146616970726,-5.8237964699616285,2.953059852977624,4.447678304584679,1.0512774797680757,0.5115053675718961,1.5125683529671585,0.8492100780651546,0.024249599703307645,-1.6436859915321733,0.8837395698257255,1.9294962147965,3.431686080183205,0.8458272180377202,0.9702771246027142,2.1318572157629223,,0.9428773964763382,1.1738989075799067,0.7352182262841955,2.7996876666047665,5.697097606830015,2.1414895966221925,3.6996041106633015,0.49850865731748684,0.1365542193477065,1.8216241876358952
2025-03-01,-5.593169384231089,-2.4587883246514064,-8.484780330717923,-5.445471220689935,-4.373111907108084,-6.368562900882302,-6.172956029344445,-6.389185766394945,-5.80753626082855,0.18386428088510431,2.8621292246231222,-2.7710146786377066,1.0337068122794113,1.8025927274739395,0.9917751113865725,3.040279436610782,-0.07188450300245064,0.4057823835284635,0.008589232482481002,-1.4245517739198243,-1.1645419413211067,-1.085833175462425,-1.1501021128279887,,1.337858192196828,1.0793231141507764,0.4406902756233455,0.3419709071652566,-1.2047044958756747,0.7304646243707413,-2.5877983643638913,0.3472251128741721,2.2727313461619714,9.446585889998316
2025-04-01,-0.7011946287027171,-3.623943884184966,2.0144512376233603,-2.467864995108693,-4.610384012110524,-0.3722416878009227,-4.245959351977035,-5.806309558221113,-2.84336740295551,3.695090868179385,3.4272120073754575,4.359993685101982,4.674966051066054,4.590918384216636,0.37057003024418833,-0.2614073534490169,2.823236380205052,0.6725696950974358,0.41625372640277103,-1.3844298704734248,0.14197260481176865,0.1171946449138872,-0.255014499011863,,3.1053805416692004,3.283506093155175,0.8126265369587493,1.0560786562252789,-1.3604504358105785,0.1455608461965241,-2.4409021142169474,6.030648202459821,-8.57778632599584,5.424437277239913
2025-05-01,6.127687273846583,2.949303830510419,9.212532200903834,5.499918425013517,4.623058861178531,6.170908538291742,5.233202609923104,4.269220787924399,6.026781716486296,4.7905551108621935,4.396330088983258,5.203150518744826,6.2105219120975885,5.316524364081054,4.652021161706599,4.26495335518946,7.275270051170368,0.2433496774614019,0.3130220271643447,-0.12404343868248624,1.5216350009287893,1.7532174798531086,1.1634922797781222,,1.3843823917029097,1.2147823829328885,-0.2546398818964457,-1.239570919752342,-3.210622684760256,-0.7376088276552673,1.1207892374081485,2.9603649005983446,1.507046323581207,-0.055957769465042606
2025-06-01,5.182597526443322,3.6873074524860883,6.23682261192724,3.6245282289107505,3.8684135217850413,3.454853960629145,4.100192120469304,4.3774044786255795,3.972184435434123,2.3962238024168636,1.9240076183754118,3.0153673730391795,4.454529997846368,5.339109904494976,7.187949815299377,4.820414131893647,6.433785159236982,0.8972898792624306,1.8773241060857204,2.9990411109535264,1.6278489269252239,1.8385243210983226,2.688606056272569,,3.2250030328854873,3.140963637403482,0.5850792131994353,1.6019479285861005,2.6640455785035932,1.0376310244097908,0.6884924618748345,4.482690924552957,4.4540337874050095,0.40513189855819753
2025-06-01,,,,,,,,,,,,,,,,,,,,,,,,,,,,,,,,,,
2025-07-01,2.254788762643556,0.16973517329152976,3.8275678045667227,1.6284995426973925,0.8658342864724,2.253234788355707,0.9058506674538336,1.3770337280078593,0.48858172076233775,-2.091965335904966,-0.23628990775469427,-4.035713620521264,-0.3714803611214901,0.3727869921852145,0.49975900310441634,-0.4857689955180988,-1.2336137352118803,0.0883502046288287,0.09806557801346205,-0.21308085436687607,0.34738885067455705,0.13577920890990303,0.6830146401685333,,-1.411232904346027,-1.3122046450883218,-0.09200538699873917,-0.5939429319832823,-1.1396641530677876,0.09407185313450306,0.08982882336876497,-2.0151716061956204,2.9344342392092937,-0.6134551059805871
2025-08-01,2.113710884431508,3.4907447034658867,0.7557399878717952,3.3793602534622824,4.604891910233455,2.2358423192201604,7.036622153357186,8.61589748618583,5.445424354498307,4.524685594639322,5.731876964457827,3.2564209122677434,4.36402815840744,4.8149607551688955,2.9172866432245925,2.1965911610052125,3.5753173378669123,1.1230394204788663,1.3128726353873965,0.7135960319246681,0.9557923934958357,1.1053205198931382,1.7964700802278077,,2.5226379435332014,2.2077230840012785,0.8875489198776787,1.6481566903520317,0.012715950003094889,1.576646785919178,3.4776784348980128,4.157451641720011,-1.0690501750062142,4.987462468746839
2025-09-01,3.5470852915089557,2.3018055675883,4.688174293637237,0.47722046833604814,-0.07682517236546893,0.992584987608014,1.0476511383717524,1.4177358773098447,0.6001841028749899,2.0660281648544387,1.2992939857500385,2.6130776659509802,1.5217722324053717,1.3742411252207098,6.168463373671695,1.5845198028128449,2.366614424543978,0.4398011650389666,1.2251399255245987,3.292313308656225,0.784396222170769,0.8859761781874864,1.5706685791128105,,1.1258125199859137,1.1536556413366483,0.2877133714214386,0.6511361567265617,3.5909515222742217,0.4435163617848348,0.05764087390061068,1.3588138539810668,1.4407972239687483,11.758415768627128
2025-10-01,2.3801092160734116,-0.3914438344458815,4.011606952374502,-0.5056596743817532,-1.456987308023261,0.21901031597080234,-0.8667806321122962,-0.3526494052705442,-1.3215377325578315,1.1995309776580587,0.8993068910450486,1.5630542115930401,-0.6647624500965565,-1.8991370550149655,3.564925034593114,-0.0869763220597286,1.531424129178105,0.32648802969643675,0.31748206508466215,0.12802472672099885,0.06506453571133441,-0.01112418075663868,1.9757953902901138,,0.4175993450340698,0.46105913093787976,0.3337140440172748,0.7112474945630831,1.3810995539704551,0.33495095930160534,-2.450227841805852,-1.2568097528081967,1.5534844102449874,3.5586670754335525
2025-11-01,0.24079754807975196,2.540913494703445,-1.6057123582166044,2.1715533816080157,3.2543292159482595,1.3215395737499414,2.6061156722271717,2.8675226515827434,2.4708108412352603,0.7408225774436117,2.6738626331614945,-1.3920086951147104,1.6533390183247842,2.320520554377792,-1.713782947644782,1.4798675401311856,-0.7976623606390842,0.5740742860910197,0.9962366233641662,0.8211487751003332,0.562558894327303,0.7463549381289791,0.4966153724557998,,1.447646981642281,1.4009604460354819,0.4388447588790312,0.9881334338084358,0.2723324352378098,0.15631323872993264,2.4220589199663856,1.4425151739636766,0.7867126314085038,5.367817567023114
2025-12-01,0.07064476798392949,0.78722878316273,-0.505504996947026,-0.0204275975798085,0.30874766708890444,-0.2912344100588937,-0.10903929096685028,0.7874241727469311,-1.0554444955341968,2.710468633341412,3.9307774626078373,1.4763133727177635,2.0319099874473556,2.5495320971888003,1.9187376157298486,1.2119155194479259,1.1318140459219528,0.3294168307388379,-0.1676022815368161,-1.5256320017456138,0.6904635874384057,0.492584656098205,0.3163656958356631,,1.401704653322633,1.459626756683119,0.2947543522550111,-0.7611651968292166,-2.658605059554353,-0.5604139921512208,-2.2362570361350365,0.4163583149993544,0.22788157681672416,2.173350667644791
2026-01-01,1.473139896150255,4.586623287242686,-1.2934015353541994,4.0454558706844335,4.004856480130714,3.9430260104001302,5.699784782861306,6.489625794453824,4.739320203341579,4.9047169480886055,5.50342214506192,4.389045330187291,5.468849856274316,4.950004343692127,7.944055041572229,6.16571240946866,6.727911240043327,0.4013616600726744,0.2387929541851852,0.4746141918769098,0.5365139802825603,0.6077079569988486,0.31160256185045476,,1.859013034862489,1.852298444590894,0.2052407498463804,-0.22879654446271713,-0.03442355952009146,0.5662476782720693,2.610468704123381,4.58114848850526,9.257601244724079,12.273224230545976
2026-02-01,-0.8129275952535542,3.759694547926884,-4.29445105679026,4.106584261986157,2.4039104322160165,5.868918006747026,2.1018658292597525,1.4038042064955292,2.9692107915438637,4.60591677592288,5.866745230917458,3.439289740637008,4.830621446830774,4.963538593516348,5.788319278619114,4.335547290491526,4.276594143403023,0.5604822961264189,1.315476841392571,1.8533124894180908,-0.21237350832238322,-0.0012363248598323828,1.6274124448586003,,1.5699664350032672,1.4643337970013492,0.5318051155603021,2.469974915092732,4.633747909936736,1.1636623605387975,5.385468864330467,5.778057023598682,2.7425299546639748,8.720077925273873
2026-03-01,-4.9944911442629465,-4.8129936336248065,-5.120103352732208,-5.318584010061267,-5.143029469500327,-5.523058584913921,-4.00427607513506,-3.37210008578267,-4.800914542255352,-7.828811494838861,-6.782847749081544,-9.462644802604691,-8.527759721229145,-8.48865092202381,-9.132363682269451,-3.5046554775431837,-7.882817240059148,-0.8257297842537037,-1.9747164134792938,-2.9004973461306705,-0.4868584046050062,-0.953617385239891,-3.490294778071823,,-5.137892842698832,-5.027932712858963,-0.4665205371961023,-2.32018504376702,-4.230055400364796,-1.2615906550873857,-6.313944980977471,-12.344702099294668,15.338646705009683,-11.051161024305555
2026-04-01,10.541784462021674,5.392454043805173,14.247119450086988,7.75951231423766,7.40376835782699,8.040148514889056,10.288803797283673,9.151531271496061,11.595604530221104,5.3433582024111415,4.3577611988409926,6.940820106985601,6.606291610455983,6.098166574442621,12.530463645017086,5.494058223249709,11.101468456663932,0.3760856787648148,0.5388003840956834,0.33080419867348443,1.4551334842104913,1.5206654101669548,2.487285748589918,,2.3669292130197306,2.377454016768765,0.19072344856867485,-0.15034436712182409,-0.8396401375638463,1.079632095226124,8.602041093464363,6.254215369136107,7.426596068635027,-1.5408224107347213
2026-05-01,5.259873859037922,2.4518886976398147,7.731159236754426,2.5147770716436035,-0.06323635191777255,4.930549866198031,1.1378439182277766,1.0828532126387236,1.1455793367417755,2.423777677425387,1.3532722695420718,3.551644332038406,3.46931670341617,1.8966067504553097,6.3447587008126805,5.227019591984061,1.0928926815186646,0.26715899492864015,0.3950303463687854,1.5440949553296557,0.3912908185462305,0.4364502203647147,1.0902647632609952,,0.7749020373337023,0.8379182913224925,0.0766144798567403,-0.019008579259716107,0.5333797089321912,0.20915825799074916,-0.6540106099049425,-2.583106568976601,-5.209005850040571,-1.5436926989543909
2026-06-01,-1.2036747314784657,3.3772445797239925,-3.754994654353805,3.6221655278814158,4.240011765937091,3.1271492551235403,7.282804519376396,5.001935936048807,9.508986118936335,0.6906855473918005,-0.07052337185975421,1.6913093409779423,-3.552383236977774,-3.2660126673034306,0.04247519255267118,-1.1642947552344074,-1.7151876333536986,0.17363906620810887,0.1708912432790477,0.23308640725050456,0.15822396297071606,0.08636898798102255,0.43426834400785985,,0.3100183137267676,0.7359956817480917,0.06459223065589104,0.2512377874138716,1.165935257040096,-0.47695743500354437,1.6509252817094922,-2.5211908057584442,-9.565806440342628,-11.684884638695337
2026-07-01,0.19094828984367318,0.926905125659383,-1.0912496494853818,-2.386206656362222,0.07446057911923987,-4.782981060920877,-1.9216444552907497,-0.5267676327887605,-3.3034764578080855,1.636508107994561,5.656425903383067,-2.403148937287014,1.9812871633924756,2.840431110410613,-6.313370302681786,-0.1673176260569842,-8.130186083236302,-0.15492878459579806,-1.2852579594117897,-3.895444250714042,-0.04505013863320695,-0.15200729958642079,-1.436898417599719,,0.2124717957042277,0.35352704407265456,0.1563395904269793,-1.3887327686581852,-4.473758262804994,-0.7192023321055618,2.613291128374229,2.6309929661572973,10.465119773052688,0.8578108529844419
2026-08-01,2.135091610895512,2.3823621577031107,2.312208088340517,1.461413780489318,0.11498794179944927,2.806578000297999,0.6255935386489719,1.1400321538897584,0.08686112213331931,1.6764506652487965,0.6676569409805655,2.734085223157745,2.5029778735741193,2.379021811905546,4.432421613648874,1.6014908717563392,7.386691674855617,-0.012722126534014944,-0.19690334469980586,-0.2361413723987127,0.11862214768805224,0.5866249662037415,0.010558320778875085,,1.4996096859897223,1.4325898765213507,0.02438615008097944,0.3972750890522958,0.5126930887854098,-0.0766594773733198,-0.3537124658065105,-0.7386490584501471,5.636671661825865,11.76723911697306
